:0200000400FFFB
:1000000060C1E0C2FEFFFF982000FF98060300C316
:10001000FF0080C2AE03FF980804FF90BE6F01028C
:1000200006302630463000C2CC0320C2FF0040C05C
:1000300000C1842880C802CE444440862400608ADF
:10004000EEFF00C2C60320C2FF0000C1842880C8A2
:1000500002CE444440860002608AEEFF00C180C2A6
:10006000280000C2FF0000C800C2E00402CE80C227
:100070002C0000C2FF0000C800C22C0502CE80C2C6
:10008000300000C2FF0000C800C26C0502CE80C272
:10009000340000C2FF0000C800C2280602CE80C2A1
:1000A000380000C2FF0000C800C2040702CE80C2B0
:1000B000640000C2FF0000C800C21E0D02CE80C254
:1000C000680000C2FF0000C800C2240D02CE80C23A
:1000D0006C0000C2FF0000C800C27A0D02CE80C2D0
:1000E000700000C2FF0000C800C25E0E02CE80C2D7
:1000F000740000C2FF0000C800C27E1602CE80C29B
:10010000780000C2FF0000C800C2B01802CE80C252
:100110003C0000C2FF0000C800C27C0702CE80C2C3
:10012000400000C2FF0000C800C27C0802CE80C2AE
:10013000440000C2FF0000C800C2820902CE80C293
:10014000480000C2FF0000C800C26C0A02CE80C294
:10015000A00000C2FF0000C800C2D82102CE80C2A9
:10016000A40000C2FF0000C800C2FA2102CE80C273
:10017000A80000C2FF0000C800C2202202CE80C238
:10018000AC0000C2FF0000C800C2462202CE80C2FE
:10019000B00000C2FF0000C800C26C2202CE80C2C4
:1001A000F00000C2FF0000C800C2865602CE80C226
:1001B000F40000C2FF0000C800C2865702CE80C211
:1001C000F80000C2FF0000C800C2045802CE80C27E
:1001D000FC0000C2FF0000C800C2085902CE80C265
:1001E000000100C2FF0000C800C25E5A02CE80C2F9
:1001F0007C0000C2FF0000C800C2926402CE80C230
:10020000800000C2FF0000C800C2040F02CE80C2FE
:100210002C0100C2FF0000C800C2A21A02CE80C298
:10022000040100C2FF0000C800C26A3902CE80C2C9
:10023000C80000C2FF0000C800C2982402CE80C2DD
:10024000CC0000C2FF0000C800C2FE2402CE80C263
:10025000D00000C2FF0000C800C2DC2402CE80C271
:10026000D40000C2FF0000C800C2BA2402CE80C27F
:10027000080100C2FF0000C800C2006202CE80C2B6
:100280000C0100C2FF0000C800C2D86202CE80C2CA
:10029000100100C2FF0000C800C2863802CE80C232
:1002A000140100C2FF0000C800C2943902CE80C20F
:1002B000180100C2FF0000C800C29C3A02CE80C2F2
:1002C0001C0100C2FF0000C800C2C63A02CE80C2B4
:1002D000200100C2FF0000C800C2F83A02CE80C26E
:1002E000300100C2FF0000C800C2162802CE80C242
:1002F000340100C2FF0000C800C2902502CE46387B
:100300002638063804F6063000C010EE000210EE63
:10031000020210EE040210EE060210EE1C0210EEB5
:10032000320200C2010110EE00A300C2EA0710EE83
:1003300002A306C010EE04A31CC010EE06A300C268
:10034000BC0310EE08A300C2FF0010EE0AA3FF9842
:10035000F00FFF987A03FF98C81BFF981A1CFF98AC
:100360005467FF98506EFF989222FF984C2BFF988D
:100370004630FF98B81B063804F60630063400C332
:10038000E00080C2682400A0008668240E8802C0B5
:1003900010EE1C0201C010EE3C020C8C01C010EEED
:1003A0001C0205C010EE3C02063C063804F6426F03
:1003B0006F74696E67206B2F4F530A00506861732A
:1003C000652034392B0000C2FFFF84F460A0006672
:1003D0007000F008104410842288100211842288D2
:1003E00011021284228812021384228813021484B8
:1003F0002288140215842288150216842288160287
:100400001784228817021F022630863480180000C5
:1004100020C000C3DF0080C020A800840A8800D06C
:1004200021042144008EF0FF0228863C263804F681
:1004300000C3DF0080C000D004F6263046302028FC
:1004400040C000C180C2230220842E88010600C261
:10045000300000D04144008E24002084008A1E0019
:10046000022846300634FF982E69063C463820465E
:100470003000010680D041442028008EDCFF801827
:10048000000000C3DF0080C040840C8820A800D09A
:1004900021044154008EF0FF4638263804F62630F9
:1004A000463040282428F00A2F642A846688204693
:1004B0003700048C2046300000C3DF0080C080D0AD
:1004C00024282F642A84668820463700048C20461E
:1004D000300000C3DF0080C080D04638263804F6E4
:1004E000063086C6000000C112A600660800063865
:1004F000208A0C0000C3DF0080C000D000C004F4DC
:10050000063286340635A6C6000020C130C6380241
:100510002EA72480288840C3DF00C0C040D0FF98A9
:10052000EC28063D863C063A00C004F4008E00002C
:1005300086C6000000C112A600661800008A1807CF
:10054000463086C6000000C10EA650C638020480A0
:100550000888FF98E80C008EE8FFFF98360C688842
:10056000FF98B60C008EDAFF463804F4063486C6CF
:10057000000000C112A600660800063C208A3A006E
:10058000263086348018000020C000C3DF0080C001
:1005900000F820A800840A8800D021042144008E9D
:1005A000F0FF10C63202EE0800860100228800FA31
:1005B0000228A0C1863C263804F606328634063569
:1005C0000019000020C0A6C6000020C110C63802D5
:1005D000AEA70680248861C0028C60C000C3DF0023
:1005E00080C000F840A80084008A2200608402884D
:1005F00000D02630663006340635FF98EC28063DDC
:10060000063C6638263841042144008ED6FF10C6C9
:100610003202EE0800860100228800FA0228A0C1FA
:10062000063D863C063A04F6063486C6000000C144
:1006300012A600660800063C208A40002630863458
:100640008018000020C000C3DF0080C000F820A890
:1006500000840A8800D021042144008EF0FF0AC0E3
:1006600000D0214410C63202EE0800860100228824
:1006700000FA0228A0C1863C263804F606328634E9
:1006800006350019000020C0A6C6000020C110C613
:100690003802AEA70680248861C0028C60C000C307
:1006A000DF0080C000F840A80084008A2200608437
:1006B000028800D02630663006340635FF98EC28D4
:1006C000063D063C6638263841042144008ED6FF9C
:1006D0000AC06084028800D0263066300634FF9855
:1006E000EC28063C66382638214410C63202EE0853
:1006F00000860100228800FA0228A0C1063D863C3F
:10070000063A04F60632863480180000402820C0DD
:100710002630FF9830052638602860860D00008A54
:10072000460060860A00008A3E006086080016883F
:100730002480408ADAFF0628FF98E004A0D1210433
:100740002144008ECAFF2084008AC4FF2106215460
:1007500008C0FF98E00400C22000FF98E00408C031
:10076000FF98E004008EA8FF0AC0FF98E00460C074
:10077000A0D10228A0C1863C063A04F6063086C6FF
:10078000000000C112A60066080080280638063264
:100790008634682A6084008A020061C0202840C034
:1007A00000F800C180C2230220842E88010600C206
:1007B000300000D04144008E28002084008A2200AE
:1007C0000228463066300634FF982E69063C6638AB
:1007D000463820463000010680D041442028008E53
:1007E000D8FF6084208A34008018000000C3DF0036
:1007F00080C0642860840C88A0A880D02104615443
:10080000008EF0FF10C63202EE080086010022883A
:1008100000FA0428A0C1863C063A04F624280019F0
:100820000000A6C6000020C110C63802AEA7068090
:10083000248861C0028C60C000C3DF0080C0408497
:10084000008A200040A86084028800D00632063466
:100850000635FF98EC28063D063C063A4104415413
:10086000008EDAFF10C63202EE08008601002288F0
:1008700000FA0228A0C1863C063A04F6063086C675
:10088000000000C112A6006608000638208A4E004B
:1008900026304630402800C3DF0080C000F804281E
:1008A000EC08F008FF9846090428EC080F64FF984C
:1008B00046090428EE08F008FF9846090428EE08C7
:1008C0000F64FF98460910C63202EE080086010048
:1008D000228800FA04C0A0C14638263804F6063241
:1008E000863406354028A6C6000020C110C638024E
:1008F000AEA70680248861C0028C60C000C3DF0000
:1009000080C000F80428EC08F008FF985809042873
:10091000EC080F64FF9858090428EE08F008FF98C7
:1009200058090428EE080F64FF98580910C63202CF
:10093000EE0800860100228800FA04C0A0C1063D2E
:10094000863C063A04F60A84468800463000048C49
:100950000046370000D004F60A844688004630007E
:10096000048C004637006084028800D04630663030
:1009700006340635FF98EC28063D063C66384638B6
:1009800004F686C6000000C112A600660800208A90
:100990004C0026304630863400C3DF0080C000F8AB
:1009A00030C61C0220860100168820C3FF00A0C2AA
:1009B000640A20A940840C8800D12104008EF2FF33
:1009C0004CC000D110C63202EE0800860100228819
:1009D00000FA00C0A0C1863C4638263804F606322C
:1009E00086340635A6C6000020C100C24C0020A2F5
:1009F000C02800C24E0020A2402940C2001900C0F9
:100A000040D041044154208AF6FF40C2520000C049
:100A100030CA10C63802AEA70680208A3A0000C34A
:100A2000DF0080C000F830C61C0220860100168856
:100A300020C3FF00A0C2640A20A940840C8800D112
:100A40002104008EF2FF4CC000D110C63202EE0825
:100A500000860100228800FA00C0A0C1063D863C45
:100A6000063A04F61B5B324A1B5B48000630263010
:100A700086C6000000C112A60066080026380638A7
:100A8000208A50004630663050C61C024086010065
:100A9000008A360000C3DF0080C000F85BC000D1D0
:100AA00040C25B0000D1FF98580B40C23B0000D110
:100AB0000228FF98580B40C2480000D110C63202ED
:100AC000EE0800860100228800FA00C0A0C1663846
:100AD000463804F6463066308634A6C6000020C18B
:100AE0000084028801542084028821546028F20E78
:100AF000F20E626840C25200B0CB50C63802AEA7B8
:100B00004680208A46000144214450C61C0240868B
:100B10000100008A360000C3DF0080C000F85BC01F
:100B200000D140C25B0000D1FF98580B40C23B008F
:100B300000D10228FF98580B40C2480000D110C6CF
:100B40003202EE0800860100228800FA00C0A0C12F
:100B5000863C6638463804F660C040C000866400B3
:100B60006A88005664004144008EF0FF4084088883
:100B70004046300000D161C040C00A8468880A54F1
:100B80004144008EF4FF40842488608406884046F7
:100B9000300000D10046300000D004F6EE08008698
:100BA0000E00008A2E0000861000008A38000086A1
:100BB0008100608A420000868B00408A3A0000561D
:100BC0008000463066300635FF988228063D66383C
:100BD000463804F6463066300635FF989427063DC1
:100BE0006638463804F6463066300635FF98C82722
:100BF000063D6638463804F6EE0830C60402214445
:100C000020663F0090C606022880008A2600B0C6F3
:100C1000040220C1A046802720D030EE040230C656
:100C20003E0220840E88A22820C100C02ACE00C027
:100C300010EE3E0204F610C6040230C60602028020
:100C4000148800C180C2802708AA214420663F0082
:100C500030EE060204F484F4FF98360C6888FF989E
:100C6000B60C008EF2FF04F40630063206348634E9
:100C7000063530C60802A22820C12ACE0E2A20CE70
:100C8000162A22CE60C1E0C2FEFFFF98921310C662
:100C9000080200860008008A1800A02820C120A6AB
:100CA000E02822A66029063D863C063C063A063826
:100CB00000FCFF90F214A63700F8FF98360C408A2B
:100CC0001800A639063010C63202EE080086010070
:100CD000228800FA0638A0C104F610C6080210EEF9
:100CE0003E0206C0008E80FFA63700F800C0008ECE
:100CF00076FF06302630863430C63E0220841688C1
:100D0000A22820C12AA600860600248800C02ACE78
:100D100000C010EE3E02863C2638063804F606C6B1
:100D2000040004F4A63700F8063006320634863490
:100D3000063510C60802A02820C10E2A20CE162A89
:100D400022CE3CA601443CCE60C1E0C2FEFFFF982B
:100D5000921310C6080200860008008A1800A02816
:100D600020C120A6E02822A66029063D863C063C3C
:100D7000063A063800FCFF90F214A63700F8063059
:100D8000063206348634063510C60802A02820C173
:100D900072A702C02ACE38CFAEA70628FF988E1BB6
:100DA0000628FF984A15608A560010C60802A02837
:100DB00020C132A600661800008A0C00FF98761148
:100DC00000C2000810EE08020628FF98861560C1D0
:100DD000E0C2FEFFFF98921310C6080200860008CA
:100DE000008A1800A02820C120A6E02822A6602999
:100DF000063D863C063C063A063800FCFF90F2149D
:100E0000CA2A40C10428FF98BE1500C04ACE00C0BF
:100E10005ACE10C60802A02820C1FF98761100C241
:100E2000000810EE08020628FF98861560C1E0C28F
:100E3000FEFFFF98921310C6080200860008008A81
:100E40001800A02820C120A6E02822A66029063D7F
:100E5000863C063C063A063800FCFF90F2140084FB
:100E6000228804F4A63700F80630063206348634A9
:100E7000063510C60802A02820C10E2A20CE162A48
:100E800022CE3CA601443CCE72A710C6000204400C
:100E900028CE01C02ACE60C1E0C2FEFFFF989213A7
:100EA00010C6080200860008008A1800A02820C189
:100EB00020A6E02822A66029063D863C063C063A8C
:100EC000063800FCFF90F21446300635CA2A40C1AD
:100ED0004EA70428FF988E1B0428FF988615042827
:100EE000FF984A15408A0E0058A6FF98BE1500C00C
:100EF0002ACE00C03ACEAC2A20C1FF987611063D1A
:100F0000463804F600F846306630863406350084EC
:100F1000008A9C0050C60802A42820C12EA7048085
:100F2000008A8C00FF980415408A8E00CA2A40C1AE
:100F30004AA760C040860200208A020061C0408645
:100F40000500008A880052A740660400208A7400C9
:100F500050C60802A42820C132A740660200208A99
:100F60000A0056A72EA64080208A58006184008A75
:100F70000A0042C04ACF40C2FFFF58CFAC2A20C16E
:100F8000FF98C80EC0C2800840C140C23E00CAA738
:100F9000608602002888AC2A20C1FF98C80EC0468F
:100FA00080004154208AE6FF00C0A0C1008E2400CA
:100FB00000C2FDFFA1C1008E1A0000C2E4FFA1C162
:100FC000008E100000C2F6FFA1C1008E060000C214
:100FD000F5FFA1C1A63750C63202EE0C40860100D3
:100FE000228800FAA639063D863C6638463804F663
:100FF000063026308634063520C1A0C2000820C243
:101000003F0003C02ACEA04680002154208AF4FF6E
:1010100000C010EE0C0210EE100210EE1A0210EEDC
:10102000380210EE3A0220C1A0C2000800C2FEFF42
:1010300020CE00C022CE00C024CE26CE28CE00C0B6
:101040002ACE00C02CCE2ECE30CE32CE34CE36CEEE
:1010500038CE3ACE3CCE3ECECA2AC046600040C111
:1010600000C2690040D0C14400C2640040D0C14405
:1010700000C26C0040D0C14400C2650040D0C144F1
:1010800000C040D000C2000810EE0802063D863CB9
:101090002638063804F626304630863420C1A0C2F1
:1010A000800820C23E0043C02AA604801088A046C3
:1010B00080002154208AF0FF00C0A1C1088C00C02C
:1010C0002ACE0A2AA0C1863C4638263804F62630A5
:1010D000463086344028A0C2800820C120C23E008D
:1010E0002AA600860300068822A604801088A0464F
:1010F00080002154208AE8FF0428A0C1048C042821
:10110000A1C1863C4638263804F62630463050C603
:101110003002EE0C414422C00228FF98CE106E88A7
:1011200021442480608AF0FF00C0A1C1048C022801
:10113000A0C14638263804F62630463006348634B8
:10114000802800C130C60C0220842A88482A06CF95
:1011500050EE0C020C8CA22820C126A706CF482AEC
:1011600026CF50C61002414450EE1002863C063C89
:101170004638263804F6063006320634063532A6DE
:1011800000661800008AC400AEA660C2500038A2F3
:101190000084008A0E0000868008608A72000A803F
:1011A000208A120000C010EE380210EE3A02FF98BA
:1011B000F20C008E5A00C02840C150C058A20A80CC
:1011C000008A0C00C0284154208AF0FF008E4000A5
:1011D00038A258CA10C638020280208A1C0058A2C1
:1011E000802800C10EA610EE3802FF98F20CA63639
:1011F000A82AFF986826A63820C110C63A020280A5
:10120000208A0C0058A2802800C10EA610EE3A02D7
:1012100060C24C0038A2802860C24E0038A200296B
:101220008084008A0400FF980E1D00C060C2500038
:1012300038CA60C24C0038CA60C24E0038CA60C2A8
:10124000240038CA32A60066E7FF32CE2EA60084FC
:10125000008A08008634FF986021863C10C60C0284
:101260000084008A3000802800C1C82A40C106A638
:101270000A800A8880288C80208AF2FF188C26A693
:1012800006CE10C60C020A802C8826A60A80228868
:1012900000C010EE0C0203C02ACE00C026CE063DD0
:1012A000063C063A063804F62630463086340635C3
:1012B000FF989610408ACC00A02820C110C61602C4
:1012C00022CE10C6180224CE00C02CCE30CE32CE94
:1012D00034CE38CE3ACE3CCE3ECE28CECA2AC046F8
:1012E000200040C140C2300040C8C2444154208A5E
:1012F000F6FFC0C2400240A80084008A2000122BE2
:101300008A2A804660005FC040A800D000840E8812
:10131000C14481444154208AEEFF00C000D010C671
:101320001A0236CE10C6100201442ECE10C6160286
:101330004029C0C2F0FF00C2800040C8C0C2F2FF16
:1013400010C6140240C8C0C2F4FF10C6120240C842
:1013500000C0C0C2DCFF40C8C244C086F0FF608A43
:10136000F4FFC0C00A2A40C8C4C010C6100201441D
:1013700040C800C2DCFF20CE0A2AFF9838110A2A92
:10138000A0C1048C00C0A1C1063D863C4638263869
:1013900004F626304630863410C60802008600085F
:1013A000288850C60C022428088CA02820C126A713
:1013B0002428A22820C12AA6008600000A88A6A602
:1013C00024801088008EEAFF30EE0802863C463802
:1013D000263804F620C2000830EE0802863C463863
:1013E000263804F6063006320634863470C600020B
:1013F00020C2800840C23E0020C1A2282AA6008642
:101400000100308828B6062808500066008024882D
:1014100000C02ACE204680004154208ADCFF863C52
:10142000063C063A063804F60630863466A60066A0
:101430007000F008E00820C3FF00A0C24014209410
:10144000501450145014501450145014501450147C
:10145000863C06380630063206348634063510C619
:101460000802A02820C10E2A20CE162A22CE3EA68F
:1014700001443ECE20C2220028A2004C28CA60C1EE
:10148000E0C2FEFF10C6000230C63C02024010EE71
:10149000000210C60202004C10EE020230C6040226
:1014A000214420663F0010C606022080148800C335
:1014B000DE0080C000A000840888FF989C0B008E8E
:1014C000DAFFFF98E413FF98921310C60802008613
:1014D0000008008A1800A02820C120A6E02822A623
:1014E0006029063D863C063C063A063800FCFF9023
:1014F000F214E0C2FEFF60C101C010EE320200FA39
:10150000008EFCFF0084008A3A00263046304028D6
:10151000A0C2800820C120C23E002AA60086030087
:1015200006882EA604801488A04680002154208AB4
:10153000E8FF46382638A0C020C184F40428463885
:10154000263804F4A0C020C184F426304630402858
:10155000A0C2800820C120C23E002AA60086040046
:1015600026883AA604801688A04680002154208A46
:10157000E8FFA0C020C104284638263884F4042897
:101580004638263804F42630463086344028A0C237
:10159000800820C120C23E002AA6008603000A88D7
:1015A00036A60480248800C036CEA0468000215490
:1015B000208AE4FF0428863C4638263804F60632A2
:1015C00006346028A0A622A704298228924480C954
:1015D000824420C2800080C80628063C063A04F6F1
:1015E000063446304084008A7A00408601FE408AF4
:1015F0007200FF980A11408A740010EE160210EE75
:1016000014024638063C10C616024029C0C2000229
:1016100000A040C88244C2444254208AF2FF00C263
:10162000000210EE120201C010EE180200C010EE0F
:101630001A0200C180C2400230C020A800D000843D
:10164000008A0E00A14481442154208AECFF00C08E
:1016500000D0FF98A812408A1E0020C1A02846C0D2
:1016600032CF04F44638063C00C2FAFF84F4463810
:10167000063C00C2FCFF84F400C2FBFF84F4A637E2
:1016800000F8063006320634863406356EA600842D
:10169000008ACC00008601FE408A180172A60086EE
:1016A0000200608ABA0000864000408AB20070A63C
:1016B000EEA6A0C10240408AA600FF980A11408A07
:1016C000460110EE160210EE140272A6002970A652
:1016D000802810C616022029A0C20002EEA600A88B
:1016E00020D08144A1442154208AF2FF00C200028C
:1016F00010EE120201C010EE180206C6040010EE31
:101700001A02FF98A812408A5201A02820C12EA6D2
:1017100072CE00C2800074CE10C60802A02820C17C
:101720000E2A20CE162A22CE3CA601443CCE60C111
:10173000E0C2FEFFFF98921310C608020086000860
:10174000008A1800A02820C120A6E02822A660292F
:10175000063D863C063C063A063800FCFF90F21433
:1017600000C2F9FF72CE00C2810074CE10C608021A
:10177000A02820C10E2A20CE162A22CE3CA6014443
:101780003CCE60C1E0C2FEFFFF98921310C6080273
:1017900000860008008A1800A02820C120A6E028A2
:1017A00022A66029063D863C063C063A063800FC27
:1017B000FF90F21400C2FAFF72CE00C2810074CE14
:1017C00010C60802A02820C10E2A20CE162A22CE3A
:1017D0003CA601443CCE60C1E0C2FEFFFF989213DC
:1017E00010C6080200860008008A1800A02820C140
:1017F00020A6E02822A66029063D863C063C063A43
:10180000063800FCFF90F21400C2FCFF72CE00C24A
:10181000810074CE10C60802A02820C10E2A20CE56
:10182000162A22CE3CA601443CCE60C1E0C2FEFF97
:10183000FF98921310C6080200860008008A18005C
:10184000A02820C120A6E02822A66029063D863CCB
:10185000063C063A063800FCFF90F21400C2FBFF7B
:1018600072CE00C2810074CE10C60802A02820C12A
:101870000E2A20CE162A22CE3CA601443CCE60C1C0
:10188000E0C2FEFFFF98921310C60802008600080F
:10189000008A1800A02820C120A6E02822A66029DE
:1018A000063D863C063C063A063800FCFF90F214E2
:1018B000A63700F80630063206348634063572A69E
:1018C000FF980415408ADE00CA2A40C136A626C603
:1018D00004000280208A220172A6FF984A154C88D3
:1018E0000A2A30C608020280208A620110C6080255
:1018F000A02820C14AA600860200008A4E0000C22D
:10190000800074CE72A63ACE04C02ACE0E2A20CE13
:10191000162A22CE3CA601443CCE60C1E0C2FEFFA6
:10192000FF98921310C6080200860008008A18006B
:10193000A02820C120A6E02822A66029063D863CDA
:10194000063C063A063800FCFF90F21458A672CE08
:1019500000C2800074CEAC2A20C1FF98761110C658
:101960000802A02820C10E2A20CE162A22CE3CA68C
:1019700001443CCE60C1E0C2FEFFFF98921310C646
:10198000080200860008008A1800A02820C120A6AE
:10199000E02822A66029063D863C063C063A063829
:1019A00000FCFF90F21400C2F9FF72CE00C2810069
:1019B00074CE10C60802A02820C10E2A20CE162AF6
:1019C00022CE3CA601443CCE60C1E0C2FEFFFF989F
:1019D000921310C6080200860008008A1800A0288A
:1019E00020C120A6E02822A66029063D863C063CB0
:1019F000063A063800FCFF90F21400C2F8FF72CEDF
:101A000000C2810074CE10C60802A02820C10E2A90
:101A100020CE162A22CE3CA601443CCE60C1E0C2B4
:101A2000FEFFFF98921310C6080200860008008A85
:101A30001800A02820C120A6E02822A66029063D83
:101A4000863C063C063A063800FCFF90F21400C2C1
:101A5000F7FF72CE00C2810074CE10C60802A02823
:101A600020C10E2A20CE162A22CE3CA601443CCE0E
:101A700060C1E0C2FEFFFF98921310C60802008604
:101A80000008008A1800A02820C120A6E02822A66D
:101A90006029063D863C063C063A063800FCFF906D
:101AA000F21400F8463066308634063500860400AD
:101AB000408AA40050C60802A42820C1AEA750C680
:101AC00036020084008A440040840A884680008AE6
:101AD0002400008E8C0070EE3602B2A6206E10003C
:101AE000B2CE0630FF98162A06384A88AEA630EEE7
:101AF0003802FF98F20C20C2240028CA80C000C31C
:101B0000DD0000C800C0A0C1008E66004084008ACD
:101B10003E004680208A5400B2A62066EFFFB2CE77
:101B200020C2240000C028CA10EE36022EA630C6FD
:101B3000380202802888FF989427008E060000C093
:101B4000FF98AE1B10C60802A02820C1FF98442AA7
:101B500000C0A0C1008E1A0000C2FDFFA1C1008E0E
:101B6000100000C2F5FFA1C1008E060000C2F6FF02
:101B7000A1C1A63750C63202EE0C40860100228871
:101B800000FAA639063D863C6638463804F626300B
:101B9000063430C6360220802E8820C030EE360251
:101BA00080C000C3DD0080C8063C263804F680C033
:101BB00000C3DD0000C804F600C010EE360280C08D
:101BC00000C3DD0000C804F6063001C010EE260296
:101BD00010EE2E0200C010EE2A0210EE2C0210C6EB
:101BE0001C02008601001A8800C2000110EE2402C7
:101BF00000C23F0010EE300200C2FF0010EE2802CB
:101C0000148C00C2200010EE24021FC010EE30021F
:101C100001C010EE2802063804F60630263001C056
:101C200020C0FF983A1C01C010EE2A0200C2DAFF61
:101C300010EE2C022638063804F646300634002909
:101C400080C040C2E0FF00CF41C002CF50C004CFEF
:101C500086CE40C2DAFF08CF40C2164B0ECF804678
:101C6000100040C2DAFF00CF42C002CF40C004CF14
:101C700040C006CF08CF063C463804F6063286340C
:101C8000063520282086DBFF408A74002086040069
:101C9000428824C042284164408402882144FF983D
:101CA0005A1D7088FF98741F408A5400FF985A1D6F
:101CB000408A4C0020A76428625060860A0064882D
:101CC000FF98A01DFF98061E22A7406E010022CF9C
:101CD00050C6080240840C88063400C184280EA730
:101CE000063C028C40C024CF20A74046060070C6A8
:101CF0002C02645070EE2C02261E0000A0C1068C3F
:101D000000C2FCFFA1C1063D863C063A04F626301F
:101D100046308634302B282A20560600A228A2A658
:101D20004228406601004084008A20002066FEFFB1
:101D3000A2CE20A74046060030C62C02244030EE3A
:101D40002C02FF984A1E00C0A0C1068C00C2FDFFF5
:101D5000A1C1863C4638263804F64630063410C603
:101D60002E020084008A2E00002980C004A740842F
:101D700016882029A42820A74280568828A74084B6
:101D80000688A428008EEEFF06A70428EE08008E21
:101D9000D0FFA0C1048C00C0A1C1063C463804F6A7
:101DA00046306630063420A7A2A7261E0000082A67
:101DB00002408028042802500056060000CE062863
:101DC0000066020002CE00C004CE26A606CE28A6DB
:101DD00008CEA0CE06280066FDFF22CE102AEE080F
:101DE00026CE082A28CE122B88C000A00056060056
:101DF00000C810C62C020056060010EE2C02063C4D
:101E00006638463804F64630663006340635122BFE
:101E100080C004A76A2A4680288828A704CF008E9D
:101E20001E00522BC42848A76A2A46800A8840848C
:101E30000E88C428008EEEFF26A746CF28A748CFDD
:101E4000063D063C6638463804F6463066300634B1
:101E50000635122B80C004A74084008A22006A2A1B
:101E60006480608A2800522BC42848A74084008AD6
:101E70002C006A2A4680408A2400C428008EEAFF8B
:101E80004A2A04CF40C026CF28CF008EDC00722A19
:101E9000EE0EA6CF28CF4A2A04CF008E620046A7B6
:101EA00026CF48A728CF522AEE0C46CF4A2A48CF41
:101EB00040A7404606006C2A64404A2A4680208A91
:101EC0003E0040A7A0A746404046060040CF26A7B8
:101ED00046CF28A748CF22A7406602004084088842
:101EE000C2A7606E0200C2CF08A74046060008CF16
:101EF00050C62C024046060050EE2C02C0180000CE
:101F000022A7406602004084208A5E0020A7404647
:101F100006006A2A64406086F0FF408A4C00522B1B
:101F2000C62842A76428606601006084208A3A00BF
:101F3000A0A740A7644060460600A0CFC6A7A6CFD2
:101F4000C8A7A8CF42A74066020040840888A2A77D
:101F5000606E0200A2CF08A74046060008CF50C618
:101F60002C024046060050EE2C02063D063C663828
:101F7000463804F60632063430C62802EE0A50C649
:101F80002602EE0C2480008A660040C240002480B5
:101F9000608A5C0070C62E02EE0E60841688648033
:101FA0000C88062986C080A1EE0E008EECFF41440D
:101FB000008EDAFF042820C0FF983A1C70C62E025B
:101FC000EE0E062986C080A0EE0A208406886228CC
:101FD000008EEEFF00C930C62A02214430EE2A02EC
:101FE00030C62C022046DAFF30EE2C02A0C1068C4F
:101FF00000C2FCFFA1C1063C063A04F60632863454
:1020000006350084008A8C006028282A502A24681B
:1020100020842A880628FF987C1C008E7C00302BA8
:10202000282A20560600A228A2A6422840660100BF
:102030004084008A5E00A0A626806688A0C1008E2B
:10204000580006340628FF987C1C408A3A00063D5A
:10205000342B2C2A20560600A22820A78636C63606
:1020600040840E88C0A880D0C14481444154008E71
:10207000EEFFC638863806348C2A142BFF980E1DC6
:10208000063CA0C1008E1200063C00C2FCFFA1C1AC
:10209000008E060000C2FDFFA1C1063D863C063A47
:1020A00004F670C62A02EE0E20C0462840840A8834
:1020B0002046DAFF4154008EF2FF10C62C02205059
:1020C00040C010C62E02EE080084008A2C00202991
:1020D000A0C024A60084008A1800522BC02840A665
:1020E00040804288402848A600840688C028008E88
:1020F000ECFF26A6EE08008ECEFF10C62C02A0C173
:1021000004F610EEF00320C040C010C62E02EE0808
:102110000084008A46002029A0C0522BD0C042A6CD
:10212000006601000084108844A670C6F003068093
:102130002688214440A6404042A600660200008452
:10214000208A100040A6004606006C2A6040C6287F
:10215000008ECAFF26A6EE08008EB4FFA0C104F6CA
:1021600010EEF00310C62E02EE080084008A600014
:1021700010EEF2032029A0C0522BD0C042A6006668
:1021800001000084008A240044A670C6F003068083
:10219000208A1800461E0000FF980E1D10C6F2038C
:1021A0002029A0C0522BD0C0008ED0FF42A60066CE
:1021B00002000084208A100040A6004606006C2A17
:1021C0006040C628008EB4FF26A6EE08008E9AFF57
:1021D00004F610C62C0204F60632863400F8FF9886
:1021E0007C1CA63730C63202EE0A20860100228807
:1021F00000FAA639863C063A04F626304630863484
:1022000000F8FF980E1DA63730C63202EE0A20866F
:102210000100228800FAA639863C4638263804F6A2
:1022200006328634063500F8FF98FC1FA63730C604
:102230003202EE0A20860100228800FAA639063D05
:10224000863C063A04F68634063500F8FF98A2204C
:10225000A637063010C63202EE08008601000638A6
:10226000228800FAA639063D863C04F686340635F7
:10227000063000F8FF980221A63710C63202EE0899
:1022800000860100228800FAA6390638063D863C01
:1022900004F600C180C2000420C2800000C000D04B
:1022A00001042154208AF6FF04F646308634402883
:1022B00020C1A0C20004A6A620660100008A160064
:1022C00028042A2A20868004608AEAFF00C2FBFFD5
:1022D000A1C1008E100020CF20C0A2CEA4CE21C06C
:1022E000A6CE0A2AA0C1863C463804F68634009C55
:1022F0002C00408A2200A2A62084208A120020C03E
:10230000A0CEA2CEA4CEA6CE00C0A0C1008E0A0050
:1023100000C2F9FFA1C1028CA1C1863C04F600866F
:102320000004608A2000202820868004408A16004D
:1023300020282764208A0E0020C1A028A6A6206697
:102340000100028804F400C2FDFF84F446306630C8
:1023500086340635009CC6FF408A5200A0A6208421
:10236000E08A0C002154A0CE00C0A0C1008E400025
:1023700030C6080240C1C22840C020C2200048CB5D
:1023800022A740842A884C2A22CF24CF008E100016
:10239000A4A700C186284C2A20C2200008CB24CF45
:1023A00020A7415420CF00C2F6FFA1C1028CA1C1D9
:1023B000063D863C6638463804F646308634063597
:1023C000009C5AFF408A4E00A2A62084008A3A0050
:1023D00040C1C22820C2200048A322CF40842488C4
:1023E00040C024CF40C048CB20A7414420CF52A7B3
:1023F000406601002688009C2600088C52A7406693
:10240000FEFF52CF40C04ACF068CA0A62144A0CEEA
:1024100000C0A0C1028CA1C1063D863C463804F62E
:1024200040A6C2A62229A02800C032CE00C2800049
:1024300034CE04F610C6080220C1A028B2A6206E31
:102440000100B2CE05C02ACE0E2A20CE162A22CEF8
:102450003CA601443CCE60C1E0C2FEFFFF9892134F
:1024600010C6080220C1A02820A6E02822A66029C4
:1024700004F6463040280428009CD0FE608A1000F4
:102480000086F6FF208A0C00009CA8FF008EE6FF65
:10249000463804F6463804F600F82630009C0AFE5A
:1024A0002638A637063010C63202EE080086010034
:1024B0000638228800FAA63904F600F82630009C77
:1024C0002AFE2638A637063010C63202EE080086ED
:1024D00001000638228800FAA63904F600F82630F2
:1024E000009CD6FE2638A637063010C63202EE080B
:1024F000008601000638228800FAA63904F6A637BD
:1025000000F80630063206348634063572A6009C82
:102510003AFE608A14000086F6FF008A180072CE28
:1025200000C2810074CE008E480072CE00C28000CE
:1025300074CE008E3C0010C6080220C1A02805C041
:102540002ACE0E2A20CE162A22CE3CA601443CCE0C
:1025500060C1E0C2FEFFFF98921310C60802008619
:102560000008008A260020C1A02820A6E02822A674
:10257000602930C63202EE0A20860100228800FA65
:10258000063D863C063C063A063800FCFF90F214F5
:1025900006328634063500F8A6C6000020C1B2A671
:1025A000206608002084208A9E0000C20019FF983F
:1025B0007C1C408A8A0000190000A6C6000020C1C9
:1025C0004018000000C060C2800C00C802046154C2
:1025D000208AF6FF0C2A20C24C0028CA142A20C2E6
:1025E0004E0028CAB2A6206E0800B2CE00C020C29B
:1025F000520028CA10C638020084008A0C00FF98D6
:10260000162A408A1400008E0A002EA610EE380208
:1026100010EE3A02A0C1008E3400A42820C1B2A658
:102620002066F7FFB2CE00C020C24C0028CA20C2EC
:102630004E0028CA40180000FF980E1D008E0800AA
:1026400000C2FCFF008E040000C2F6FFA1C1A63745
:1026500030C63202EE0A20860100228800FAA6392E
:10266000063D863C063A04F600C3DF0080C010C673
:102670001C0200860100008A40001BC000D000C27E
:102680005B0000D000C2330000D000C24A0000D07E
:102690001BC000D000C25B0000D000C2320000D0DE
:1026A00000C24A0000D01BC000D000C25B0000D0B6
:1026B00000C2480000D0008E04000CC000D000C250
:1026C0004C0020A2C02800C24E0020A2402920C0F9
:1026D00060C2FFFF40A841040084028862282144B0
:1026E00020860019608AECFF00C24C0020A2C0289E
:1026F00000C24E0020A240296086FFFF008A5000E1
:1027000040C0608650006A88605650004144008E88
:10271000F0FF4144242840C060C040A84104008428
:10272000248800C2200000D0614460865000608A86
:10273000E8FF41444280588810C61C020086010010
:10274000008AD4FF0DC000D00AC000D0008EC8FFA0
:1027500010C61C0200860100008A360040C25200EA
:10276000B0A34628EC0C41440628EE08014406308C
:102770003BC080D020C25B0080D00428FF98580B5B
:1027800020C23B0080D00638FF98580B20C248007A
:1027900080D004F610C638020084008A2800FF9812
:1027A0000415408A200020C2500028A20084008A1C
:1027B0001400A02820C1B2A6206618002084008A38
:1027C0000400FF98EC2904F610C638020084008A41
:1027D00042006028FF980415408A380050C020C28B
:1027E000500028A20084008A2A00C02840C14EA6BA
:1027F0000680008A0E00AC2A342B4154008A140053
:10280000008EDAFFB2A6206618002084008A040039
:10281000FF98EC2904F606328634063500F8402885
:10282000A6C6000020C1B2A6206602002084008A4D
:1028300020000428FF980415408A1E00B2A62066D6
:1028400018002084008A1A00FF98EC29A0C1008E8D
:10285000160000C2F6FF008E0C0000C2E4FF008EDE
:10286000040000C2FDFFA1C1A63730C63202EE0A45
:1028700020860100228800FAA639063D863C063AE9
:1028800004F60184608A62004028415410C63A026E
:102890000084008A54002028FF980415408A4A00CA
:1028A00032A6006608000084008A3E0070C04084A2
:1028B000008A26006084008A300000C2500020A2F6
:1028C0000084008A2400A02820C12EA60280008A4D
:1028D000180041546154008ED4FF32A600661800DF
:1028E0000084008A0400FF98EC2904F68634EE0880
:1028F00020C25200A8A30D84008A78000A84008AAE
:102900007A000884008A92000784008A96000630C4
:102910004628EC0C0628EE08F20C2428E00CE00C0B
:102920004240404020C24C00A8A22440C22820C2FD
:102930004E00A8A24229063840D00628EE080144DD
:1029400000865000608A220000C04628EC0C4144FA
:10295000408650006888FF98AE2940C24F00642826
:10296000F20EF20E6068008E3A00606600FF60684A
:10297000008E3000606600FF008E28004628EC0CB8
:102980004144408650006888FF98AE2940C24F00FD
:102990006428F20EF20E008E0A000628EE0800846B
:1029A0000288615420C25200A8CB863C04F620C2A3
:1029B0004C0028A2C02820C24E0028A2402940185E
:1029C00000005F045F04520460C2B01840A800D049
:1029D000010441046154208AF2FF00C060C250002B
:1029E00000D001046154208AF6FF04F62EA610EEF2
:1029F0003802FF98F20C32A6006610002C8800C046
:102A0000FF98AE1BFF98682604F620C2240028A277
:102A1000FF98AE1B04F64A2A10C63802FF98041528
:102A2000408A180060C2500038A2008422880A2A16
:102A300038CBA42820C138CAA0C104F6A42820C1DC
:102A4000A1C104F660C2500038A20084008A32009E
:102A50000A802E8800C010EE380210EE3A02008E76
:102A60001C00C02840C150C058A20A800C88C02851
:102A70004154208AF2FF008E040038A258CA00C0D8
:102A800038CA04F630C61C02208601000E88008673
:102A90000008408A280040C230000A8C00860002EC
:102AA000408A1A005CC02028E00AEC0A244022294F
:102AB00000667F00EA08E008A02800C004F400C215
:102AC000E0FF84F4009CBCFF408A160040C2000175
:102AD00020A000C8A24482444154208AF2FF00C0D2
:102AE000A0C104F6009C9CFF408A160040C2000171
:102AF00000A020C88244A2444154208AF2FF00C0B2
:102B0000A0C104F600860001408A1A002028E00ACD
:102B1000EC0A2046FC00222900667F00EA08E00853
:102B2000A02800C004F400C2E0FF84F4009CD4FF9D
:102B3000408A160040C2000120A000C8A24482447E
:102B40004154208AF2FF00C0A0C104F610C61C0246
:102B5000EE0800860200208A0E0001C0009C4AF7A1
:102B6000408A060010EE340204F4D20240280634F3
:102B700010C63402009CFAF8408A1C00063C042867
:102B800021C0009C4E004028A63710C63402009C8D
:102B900028F8A639042804F6063C00C2E0FF84F4B5
:102BA0004028063410C63402009CC6F8408A1C0037
:102BB000063C042822C0009C1A004028A63710C6F4
:102BC0003402009CF4F7A639042804F6063C00C23F
:102BD000E0FF84F420C3DA004C2A4056E002F00CF7
:102BE000E20CE20CA4C020C9A6C020C840C0A8C006
:102BF00020C9482AAAC020C9502AACC020C941C057
:102C0000AEC020C9A0C0A0C8B0C020A140860000AE
:102C1000248800C004F400C2E0FF84F46630063467
:102C2000063010C61C02EE0800860200208A5400FE
:102C300010C63402009C3AF8408A48000638063C28
:102C40000634063020C3DA00A4C020C8282AAAC04F
:102C5000A0C8302AACC0A0C821C0B6C0A0C8B0C0AF
:102C600020A1463010C63402009C4EF74638063884
:102C7000063C663840860000248800C004F400C288
:102C8000E0FF84F40638063C663800C2FDFF84F499
:102C9000063010C61C02EE0800860200208A4000A2
:102CA00010C63402009CCAF7408A34000638063049
:102CB00020C3DA00A4C020C822C0B6C0A0C8B0C0DB
:102CC00020A1463010C63402009CEEF64638063885
:102CD00040860000248800C004F400C2E0FF84F4B1
:102CE000063800C2FDFF84F4063410C61C02EE084C
:102CF00000860200208A480010C63402009C72F749
:102D0000408A3C00063C063420C3DA00282AAAC0C8
:102D1000A0C8302AACC0A0C823C0B6C0A0C8B0C0EC
:102D200020A1463010C63402009C8EF64638063C80
:102D300040860000248800C004F400C2E0FF84F450
:102D4000063C00C2FDFF84F40630063410C61C02A7
:102D5000EE0800860200208A520010C63402009C51
:102D600010F7408A4600063C06380630063420C379
:102D7000DA00282AAAC0A0C8302AACC0A0C8AEC0B9
:102D800020C824C0B6C0A0C8B0C020A1463010C61C
:102D90003402009C24F64638063C06384086000083
:102DA000248800C004F400C2E0FF84F4063C063826
:102DB00000C2FDFF84F4063410C61C02EE08008633
:102DC0000200208A480010C63402009CA4F6408A03
:102DD0003C00063C063420C3DA00282AAAC0A0C85A
:102DE000302AACC0A0C825C0B6C0A0C8B0C020A1C1
:102DF000463010C63402009CC0F54638063C40867A
:102E00000000248800C004F400C2E0FF84F4063C03
:102E100000C2FDFF84F40630063410C61C02EE0822
:102E200000860200208A520010C63402009C42F63E
:102E3000408A4600063C06380630063420C3DA00D5
:102E4000A4C020C8282AAAC0A0C8302AACC0A0C8E4
:102E500026C0B6C0A0C8B0C020A1463010C63402FB
:102E6000009C56F54638063C06384086000024880B
:102E700000C004F400C2E0FF84F4063C063800C23F
:102E8000FDFF84F40630063410C61C02EE080086EE
:102E90000200208A520010C63402009CD4F5408AF9
:102EA0004600063C06380630063420C3DA00A4C0CB
:102EB00020C8282AAAC0A0C8302AACC0A0C827C0F1
:102EC000B6C0A0C8B0C020A1463010C63402009CD5
:102ED000E8F44638063C063840860000248800C0E6
:102EE00004F400C2E0FF84F4063C063800C2FDFF93
:102EF00084F46630063410C61C02EE080086020018
:102F0000208A6C0010C63402009C66F5408A60007E
:102F1000063C063420C3DA00282AAAC0A0C8302AFA
:102F2000ACC0A0C828C0B6C0A0C8AEC0A0A0B0C0E9
:102F300020A12630463010C63402009C7CF446386E
:102F40002638063C663840860000208A04000228A5
:102F500004F440860800268800C2E4FF84F440861A
:102F60000900268800C2FDFF84F400C2E0FF84F45B
:102F7000063C663800C2FDFF84F466300634063035
:102F800010C61C02EE0800860200208A5C0010C6F3
:102F90003402009CDCF4408A50000638063C0634BB
:102FA000063020C3DA00282AAAC0A0C8302AACC044
:102FB000A0C8AEC020C829C0B6C0A0C8AEC0A0A0DE
:102FC000B0C020A12630463010C63402009CEAF37F
:102FD000463826380638063C663840860000248885
:102FE000022804F400C2E0FF84F40638063C663888
:102FF00000C2FDFF84F4663010C61C02EE08008695
:103000000200208A380010C63402009C64F4408A12
:103010002C0020C3DA002AC0B6C0A0C8B0C020A1CE
:10302000463010C63402009C90F34638663840861D
:103030000000248800C004F400C2E0FF84F4663875
:1030400000C2FDFF84F420C1A0C2600240C2C000E3
:1030500000C020C8A2444154208AF6FF00C010EEF0
:10306000EE0300C2FF0010EE7A0200C22C2B10EE1D
:103070007C0200C2FF0010EEBA0200C2C42A10EEA9
:10308000BC0200C2FF0010EEBE0200C2E42A10EE35
:10309000C00200C2FF0010EEFA0210EE3A0310EE7A
:1030A0007A0310EEBA0300C26C2B10EEFC0210EE95
:1030B0003C0310EE7C0310EEBC0300C2FF0010EED8
:1030C000FE0210EE3E0310EE7E0310EEBE0300C2C1
:1030D000A02B10EE000310EE400310EE800310EE64
:1030E000C003009C960500C0009C2E0001C0009CFF
:1030F000280010C61C02EE0800860200208A180074
:1031000002C0009C140003C0009C0E0004C0009C80
:10311000080005C0009C020004F6663060C2FFFF94
:1031200070EEE40360282028F20AE00AE00A204654
:10313000600240C1C2285AA6DCA640284268008A24
:10314000D0012029A22800C180C200BC00C0209E5E
:10315000408AC60110C6FEBD008655AA208AC2015B
:1031600010C636BC00864641208AB60110C638BC5F
:1031700000865431208AAA0110C63ABC0086362047
:10318000208A9E0110C63CBC00862020208A920125
:1031900018C60BBC38C60CBCEA0A026842CE18C678
:1031A0000DBC44CE10C60EBC46CE48CE10C616BCD2
:1031B0004ACE18C611BC38C612BCEA0A2068CECE68
:1031C00058C610BC4084008A58014384408A52018A
:1031D0004AA64184008A0200E00848A704404CCE79
:1031E0002F44F00A024050CE18C613BC38C614BC97
:1031F000EA0A02680084208A0E0010C620BC30C68D
:1032000022BC52CED4CE068C52CE20C0D4CED4A670
:103210002084208A3C0052A6D0A60250C4A6218455
:10322000008A32002284008A10002484008A100060
:103230002884008A1200008E1C00E208008E16000E
:10324000E208E208008E0E00E208E208E208008EC2
:10325000040000C2FFFF56CE20C0D8CE00C232000C
:10326000C0CA18C625BC0066010041D600C180C294
:103270002BBC20C22200C81A00004BC000A820D0DE
:103280008144A1444154208AF2FF4CA600C180C26F
:1032900000BC009C9600408A6E0040C00428F208E2
:1032A000E008004600BC00C1802880A82066FF001E
:1032B0002084008A52002086E500008A42008B4468
:1032C00080A82066FF0020860F00008A320020665A
:1032D0000800008A2A000428F208E008004600BC22
:1032E00000C1802820C22200C81A00004BC000A8DC
:1032F00020D08144A1444154208AF2FF008E08006E
:1033000041445084608A94FF01C040D600C0A0C1EF
:10331000168C00C2DFFFA1C10E8C00C2E0FFA1C16C
:10332000068C00C2FDFFA1C1663804F6DAA65CA7D0
:10333000A228A468008A08002229A428209E04F656
:1033400000C2DFFF84F4DEA640C2200050A3A22802
:10335000A468008A08002229A428209E04F600C23E
:10336000E2FF84F400C180C200BC00C020C20001A2
:1033700000C882442154208AF6FF04F430C61C029F
:10338000EE0A20860200208A22000056020020C396
:10339000DA00A4C020C843C0A0C020C9B0C020A18A
:1033A000408600002688AEC020A004F400C2E0FFE2
:1033B00084F40584608A460020C201FF0280408AAE
:1033C0003C00202840C23800D01A000020860104AA
:1033D000468840C22000048C40C2000120C9F00C85
:1033E000042842284046FF00EA0CEE0C4084228864
:1033F00041C0044001440280408A020004F400C23B
:10340000FDFF84F46630063560C2FFFF70EEE40312
:1034100000860000008A4A0200860600408A3802C0
:10342000602806342028F20AE00AE00A20466002FA
:1034300040C1C22860860100208A380020C20008EE
:1034400048C00BC070C61C02EE0E608601002888C2
:1034500020C2000242C005C061C00630263000C252
:103460003800C01A000020C22000A0C82638063844
:10347000008E2E000628009C02FF408A0C00009C53
:1034800030FF408A1000008E1800063C00C2E0FFAA
:10349000A1C1008EE001063C00C2DFFFA1C1008E89
:1034A000D401063000C23000C01A0000A0CE22CFE6
:1034B000063824CEA6CF009CAAFE00C2EB3C10EE3C
:1034C00000BC00C2900018EE02BC00C24B0018EE17
:1034D00003BC00C2310018EE04BC00C2360018EE76
:1034E00005BC00C22D0018EE06BC00C24B0018EE51
:1034F00007BC00C24F0018EE08BC00C2530018EE13
:1035000009BC00C2200018EE0ABC00C018EE0BBCBB
:1035100002C018EE0CBC01C018EE0DBC01C010EECC
:103520000EBC01C018EE10BC00C23800C01A00006A
:1035300020A018EE11BC2028EA0AEE0A38EE12BCD0
:1035400000C23000C01A0000A0A638EE13BC02284A
:10355000EA0818EE14BC00C2F80018EE15BC22A749
:1035600050EE16BC00C2800018EE24BC00C2290038
:1035700018EE26BC10C6000218EE27BC2028EA0A66
:1035800038EE28BC10C6000200465A5A18EE29BC74
:103590002028EA0A38EE2ABC863C00C180C22BBC37
:1035A0000BC020A900D1A14481440154208AF2FF1C
:1035B00000C2464110EE36BC00C2543110EE38BC99
:1035C00000C2362010EE3ABC00C2202010EE3CBCF7
:1035D00000C255AA10EEFEBD00C180C200BC00C0F2
:1035E000009C62FD408A8400009C78FD00C2F8FFC8
:1035F00010EE00BC00C2FFFF10EE02BC00C180C292
:1036000000BC01C0009C3EFD408A6000009C54FD4F
:1036100000C23400C01A0000A0A142C046805A88EF
:1036200000C180C200BC04284630009C18FD46380A
:10363000408A38004144008EE2FF009C3E0000C2F8
:103640003600C01A000020A0009CCEFA408A20005C
:1036500000C0A0C1008E1E0000C2DFFFA1C1008E0D
:10366000140000C2E2FFA1C1008E0A00008E060015
:1036700000C2FDFFA1C1063D663804F600C2FFFF8F
:1036800010EEE00310EEE40310EEE80300C018EEC5
:10369000E20304F418C6E2030084008A2C00063515
:1036A00018C6E3030066FF00FF98D25B408A220041
:1036B00010C6E00300C180C200BE009C88FC408AA6
:1036C0000C00063D00C018EEE20300C004F4063D05
:1036D00084F4063D00C2E0FF84F406302630009CEE
:1036E000B2FF408A24002638063810EEE00338EE98
:1036F000E30300C180C200BE009C30FC408A100081
:1037000000C018EEE20300C004F42638263804F6A0
:1037100000C2FFFF10EEE00300C2E0FF84F4402887
:10372000EE0CE00CEC08C8A6204010C6E0030280B6
:10373000288818C6E3030680108802282628463009
:10374000009C96FF4638408A0A0000C180C200BE35
:1037500010A204F484F4263006304028EE0CE00C6D
:103760002028EC0A48A6204010C6E00302802888E2
:1037700018C6E30306801088022826284630009CDD
:1037800058FF4638408A16000638263800C180C2E5
:1037900000BE90CA01C018EEE20300C004F446382F
:1037A000463804F622C056A6004602002080408A11
:1037B0004C0026300228009C64FF408A3C000086B2
:1037C0000000088826382144008EDAFF06380630CB
:1037D00020C2FFFF009C7EFF408A1A0040C23200D8
:1037E000D0A220840A8840C23000D0A22154D0CA7E
:1037F0000638A0C104F6263804F6263804F600C2BE
:10380000E1FF84F4463020C0009C4AFF4638408ADD
:103810001E000630263000C23200C0A220840A8872
:1038200000C23000C0A22144C0CA26380638A0C158
:1038300004F600C010EEF60302C010EEF40356A624
:103840000046020010EEF80310C6F40330C6F80379
:103850000280408A2600009CC4FE408A2600008622
:1038600000002A8810C6F603014410EEF60310C6C5
:10387000F403014410EEF403008ECCFF10C6F603EF
:10388000A0C104F604F600F86630063486346028D9
:10389000FF98D25B408A3A0020C2320048A20084DE
:1038A000008A080020C2300048A2168CFF983238E7
:1038B000408A1E0020C2300048CA20C2320041C0E7
:1038C00048CBD6A644A7F20CF20CE00CA0C1008EA7
:1038D0000200A1C1A637263030C63202EE0A208689
:1038E0000100228800FA2638A639863C063C663854
:1038F00004F6202820860200608A3E002086F8FF19
:10390000408A360002282630009C12FE408A24009D
:10391000402826380228009CEAFE408A1E002428FF
:103920002086F8FF408A120020860200608A0A0082
:10393000008ED0FF2638008E020004F400C2E0FFA3
:1039400084F400860200608A180000560200C4A6B3
:103950002184068800C2FDFF84F4D0A60240A0C1E5
:1039600004F600C2FDFFA1C104F600F8463086341B
:103970002630009C8EFAA637063010C63202EE08BA
:10398000008601000638228800FAA6392638863CCF
:10399000463804F600F82630463066308634009CFF
:1039A000C419408ACC00602830EE72050628009CBD
:1039B0002022408ABC005EA620C22000C8A2026865
:1039C000288800C2E2FF008EA80010C6720510EE23
:1039D000EE03009C5612608A8E000086E4FF208A67
:1039E0009000009CBEFD408A8800063030C67205FB
:1039F000009C8A08408A5A0010C6720510EEEE0339
:103A000000C180C2EE04009C560E408A440000842F
:103A1000208A1A0000C180C2A2052638263010C0B4
:103A200040C0009C6A09408A2800008E1A00009C51
:103A3000A21300C180C2A2052638263010C040C0A3
:103A4000009C9614408A0A00263800C0A0C1008E4F
:103A5000200006300638263806300228009CA4FDD7
:103A60000638A1C1008E0A0000C2E3FFA1C1008E8A
:103A70000000063000C010EEEE030638A637063010
:103A800010C63202EE08008601000638228800FACD
:103A9000A639863C66384638263804F600F8663083
:103AA00086340635009CB218063D863CA6370630A3
:103AB00010C63202EE08008601000638228800FA9D
:103AC000A639663804F600F826304630663086346B
:103AD0000635009C4C1A063D863CA637063010C6BB
:103AE0003202EE08008601000638228800FAA63964
:103AF00066384638263804F600F8263046306630F8
:103B00008634009C2000863CA637063010C6320260
:103B1000EE08008601000638228800FAA6396638C9
:103B20004638263804F60635009C3A18408AA2002A
:103B3000602830EE72050628009C9620408A92008C
:103B40005EA620C22000C8A20268288800C2E2FF48
:103B5000008E7E0010C6720510EEEE03009CCC10A5
:103B6000408A6E0020282F64F20AE00A204600BC3A
:103B700000C182280BAE00661000288800C2DCFF5E
:103B8000008E4E001AA610EECC040284488800C2B3
:103B9000FDFF008E3C0010C6CC04009C4400408A0F
:103BA000300010C6CC04009C48FD408A2400009CD4
:103BB000E2FA408A1C0010C6720510EEEE03009C6B
:103BC000B814408A0C0000C010EEEE03063DA0C100
:103BD00004F6063000C010EEEE030638063DA1C123
:103BE00004F610EEEE0300C020C1A0C25205009CF6
:103BF0008002408A5A00063000C180C2520580A867
:103C00002066FF0020860000008A38002086E5003C
:103C1000008A2A0020862E00008A22008BAE2066B1
:103C2000FF0020860F00008A14004228406608002A
:103C3000208A0A00063800C2DBFFA1C104F606385C
:103C4000008EA4FF063800C010EEEE03A0C104F6FB
:103C50000086DEFF2488008EECFF063000C010EEE8
:103C6000EE030638A1C104F600C2A65C04F600C04B
:103C700004F66630863400C220002BC020D0A14458
:103C80002154208AF6FF863C863460C000A8006676
:103C9000FF00008A540000862E00008A1800009C55
:103CA0007600408A66006884408A600038D26144A9
:103CB0008144008ED6FF6084008A5000814468C031
:103CC00000A80066FF00008A2A0000862E00008AF5
:103CD0003A00009C4200408A32006B84408A2C00EB
:103CE00038D261448144008ED6FF6084008A1C0073
:103CF000008E0000863C20A80066FF000086E500DC
:103D0000008A0A0000C0A0C1663804F6863C00C2E2
:103D1000FDFFA1C1663804F600862000608AA60077
:103D200000867F00008A9E0000862000008A9600A0
:103D300000862E00008A8E0000862200008A8600FF
:103D400000862A00008A7E0000862B00008A76000A
:103D500000862C00008A6E0000862F00008A660014
:103D600000863A00008A5E0000863B00008A56000A
:103D700000863C00008A4E0000863D00008A460016
:103D800000863E00008A3E0000863F00008A360022
:103D900000865B00008A2E0000865C00008A2600F8
:103DA00000865D00008A1E0000867C00008A1600E6
:103DB00000866100608A0C0000867B00408A040057
:103DC0000056200004F400C2FDFF84F4663040C0B9
:103DD00028C06228615418AA0066FF0000862000EF
:103DE000208A0A002154208AE8FF008E020042281F
:103DF00060C02BC0022801540884608A180000AA01
:103E00000066FF0000862000208A06002154008EF4
:103E1000E2FF6228685420C02480408A0A0008AA71
:103E200028D22144008EF0FF6084008A200000C266
:103E30002E0028D2214440C04680408A1000042829
:103E4000084400AA28D221444144008EEAFF00C061
:103E500028D20228A0C1663804F640AE0066FF00F2
:103E6000008A040000C004F400C2DFFF84F400C034
:103E700004F4663086342028F00A40284F6410C6C7
:103E8000EE030084208A14004EA60F44F008208020
:103E9000408ACE004CA60240008E420046302630BA
:103EA00050C6EE032084008A260026300428009C99
:103EB0006CF82638408AB4000086F7FF008AAC0010
:103EC0000086F8FF408AB40040282154008ED4FFB9
:103ED0000428009C6CFA408A920026384638263026
:103EE000463050C6E4034080288858C6E603468022
:103EF000168810EEE40378EEE60300C180C200BC31
:103F0000009C28F4408A4400463826380428F208E9
:103F1000E008004600BC863C863400C1802800C210
:103F20002000011321170154208AF6FF482A405629
:103F300000BCF00CE20C5084608A040040C02144B4
:103F40000228F2080468863C663804F400C2FFFFC9
:103F500010EEE40346382638863C663800C2E0FF9F
:103F600084F4863C663800C2DEFF84F42638463886
:103F7000863C663800C2E0FFA1C104F62638463808
:103F8000863C663800C2DEFFA1C104F620C030EED8
:103F90009E0530EE9C05009CD8FE408A4A00A0A8F1
:103FA0002066FF00008A3A002086E500008A28008B
:103FB0004BC0B0AA2066FF0020860F00008A1000C8
:103FC00020660800208A1000009C960AA0C104F612
:103FD000009C4C09008EBEFF40C050EE9E05008E36
:103FE000B4FF00C2DEFF84F484F46630063420C0DF
:103FF00010C6EE030084208A14004EA60F44F00879
:104000002080408AF2004CA60240008E3E002630FE
:1040100050C6EE032084008A260026300428009C27
:10402000FCF62638408AF2000086F7FF008AEA0094
:104030000086F8FF408AF00040282154008ED4FF0B
:104040000428009CFCF8408AD0002638263050C650
:10405000E4034080288858C6E6034680168810EEA0
:10406000E40378EEE60300C180C200BC009CBCF211
:10407000408A9000263840C00428F208E008004634
:1040800000BC20C1A02820A80066FF000086000018
:10409000008A64000086E500008A4E000BC020AA5A
:1040A0000066FF0000860F00008A3E0000660800E0
:1040B000208A3600063C0634263046302BC00112DA
:1040C0000066FF0021134066FF000480208A16006E
:1040D0002154208AE8FF463826380228F20804686E
:1040E000063C663804F44638263841445084608AD9
:1040F00086FF2144008EF8FE063C663800C2E4FFCD
:10410000A1C104F600C2FFFF10EEE4032638063C0E
:10411000663800C2E0FFA1C104F62638063C6638C6
:1041200000C2E0FFA1C104F62638063C663800C292
:10413000E4FFA1C104F610C6EE030084208A1C002F
:104140004EA60F44F0082080408A08004CA602408A
:10415000A0C104F600C2DEFFA1C104F6263046303D
:1041600050C6EE032084008A260026300428009CD6
:10417000ACF52638408A2A000086F7FF008A220024
:104180000086F8FF408A260040282154008ED4FF84
:104190000428009CACF7408A080046382638A0C1A5
:1041A00004F64638263800C2E0FFA1C104F64638BE
:1041B000263800C2DEFFA1C104F650C6EE03042873
:1041C0004630009C58F54638408AAE000086F7FF1E
:1041D000008AA2000086F8FF408A06004028008E70
:1041E000DCFF46300428009C58F7408A82000630E5
:1041F00000C180C200BC009C32F1408A700020C126
:10420000A0C200BC30C020A80066FF0000860000ED
:10421000208A060000C2E50020D0A04620002154DC
:10422000208AE2FF063800C180C200BC009C16F163
:10423000408A3C00009C6CF5408A340026380630E9
:10424000022826382630009C0CF5408A2200009C6B
:1042500012F10638009CEAF6408A1E0000C180C2B6
:1042600000BC009CE0F0408A1000A0C104F6263893
:104270002638A1C104F600C2E0FFA1C104F66630F1
:10428000AC2AA0463000342B20CEA2CE009CB2F641
:10429000408ABC00AC2AA0463400342B20CE009CBF
:1042A000C2F020C1A0C200BC00C22E00211600C274
:1042B00020004AC021164154208AF8FF10C0211660
:1042C000009C9A00AC2AA0463000342B20A620C1C6
:1042D000A0C200BCBA4420C8A24400C020C8A24466
:1042E00020C820C1A0C200BCA046200000C22E00F1
:1042F0002116211600C2200049C021164154208AEF
:10430000F8FF10C02116009C5400AC2AA0463200D1
:10431000342B20A620C1A0C200BCA0462000BA4475
:1043200020C8A24400C020C8A24420C8AC2AA0468D
:104330003400342B20A600C180C200BC009C06F0D3
:10434000408A1600009C160200C0A0C1663804F620
:1043500000C2FDFF6638A1C104F6663804F600C04D
:1043600021162116009C06F920C8A244009CF8F8EA
:1043700020C8A24420C8A24400C020C8A244009C77
:10438000ECF820C8A244009CDEF820C8A24404F641
:1043900066300634AC2AA0463000342B20CEA2CEA4
:1043A00024CF20C0009C8EFD408A8800263000C1AA
:1043B00080C200BC009C74EF408A7600263840C062
:1043C0000428F208E008004600BC20C1A02820A86C
:1043D0000066FF0000860000008A16000086E500E7
:1043E000008A0E0041445084608AD4FF2144008E2C
:1043F000B2FF063C06342630009C7A002638009C2A
:1044000034FD408A6200063000C180C200BC009CBE
:1044100034EF408A5800063810EEE40378EEE603E5
:1044200000C2FFFF10EEE80300C0A0C1063C6638E2
:1044300004F626380086DEFF208A220010C6EE032E
:104440000084008A18002630009C6EFD2638408AC1
:104450000400008E4EFF063C6638A1C104F6063CFF
:10446000663800C2E1FF84F4063C663804F626385C
:10447000063C663804F60BC000A920D18144A14453
:104480000154208AF2FF8C2A80463000142B00A6AB
:1044900020D0A14400C020D0A14420D0A144009C41
:1044A000CCF720C8A244009CBEF720C8A24420C874
:1044B000A24400C020C8A244009CB2F720C8A24475
:1044C000009CA4F720C8A24402A620C8A24404A6C7
:1044D00020C8A24400C020C804F6AC2AA0463E0072
:1044E000342BA0A82066FF000240F208E008004636
:1044F00000BC20C1A02804F60634009CECFA408AD7
:1045000058002028F00A40284F640428F208E008E8
:10451000004600BC20C1A02800C2E50020D0009CBD
:1045200014FC408A2A00063000C180C200BC009CF6
:1045300014EE408A1E00063810EEE40378EEE6031F
:1045400000C2FFFF10EEE80300C0A0C1063C04F665
:10455000063C04F62638063C04F6063C04F600C287
:10456000FFFF10EEE40304F600C018EEB90520C00A
:104570002B84408A140000C2200020C1A0C2AE05D6
:10458000A24020D02144008EE6FF00A80066FF0074
:1045900000862000008A0C0000862E00008A04009D
:1045A000008E0C0001C018EEB9058144008EDAFFC0
:1045B00000C2FFFF10EEBA0520C008AA0066FF0087
:1045C0000084008A120000862E00208A040030EE4B
:1045D000BA052144008EE2FF30EEBC0550C6BA0594
:1045E0004086FFFF208A040050C6BC0520C060C082
:1045F0002480408A460008AA0066FF002144008605
:104600002000008A2C0000862E00008A2400009CD6
:10461000A8006884408A100020C1A0C2AE05A64050
:1046200020D06144008EC8FF01C018EEB905008E8D
:10463000BEFF01C018EEB905008EB4FF6084208A69
:10464000120000C25F0020C1A0C2AE0520D001C090
:1046500018EEB90510C6BA050086FFFF008A4E00A5
:104660002028214450C6BC0568C02480408A3E00F2
:1046700008AA0066FF00214400862000008A24006A
:10468000009C36006B84408A100020C1A0C2AE0599
:10469000A64020D06144008ED0FF01C018EEB905BD
:1046A000008EC6FF01C018EEB905008EBCFF18C60B
:1046B000B9050066FF00A0C104F600866100608AAB
:1046C000180000867B00408A1000063001C018EEFA
:1046D000B90506380056200004F6009C3AF6608AB8
:1046E0000A0001C018EEB90500C25F0004F620C040
:1046F0002B84408A140000C2200020C1A0C2A20561
:10470000A24020D02144008EE6FF20C02884408AA9
:104710001C0000C180C2AE05824000A80066FF00F8
:1047200000862000008A06002144008EDEFF26302D
:1047300060C000C040866400608A0A004056640081
:104740000144008EEEFF0084008A0E000046300017
:1047500020C1A0C2BE0520D0614400C04A84608A46
:1047600008004A540144008EF2FF0084208A0600AB
:104770006084008A140006300046300020C1A0C2C8
:10478000BE05A64020D0614406380428004630000B
:1047900020C1A0C2BE05A64020D0614426384628CC
:1047A000414408C004502080608A0200202840C094
:1047B0004280408A1A0000C180C2AE05844000A831
:1047C00020C1A0C2A205A44020D04144008EE0FF39
:1047D00000C27E0020C1A0C2A205A44020D0414456
:1047E00020C02680408A1C0000C180C2BE058240D5
:1047F00000A820C1A0C2A205A44020D02144414469
:10480000008EDEFF28C02B84408A1A0000C180C2BF
:10481000AE05824000A820C1A0C2A205A24020D0BF
:104820002144008EE0FF04F6063400C020C02B8433
:10483000408A28004028E20C602861646084008A75
:104840000400406E8000622898AB6066FF0046401E
:104850004066FF0004282144008ED2FF063C04F687
:1048600078EEC205063420C1A0C2A205009C02F465
:10487000408A1200063C009C760078C6C20560663D
:10488000FF00A0C104F6063C009CDCFC41C04630A1
:10489000009C5AFE78C6C2056066FF0000C180C257
:1048A000A205009C44F7608A18000086E0FF008A99
:1048B0002C00463878C6C2056066FF0001C0A0C162
:1048C00004F6463841444086E803608AC0FF78C653
:1048D000C2056066FF0000C2E1FFA1C104F64638D0
:1048E00078C6C2056066FF0000C2E0FFA1C104F601
:1048F000063400A80066FF000084008A1C000086C1
:104900006100608A0E0000867B00408A0600063C3B
:1049100001C004F60104008ED8FF063C00C004F676
:1049200006306630A0A82066FF004228406640009E
:104930004084008A3E00422840661F004084008A6E
:10494000120143840488408A0A0150EE9E054DC03E
:1049500030AB4066FF0050EEA00500C180C27C0570
:1049600040C2200020C080D001044154208AF4FFBE
:10497000008E2E0050C69E0540860080408AD400DE
:10498000022800661F000480208AC8000DC020AAEB
:104990000066FF0050C6A0054066FF000480208A24
:1049A000B200A0A820661F0021540228E00AE00AF5
:1049B0004228E00A24402040622800C180C27C05D1
:1049C000824020C02D84408A66002584608A1200BF
:1049D0002B84608A160042284B54E00C5C44008E05
:1049E00012004228E00C4144008E08004228455441
:1049F000E00C4E4430AA0066FF004144063030AB64
:104A00004066FF004084208A0C0006380084008A3B
:104A10001E00008E06000638008E380060861F00DB
:104A2000408A300000D0010461442144008E94FF8C
:104A3000A0A820661F002184208A0C0020C20080CC
:104A400030EE9E05008E0600215430EE9E0566383D
:104A5000063804F620C2FFFF30EE9E0566380638A1
:104A600004F60630663020C030EE9C0550C69E0528
:104A700040860080208A680000C020C02B84408AC5
:104A800028004028E20C602861646084008A0400E9
:104A9000406E80006228B8AB6066FF00464040660A
:104AA000FF0004282144008ED2FF50C6A0054066B6
:104AB000FF000480208A280000C180C27C0520C03D
:104AC00020861F00408A140000A80066FF000084B2
:104AD000008A080001042144008EE4FF30EE9C05AA
:104AE0006638063804F606302084008A0400006E1A
:104AF000400020C1A0C2AE0520D00FC0A0C2B905A1
:104B000020D000C0A0C2BA0520D00428A0C2BB0596
:104B100020D000C0A0C2C80520D0A0C2C90520D0A6
:104B2000063801546028E00EE00E4628E00E64408E
:104B3000604020C02D84408A7E002584608A120057
:104B40002B84608A160042284B54E00C5C44008E93
:104B500012004228E00C4144008E080042284554CF
:104B6000E00C4E4420C1A0C2AE05A440062802407D
:104B700050C69C050480608A1600008A2C0000C282
:104B8000FF0020D0A14400C2FF0020D0008E2200F0
:104B900000C180C27C05804000A80066FF0020D0D4
:104BA000A14400C020D0008E080000C020D0A14445
:104BB00020D02144008E7CFF04F626304630863417
:104BC00040C000C180C2EE04844000A80066FF001F
:104BD00000866100608A0C0000867B00408A040029
:104BE0000056200020C1A0C27C05A440A0A82066D9
:104BF000FF0020866100608A0C0020867B00408ACE
:104C00000400205620000280208A16000084008ABA
:104C100006004144008EAAFF863C46382638A0C1D3
:104C200004F6863C46382638A1C104F6663000C03A
:104C300010EE9E0510EE9C0520C010C6EE03008409
:104C4000208A14004EA60F44F0082080408A4E01AE
:104C50004CA60240008E3E00263050C6EE03208453
:104C6000008A260026300428009CB2EA2638408AB2
:104C70004A010086F7FF008A42010086F8FF408A59
:104C8000460140282154008ED4FF0428009CB2EC39
:104C9000408A28012638263050C6E4034080208A06
:104CA0000A0058C6E6034680008A160010EEE403A8
:104CB00078EEE60300C180C200BC009C6EE6408A2C
:104CC000E600263840C00428F208E008004600BC90
:104CD00020C1A02820A80066FF0000860000008AEE
:104CE000BC000086E500008A92000BC020AA006686
:104CF000FF0000860F00008A720000660800208A0C
:104D00007A0026304630009C58FD4638263810C6BA
:104D10009C050084008A0800009C9EFE608A740046
:104D200018C61B050066FF000084008A300000C121
:104D300080C20E05263046302BC001120066FF00EF
:104D400021134066FF000480208A0E002154208A2F
:104D5000E8FF46382638008E3A004638263800C02C
:104D600010EE9E0510EE9C05008E1A00263046308F
:104D7000009CACFB46382638008E0A0000C010EEBE
:104D80009E0510EE9C0541445084608A38FF214402
:104D9000008EA6FE0228F2080468663804F466381D
:104DA00000C2E4FFA1C104F600C2FFFF10EEE4035D
:104DB0002638663800C2E0FFA1C104F626386638FE
:104DC00000C2E0FFA1C104F62638663800C2E4FF45
:104DD000A1C104F600C180C2EE0420C1A0C27C05BE
:104DE00020C000A80066FF0020D00084008A0A00CE
:104DF0008144A1442144008EE8FF30EE9C0504F676
:104E0000AC2AA0463600342B20D020C0AC2AA046C5
:104E10003800342BA0C8009C1CF3408A8200263046
:104E200000C180C200BC009C02E5408AA600263872
:104E300020C040C00228F208E008004600BC20C1A3
:104E4000A02820A80066FF000086E500008A0E006A
:104E500000860000008A060040C0008E2A004144FF
:104E6000AC2AA0463600342B20A80066FF00408004
:104E7000608A1400015442284050AC2AA0463800F1
:104E8000342BA0A0A0C104F621443084608AA4FF82
:104E9000AC2AA0463800342BA0A02144008E6CFF21
:104EA0000086DEFF208A240010C6EE030084008AFC
:104EB0001A00009C04F3408A0E00AC2AA046380079
:104EC000342BA0A0008E44FFA1C104F600C2E1FF74
:104ED000A1C104F62638A1C104F6AC2AA0463000D0
:104EE000342B20CEA2CE24CFAC2AA0463700342BC0
:104EF000A0D100C180C2A205009C2CF90066FF0071
:104F0000AC2AA0463A00342B20D010C69C050C4495
:104F100020C00D84608A08000D542144008EF2FFE9
:104F2000AC2AA0463B00342BA0D002280144AC2A76
:104F3000A0463700342BA0A96066FF00009CC0FE8D
:104F4000408A2001AC2AA0463C00342BA0C8AC2AE1
:104F5000A0463E00342B20D100C0AC2AA0463F0022
:104F6000342B20D08C2A80463F00142B00A80066EA
:104F7000FF008C2A80463B00142B80A82066FF008F
:104F800002800488408A7600008A46000630422863
:104F9000405020C00084208A020021C00428AC2A8E
:104FA000A0463A00342B20A94066FF00009C36FB47
:104FB0000638009C24F500C180C2AE0540C2200026
:104FC00080A8A0D00104A1444154208AF2FF008EA1
:104FD0000E00009C04F500C180C2A205009C96F45E
:104FE0008C2A80463F00142B00A80066FF00014475
:104FF000AC2AA0463F00342B20D0008E66FFAC2A9E
:10500000A0463700342BA0A96066FF008C2A80469A
:105010003C00142B80A0009C1CF1408A4600063006
:1050200000C180C200BC009C1CE3408A34000638EA
:1050300010EEE403AC2AA0463700342BA0A960662A
:10504000FF0078EEE60300C2FFFF10EEE803AC2A93
:10505000A0463700342BA0A96066FF0000C0A0C1A5
:1050600004F626380630AC2AA0463700342BA0A917
:105070006066FF000638A1C104F66630009CACFBF8
:10508000408AB60040284F64F00806300428F20831
:10509000E008004600BC00C180284630009C88F72C
:1050A0000066FF006028463800C2E50000D040845A
:1050B000008A480041540428F208E008004600BC79
:1050C00020C1A0280BC020AA0066FF0000860F00A8
:1050D000208A28000DC020AA0066FF000680208AD2
:1050E0001A0020A80066FF0020C2E500A0D00066DC
:1050F00040000084208A0400008EB2FF2638663803
:10510000009C32F0408A2E00063000C180C200BCF4
:10511000009C32E2408A1800063810EEE40378EE74
:10512000E60300C2FFFF10EEE80300C0A0C104F6D2
:105130002638A1C104F6A1C104F66638A1C104F65F
:105140000228009CFCE7408A1E0000C180C200BC0F
:10515000009CD8E1408A1000009C02F400C180C28B
:105160003ABC80A0A0C104F6A1C104F6482A50EEC2
:10517000E404502A58EEE60418EEE70430EEE804A2
:1051800050C050EEEA04009CE80100A80066FF0051
:10519000009CEC01408A3000010480A82066FF00DA
:1051A00020863A00208A3C00009CF4010056410011
:1051B00018EEE70440C050EEE80450C6E404424450
:1051C00050EEE404008E1C0000862F00208A14009C
:1051D00040C050EEE80450C6E404414450EEE404FC
:1051E000008E000018C6E7040066FF00009CE2097C
:1051F000408A440178C6E7046066FF00009CB20163
:10520000009C6E0100A80066FF000084008A0A016D
:10521000009CBC01408A280110C6EC040184208A4D
:105220003C00009C6402408A340000C180C2EE044D
:1052300020C1A0C20E05009C38EA408A0A0001C0C5
:1052400018EE1B05008E060000C018EE1B0518C6E0
:10525000E7040066FF0030C6E804008ECC0000C101
:1052600080C2EE0400A80066FF0000862E00208A9F
:105270004400010480A82066FF002084008A7CFF8F
:1052800020862E00208A2E00010480A82066FF00C0
:105290002084208A200030C6E8042084008A5CFF35
:1052A000009C9CFE408AA40030EEE80410C010EE82
:1052B000EA04008E46FF10C6EA0400661000008A69
:1052C000860000C180C2EE0420C1A0C20E05009C71
:1052D000A0E9408A0A0001C018EE1B05008E0600F6
:1052E00000C018EE1B0510C6E80410EEEE03009C8B
:1052F0003AF9408A3E0020282F64F20AE00A20464C
:1053000000BC00C182281AA610EEE8040BAE0066AD
:10531000FF0010EEEA04008EE2FE18C6E704006605
:10532000FF0030C6E80450C6EA0460C070EEEE0329
:10533000A0C104F6008E140000C2DFFF008E0C0036
:1053400000C2E5FF008E040000C2DCFF063000C092
:1053500010EEEE030638A1C104F640C050EEEC0496
:10536000009C08FE04F641C050EEEC04009CFCFDDD
:1053700004F618C6E604002910C6E404802804F6E2
:1053800000864100768800865B006C88008661009C
:105390006A8800867B004488A0C104F6A1C104F697
:1053A000008661006A8800867B00448800562000E1
:1053B00004F6009CBCFF00A80066FF0000862F00DA
:1053C00026880104008EEEFF082A10EEE40404F69D
:1053D000009C9EFF20C1A0C2EE0440C000A8006651
:1053E000FF000084188800862F00128840861F0066
:1053F000448820D0210441440104008EDEFF00C017
:1054000020D0082A10EEE40440861F0062885FC0A6
:1054100000C180C2EE0401120066FF000084008A11
:105420001400009C1400408A0400008EE8FF00C2B3
:10543000E5FFA1C104F6A0C104F600862000608A41
:10544000440000862200008A3C0000862A00008A70
:10545000340000863A00008A2C0000863C00008A56
:10546000240000863E00008A1C0000863F00008A5F
:10547000140000865C00008A0C0000867C00008A14
:105480000400A0C104F6A1C104F6009CE4FE00A83B
:105490000066FF0000862F0026880104008EEEFFC4
:1054A00000840488A1C104F6A0C104F630EE3E05D4
:1054B00010EEEE0300C020C1A0C25205009CCCEA51
:1054C000408A5000063000C180C2520580A8206684
:1054D000FF0020862E00008A34009AA650C63E05A2
:1054E0002480208A2800063810C69C050084008A83
:1054F000060001C0A0C104F600C180C2520520C14F
:10550000A0C24405009CC4E800C0A0C104F606384F
:10551000008EA2FF0086DEFF248800C2E4FFA1C146
:1055200004F6482A50EE4005502A58EE420518EE7F
:10553000E70430EEE804009C9806408A1C0178C617
:10554000E7046066FF00009C260118C6E7040066B9
:10555000FF000046410020D0210400C23A0020D0C4
:105560002104009C180100C010EE3C0530C6E80480
:105570002084008A2A0010C63C051084408AD4008A
:105580004028E00C00C180C21C05844080C8014452
:1055900010EE3C05009CA8FB408AC600008ED0FFA0
:1055A00010C63C050084208A1400009CC20000C282
:1055B0002F0020D02104009CC400008E840010C65F
:1055C0003C050084008A7A00015406304028E00C33
:1055D00000C180C21C05844080A050C63C054154D7
:1055E0000480248800C0108C40284144E00C00C195
:1055F00080C21C05844000A0009CB0FE408A600070
:105600000630009C6A0000C22F0020D0210406381A
:105610000084088800C180C27C05068C00C180C25D
:10562000440500A80066FF000084008A0A0020D01C
:1056300001042104008EEAFF009C42000638008E1F
:1056400080FF009C2A0000C020D000C010EEEE03B6
:10565000A0C104F600C2FDFF088C00C2DFFF028C6F
:105660002638063000C010EEEE030638A1C104F65D
:1056700018C64205202910C64005A02804F60A2AAB
:1056800010EE400504F600F84630663086342630C9
:1056900010EE80040428009CCCFC408ABC0018EE6C
:1056A0008204602830EE9A04009CEA040628009CDC
:1056B0002005408AA40010C680040E64008A1200EF
:1056C00041AE0066FF00008A080000C2E2FF008EC3
:1056D000880010C69A0410EEEE03009C4EF5408A36
:1056E000300010EE8404009C8205408A6C0010C6D5
:1056F000800400660800008A140010C6800400665A
:105700000200008A0800009C1806408A4C00008EA7
:1057100024000086E4FF208A400010C68004006652
:105720000400008A2A0010C69A0410EEEE03009CC2
:105730009405408A2400009CC004408A1C00009C00
:10574000C00618C683040066FF00A0C1008E0C00CE
:1057500000C2E4FFA1C1008E0200A1C1063000C05A
:1057600010EEEE030638A637063010C63202EE08F9
:10577000008601000638228800FAA6392638863CC1
:105780006638463804F600F84630663086342630EF
:10579000009CB204408A4A0020AE0066FF0000660A
:1057A0000800008A3000A1AF6066FF000628009C58
:1057B0002004408A2C0018C683040066FF00009C69
:1057C0006A04009CE408408A180018C68304006636
:1057D000FF00009C560400C020D600C0A0C1008E6F
:1057E0000200A1C1A637063010C63202EE080086BC
:1057F00001000638228800FAA6392638863C663829
:10580000463804F600F846306630863430EE8C04B4
:1058100090EE9004302A38EE920420C030EE8E04D0
:10582000009C2204408ABA0020AE0066FF00006699
:105830000200008AA200A1AF6066FF000628009C5B
:105840009003408A9C0018C683040066FF00009CF9
:10585000DA03009C1206408A880018C6830400669A
:10586000FF00009CC60310C68C040084008A7800E8
:10587000009C1006408A6A000084008A6A0010EECC
:105880009404009C4A06408A580018C683040066A7
:10589000FF00009C9603009C800618C683040066E7
:1058A000FF00009C860310C69404009CC806408A32
:1058B000300010C6940430C68C04205030EE8C04A6
:1058C00030C68E04204030EE8E0430C69004204056
:1058D00030EE9004008E8EFF00C2E6FFA1C1008E64
:1058E0000C00A1C1008E060010C68E04A0C1A63710
:1058F00030C63202EE0A20860100228800FAA6395C
:10590000863C6638463804F600F846306630863401
:1059100030EE8C0490EE9004302A38EE920420C0D1
:1059200030EE8E04009C1E03408A040120AE006607
:10593000FF0000660400008AE200A1AF6066FF007D
:105940000628009C8C02408AE60018C68304006684
:10595000FF00009CD60241AE0066FF00208AC60010
:10596000009C0405408AC80018C683040066FF0036
:10597000009CB80210C68C040084008AB800009C09
:105980005206408AAA0018C683040066FF00009CE5
:105990009A02009C200510EE9404009C3205408A77
:1059A0008E0018C683040066FF00009C7E02009CE7
:1059B000960518C683040066FF00009C6E02009CDA
:1059C0003205408A6A0018C683040066FF00009C06
:1059D0005A0210C69404009CE005408A520018C682
:1059E00083040066FF00009C420220AE0066FF00B8
:1059F000006E080020D610C6940430C68C042050D7
:105A000030EE8C0430C68E04204030EE8E0430C65A
:105A10009004204030EE9004008E58FF00C2E6FF54
:105A2000A1C1008E160000C2E2FFA1C1008E0C00D1
:105A3000A1C1008E060010C68E04A0C130C68E041F
:105A4000A637263030C63202EE0A208601002288B0
:105A500000FA2638A639863C6638463804F600F83F
:105A60006630863418EE820430EE960450EEEE0373
:105A700090EE9004502A58EE920418C682040066F4
:105A8000FF00009C4C01408A960078C68204606644
:105A9000FF0010C6E8030086FFFF008A2E0058C6EC
:105AA000EC034680208A240050C6740530C6EE03FD
:105AB0004280208A160050C6EA03414430C696044C
:105AC0004280208A060021C0008E080000C030C637
:105AD0009604214420C1A0C2AC042630009CACE452
:105AE000408A2C0026382154208AE8FF10EEE80373
:105AF00030C6960430EEEA0378EEEC0330C6EE03CF
:105B000030EE7405009CFE0500C0A0C1008E12009E
:105B1000263840C2FFFF50EEE803A1C1008E02000C
:105B2000A1C1A63730C63202EE0A208601002288C3
:105B300000FAA639063000C010EEEE030638863CA7
:105B4000663804F600A80066FF00008A420000865E
:105B500061006A8800867B00448800562000008629
:105B60004100608A2A0000864700408A22000056D1
:105B700041006028814400A80066FF0000863A00CA
:105B8000208A0C008144009CE8E0408A020004F472
:105B900000C2E5FF84F400C180C20E0520C1A0C28E
:105BA000A0042BC000A820D08144A1442154208A05
:105BB000F2FF04F600C180C20E0520C1A0C2CC04D1
:105BC0002BC000A820D08144A1442154208AF2FF98
:105BD00004F600860600408A1A00F208E008E00891
:105BE000C028C046600240C140AE0066FF00008A87
:105BF000020004F400C2DFFF84F400C0362BACC006
:105C0000A0AE2066FF0020660100008A1200014459
:105C100000860800408A0E00A0460E00008EE0FFBD
:105C200018EE830404F400C2E7FF84F4362BACC002
:105C300006302EC00084008A0800A2400154008E65
:105C4000F2FF063804F600860800408A180018EEB5
:105C50008304009CD6FFA0AE2066FF0020660100F2
:105C6000008A020004F400C2E6FF84F42028F00A4F
:105C700040284F64009CBEE4408A44000630463011
:105C800000C180C200BC009CA2D6408A2E004638CB
:105C9000063810EEE40378EEE6030428F208E00884
:105CA000004600BC20C1A0283AA610EE86043CA6FF
:105CB00010EE88043EA610EE8A0404F44638063836
:105CC00000C2E0FF84F400C180C2EE04009C90EBAF
:105CD000408A4C000084208A180000C180C2A205BE
:105CE00000C020C040C0009CA6E6408A3200008E62
:105CF0001200009CDEF000C020C040C0009CDAF121
:105D0000408A1C00009C24EF408A140010EE84049A
:105D100000C010EE860410EE880410EE8A0404F42D
:105D200084F430C6860420860200608A3600022889
:105D30002630009CE8D9408A2400402826380228D2
:105D4000009CC0DA408A3C0024282086F8FF408A64
:105D5000120020860200608A0A00008ED0FF2638DA
:105D6000008E2000009C2CD9408A180000C010EE44
:105D7000860410EE880410EE8A04009C0C00408A11
:105D8000020004F400C2E0FF84F410C6840420285A
:105D9000F00A40284F64009C9CE3408A580010EEB3
:105DA0009804463000C180C200BC009C7ED5408A69
:105DB0004200463810C6980410EEE40378EEE6037D
:105DC0000428F208E008004600BC20C1A02810C644
:105DD00086043ACE10C688043CCE10C68A043ECE55
:105DE00010C6980400C180C200BC009C58D5408AEF
:105DF0000A0004F4463800C2E0FF84F400C2E0FF69
:105E000084F421C010C68004006601000488206E5E
:105E1000020010C68004006602000488206E0400A0
:105E200041AE0066FF000488206E8000A0D638C610
:105E30008204A1D630C68604A2CEA4CE30C6840485
:105E4000A6CE30C69A04ACCE10C680040066100000
:105E5000288820C0A8CEAACE04F630C68804A8CED2
:105E600030C68A04AACE04F62CA610EEEE0326A6AF
:105E700010EE8404009CF4FD063000C010EEEE032A
:105E8000063804F610C68C04A8A642284066FF0116
:105E900020C200022450208042880228A8A650C6B2
:105EA00088042480408A0A004250408042880428A6
:105EB00004F400C004F410C68C04A8A6422840666E
:105EC000FF0120C20002245020804288022804F4EE
:105ED00024A6009C6CDA408A140000C180C200BC79
:105EE000009C48D4408A0600009C72E604F400C27C
:105EF000E0FF84F424A6009C48DA408A140000C124
:105F000080C200BC009C3ED4408A0C00009C4EE63F
:105F100004F400C2E0FF84F484F450C6940428A67C
:105F20000066FF01004600BC00C1802830C6900416
:105F3000A22838C69204222900A820D08144A14476
:105F40004154208AF2FF04F450C69404A8A62066A7
:105F5000FF01204600BC20C1A22830C69004822840
:105F600038C69204022900A820D08144A14441549B
:105F7000208AF2FF04F4A8A6422840400228EC0838
:105F8000E2082428EC0AE20A28CF0280008A2200D4
:105F900024A6009C88D7408A1A00063018C68304BD
:105FA0000066FF00009C84FC06380086F8FF4288EB
:105FB00024CE04F400C2E0FF84F4009CB8FF408AC1
:105FC0001000A8A650C688044280448830EE880499
:105FD00004F484F422A600860200608AA00028A6A9
:105FE0000066FF01208AB80028A60084008AB0005D
:105FF00030C688040280608A5E0024A6009C1ED7FA
:10600000408AA000063018C683040066FF00009C8A
:106010001AFC06380086F8FF608A3800009C84D796
:10602000408A7E002028263018C683040066FF00C0
:10603000009CF8FB263824A6009C1AD7408A6400EE
:10604000263018C683040066FF00009CDEFB26385D
:10605000A4CE04F424CE04F424A6009CC0D6408A26
:106060004200063018C683040066FF00009CBCFB9B
:1060700006380086F8FF408A260024CE04F4009CEF
:1060800022D7408A1C00063018C683040066FF0031
:10609000009C98FB063822CE24CE10EE860404F431
:1060A00004F484F400C2E0FF84F42CA610EEEE03A6
:1060B00026A610EE8404009CB2FB408A3A0018C663
:1060C00083040066FF00009C62FB28A630C688049B
:1060D0002080448810EE880422A610EE8604009CDE
:1060E000A8FC408A1200009CAAD5408A0A0000C081
:1060F00010EEEE03A0C104F600C010EEEE0300C2E5
:10610000E0FFA1C104F630C69004A22838C692046C
:10611000222900C040C2400020D0A1444154208A1E
:10612000F6FF00C180C2AC0430C69004A22838C675
:1061300092042229009C94DC00C180C2B70400A80C
:106140000066FF0030C69004A22838C692042229B7
:10615000AC4420D000C180C2C60400A030C6900468
:10616000A22838C692042229AE4420C800C180C2A9
:10617000C80400A030C69004A22838C69204222980
:10618000B04420C800C180C2CA0400A030C6900438
:10619000A22838C692042229B24420C800C180C275
:1061A000C40400A030C69004A22838C69204222954
:1061B000B44420C800C180C2C20400A030C690040C
:1061C000A22838C692042229B64420C850C69C058D
:1061D0004084008A280030C69004A22838C6920461
:1061E0002229A046200000C180C27C0500A820D042
:1061F0000104A1444154208AF2FF00C020D004F4DD
:1062000000F84630663086342630009C2000A637E1
:10621000063010C63202EE080086010006382288D9
:1062200000FAA6392638863C6638463804F6063524
:106230000428009C30F1408A8E00602830EE9A04D9
:10624000009C52F90628009C88F9408A7A005EA6D4
:1062500020C22000C8A20268288800C2E2FF008E87
:10626000660010C69A0410EEEE03009CBEE9408A58
:10627000560020282F64F20AE00A204600BC00C124
:1062800082281AA610EECC040BAE00661000088817
:1062900000C2DCFF008E300010C6CC04009C52D639
:1062A000408A2400009CECD3408A1C0010C69A044B
:1062B00010EEEE03009CC2ED408A0C0000C010EE10
:1062C000EE03063DA0C104F6063000C010EEEE035A
:1062D0000638063DA1C104F600F846306630263087
:1062E000009C1E00A637063010C63202EE0800865B
:1062F00001000638228800FAA63926386638463862
:1063000004F606350634863430EE760550EE780510
:106310000428009C50F0408A540118EE820430EEAC
:106320007A05009CACF8408A440110C67A0510EE4C
:10633000EE0378C682046066FF00009CEEE8408AA7
:106340002C0120282F64F20AE00A204600BC00C17C
:1063500082280BAE0066FF0018EECC041AA610EEE1
:1063600086041CA610EE88041EA610EE8A04063CC5
:10637000063410C6780530C67605009CE8EF408AE2
:10638000EC0058C682044066FF000480208AD200D8
:1063900050C67A052480208AC80010C67A0510EEFF
:1063A000EE0378C682046066FF00009C7EE8608A87
:1063B000B8000086E4FF208AB40000C180C2EE0469
:1063C000009C9CE4408AA6000084208A220000C130
:1063D00080C2A20518C6CC040066FF0030C6860441
:1063E00050C68804009CA8DF408A8200008E1C00F2
:1063F000009CE0E918C6CC040066FF0030C68604A5
:1064000050C68804009CD2EA408A620010C68A0402
:106410000084008A1400009C12E8408A500010EEAC
:106420008404009C64F9408A4400863C063C10C603
:10643000780530C67605009C2CEF408A440010C6D3
:106440007A0510EEEE0378C682046066FF00009CB9
:1064500028EC408A2C0000C010EEEE03063DA0C1DF
:1064600004F600C2FDFF008E040000C2E3FF063008
:1064700000C010EEEE030638863C863C063DA1C106
:1064800004F6063000C010EEEE030638063DA1C14A
:1064900004F600F84630663086340635263010EEB5
:1064A000DA040428009CBEEE408A040118EE82043F
:1064B000602830EE9A04009CDCF60628009C12F757
:1064C000408AEC0010C69A0410EEEE03009C5CE7D4
:1064D000408AB00010EE8404009C0201009C280158
:1064E000408ACC0010C68404009C80F7408AC0001B
:1064F00010C68A040084208A980010C6880400848C
:10650000008A840020C200FE2080608A840010C6B9
:10651000860400860200608A6E00FF980A11408A95
:106520007A0018EED80478C682046066FF00062858
:10653000009C9EF6408A7800009C0A01408A700008
:1065400000C2000210EE120218C6D8040066FF0056
:1065500010EE140210EE160201C010EE180210C662
:10656000080220C1A0282EA610EE1A02009CA0014D
:10657000FF98A812408A2E0020C1A0282EA6A0C1F4
:10658000008E2E00008E280000C2DDFFA1C1008E0B
:10659000200000C2DDFFA1C1008E160000C2FCFF7A
:1065A000A1C1008E0C0000C2FBFFA1C1008E020041
:1065B000A1C1063000C010EEEE030638A637063043
:1065C00010C63202EE08008601000638228800FA62
:1065D000A6392638063D863C6638463804F610C68D
:1065E00084040F64F208E008004600BC00C1802863
:1065F00020C1A0C2A0042BC000A820D08144A14487
:106600002154208AF2FF04F600C180C2A00488440D
:1066100000A80066FF0000864300208A2200814413
:1066200000A80066FF0000864F00208A1200814407
:1066300000A80066FF0000864D00208A020004F4D6
:1066400000C2DDFF84F4009C14DF00C2000210EEE3
:10665000DC0410C6880410EEDE0410C6860410EEBA
:10666000E00410C6DE040084008A560010C6E00470
:106670000086F8FF408A4C0000860200608A4400D1
:10668000009CBED2408A420000C180C200BC009C77
:106690009ACC408A3400009C320030C6DC04204092
:1066A00030EEDC0430C6DE04205030EEDE0410C6CE
:1066B000E004009C68D0408A100010EEE004008ED8
:1066C000A0FF04F400C2DDFF84F484F410C6DE04ED
:1066D00020C2000202806288022810EEE20400C19B
:1066E00080C200BC38C6D8042066FF00222930C60C
:1066F000DC04A22840284084008A0E0000A820D094
:106700008144A1444154008EECFF10C6E20404F61B
:1067100000C180C2A00420C1A0C2400248C0408481
:10672000008A2A0000A80066FF0000862000008A78
:106730001C00008641006A8800865B004488004691
:10674000200020D08144A1444154008ED0FF00C0DD
:1067500020D004F62630863420C3FF00A0C2C867CC
:1067600000C180C200A020C2800020A000C8220476
:1067700002042154208AF2FF00C2E1AC10EEFE9F19
:10678000863C263804F600C3FF0080C29467FF9859
:1067900008041B022A2A2A204B4C49423A206261F3
:1067A000642063616C6C2028756E696D706C656D1A
:1067B000656E74656420736C6F7429202A2A2A0A16
:1067C000000000C2010104F4FF90C868FF902E6928
:1067D000FF90A06CFF900E6DFF903E6DFF9086675E
:1067E000FF901A31FF90D25BFF908667FF9086671B
:1067F000FF908667FF908667FF908667FF908667A9
:10680000FF908667FF908667FF908667FF90866798
:10681000FF908667FF908667FF908667FF90866788
:10682000FF908667FF908667FF908667FF90866778
:10683000FF908667FF908667FF908667FF90866768
:10684000FF908667FF908667FF905669FF90246BE4
:10685000FF90466BFF90E06BFF907C6BFF90706940
:10686000FF909069FF90AC6BFF903A6AFF90006ACE
:10687000FF90B269FF90646AFF906A6AFF90786D3A
:10688000FF90B86DFF908667FF90186CFF90446C86
:10689000FF90AC69FF90506CFF908667FF90866711
:1068A000FF908667FF908667FF908667FF908667F8
:1068B000FF908667FF908667FF908667FF908667E8
:1068C000FF908667FF90C2674028EC0CEE086228B4
:1068D000EC0EEE0A6630463026300630EA0A0268D0
:1068E000F808063066A6E4A6EA0A0268F808402816
:1068F00062A6E8A6EA0A0268F808044042210000FD
:106900002164402866A6E8A7EA0E0668F80864280D
:10691000EE0EEC0C0440EA0A02402028EA0E06388B
:1069200006404421000041642440E84404F6063057
:1069300020C2CDCCFF98C8680228E208E208E2082D
:1069400040282028E00AE008E008E0080240263855
:106950002050042804F6263020C000A800840888AF
:1069600021440104008EF2FF0228A0C1263804F65B
:106970000630263000841088202820A800D001048A
:1069800021042154208AF2FFA0C12638063804F6DB
:106990000630463000840C88402880D001044154E1
:1069A000208AF6FFA0C14638063804F610C6000259
:1069B00004F4063240282428EC0AF00A2F64FF98D9
:1069C000EC692428EC0A2F64FF98EC692428EE0A6D
:1069D000F00A2F64FF98EC6924282F64FF98EC6973
:1069E00020C080D004C0A0C1063A04F62A8466887C
:1069F00020463700048C2046300080D0010404F685
:106A00000632FF98126A20C080D00428A0C1063A3E
:106A100004F60A847888FF982E692630FF98126A57
:106A200026382046300080D00104414404F6004658
:106A3000300000D0010441C004F62630463040C08A
:106A40000084CE8820C22D0080D0010441C0007C8B
:106A500001444630FF98006A46380440A0C14638D9
:106A6000263804F66AC0008E020070C046306630D8
:106A700086348018000040C000A800862D002488BD
:106A800041C00104463000A800862400248870C05C
:106A9000010400C040C080A82084008A5E002086D7
:106AA0003000608A560020863A0048882056300020
:106AB000008E30007084208A420020864100608A67
:106AC0003A0020864700488820563700008E140080
:106AD00020866100608A240020866700408A1C00AE
:106AE00020565700663026302628FF98C86826387A
:106AF0006638024041C00104008E9AFF6638408427
:106B0000168860840488007C0144282A2A50A0C189
:106B1000863C6638463804F620C0A1C1863C6638FB
:106B2000463804F626300634863400C0A0A880D04B
:106B30000144010421042084208AF0FFA0C1863C86
:106B4000063C263804F6263046300634863480A8C3
:106B500020A924802C882084148801042104008E1C
:106B6000ECFF648801C0088C00C2FFFF028C00C0EB
:106B70000084863C063C4638263804F626308634A7
:106B80008018000080A820800A88208412880104D0
:106B9000008EF0FF082A0A50A0C1863C263804F671
:106BA00000C2FFFFA1C1863C263804F606320084ED
:106BB000008A2400602880A820A924802E8801044F
:106BC00021046154208AEEFF00C00E8C648801C04D
:106BD000088C00C2FFFF028C00C00084063A04F655
:106BE000263046300634863440C080A82084088889
:106BF00001044144008EF2FFA0A880D001042104CA
:106C0000208406884144008EEEFF0428A0C1863C03
:106C1000063C4638263804F6263010C6FE9F20284B
:106C2000F20AE00AE00AE00A02702028EC0AE20A0E
:106C300002702028EE0AEA0A027010EEFE9FA0C140
:106C4000263804F60084228801C010EEFE9F04F46A
:106C50002630463030C6320220860100208A3400B9
:106C60003A2A20668000008A2A000084008A1C00DC
:106C7000F008E2080084228801C030C6000250C635
:106C80000002425040804488008EF2FFA0C1463886
:106C9000263804F600C2FDFFA1C14638263804F6A6
:106CA000463066302084008A580060C00084CA885C
:106CB00040C0405004286174626C2084C88840C081
:106CC00042502428617440C0663070C0004044487F
:106CD000428064884250016C6154208AEEFF66381D
:106CE000242846284164068840C04050042846288D
:106CF0004264068840C042502428A0C16638463805
:106D000004F600C2FDFFA1C16638463804F62084AF
:106D1000008A24004630663040C070C000404448BD
:106D2000428064884250016C6154208AEEFF24281E
:106D3000A0C16638463804F600C2FDFF84F44084E2
:106D4000008A2E006630463060C22000663040C0A7
:106D5000004022484448E2A7468064884650016CBF
:106D6000E0A76154E0CF208AE6FF663866386638CF
:106D700004F400C2FDFF84F40632FF988A6D20C03F
:106D800080D00428A0C1063A04F6208430880A8402
:106D90004C880046300000D0010441C004F64AC0CF
:106DA000FF983E6D4630FF988A6D66386046300029
:106DB00080D10104414404F620842C88008600041C
:106DC000468820C040C004F440C20004009810A0CF
:106DD0002084208A240000860004408A1C0006309B
:106DE000042820C26400009800A040C2000400985B
:106DF00010A02028063841C004F440C200040098C6
:106E000010A02084208A240000860004408A1C00F0
:106E10000630042820C26400009800A040C200048C
:106E2000009810A02028063842C004F440C2000494
:106E3000009810A00630042820C26400009800A02A
:106E400040C20004009810A02028063843C004F473
:106E50002630863420C3FF00A0C2BE6E00C180C2AF
:106E600000A220C2800020A000C8220402042154F5
:106E7000208AF2FF863C263804F600C3FF0080C259
:106E8000886EFF9808041C022A2A2A20454D554C7A
:106E900049423A206261642063616C6C2028756EFF
:106EA000696D706C656D656E74656420736C6F746C
:106EB00029202A2A2A0A000000C2000104F4FF90B7
:106EC000E82CFF901C2CFF90902CFF90482DFF90F9
:106ED000B62DFF90162EFF90842EFF90F22EFF907D
:106EE000F62FFF907A2FFF907A6EFF907A6EFF90C8
:106EF0007A6EFF907A6EFF907A6EFF907A6EFF90B6
:106F00007A6EFF907A6EFF907A6EFF907A6EFF90A5
:106F10007A6EFF907A6EFF907A6EFF907A6EFF9095
:106F20007A6EFF907A6EFF907A6EFF907A6EFF9085
:106F30007A6EFF907A6EFF907A6EFF907A6EFF9075
:106F40007A6EFF907A6EFF907A6EFF907A6EFF9065
:106F50007A6EFF907A6EFF907A6EFF907A6EFF9055
:106F60007A6EFF907A6EFF907A6EFF907A6EFF9045
:106F70007A6EFF907A6EFF907A6EFF907A6EFF9035
:106F80007A6EFF907A6EFF907A6EFF907A6EFF9025
:106F90007A6EFF907A6EFF907A6EFF907A6EFF9015
:106FA0007A6EFF907A6EFF907A6EFF907A6EFF9005
:106FB0007A6EFF907A6EFF907A6EFF90B86E60C125
:106FC000E0C2FEFF00C180C000C2FF0000C800C2D6
:106FD000281402CE00C180C2A00200AE0084208A24
:106FE0003A0000C3FF0080C29670FF98080401C0F9
:106FF00000C3FF0080C2B670FF980434408A1000BE
:1070000000C3FF0080C2AA70FF980804008E0C0025
:1070100000C3FF0080C2AE70FF98080400C3FF00E9
:1070200080C2C87040C20E4B20C3FF00A0C2C27015
:10703000FF98E015408A100000C3FF0080C258701E
:10704000FF980804FF90F21400C3FF0080C2707024
:10705000FF980804FF90F2144C6F6164696E67201A
:107060006B2F4F53207368656C6C202E2E2E0A00F8
:10707000424F4F54204641494C3A20636F756C642F
:10708000206E6F74206275696C64206B6F7368206A
:107090007461736B0A00466F726D617474696E6718
:1070A00020423A202E2E2E2000004F4B0A0046414F
:1070B000494C45440A0052414D4449534B2020203D
:1070C00020006B6F736800009AF06488008EFCFFEC
:1070D00080C20070162B00C020C2800300C882440A
:1070E0002154208AF6FF00C24200162B80C2C065E0
:1070F00000D000C080C2C26500C8009A323F162B83
:1071000080C2264A18F0162B80C2324A18F0162B7D
:1071100080C2F64B01C078F0408A080040287AF01F
:10712000008E2200162B80C2F64B0EC078F0408AEB
:1071300014004028162B80C20E4C20C224000428C4
:107140007EF004287AF0162B80C2024C01C078F041
:10715000408A080040287AF0008E2200162B80C258
:10716000024C0EC078F0408A14004028162B80C2D2
:10717000324C20C2DC0004287EF004287AF0009A09
:107180007444162B80C2005000C24F001CF0362BF6
:10719000A0C2005020282084008A100020A9408628
:1071A00020002C8821042154008EEAFF008ECEFF9F
:1071B0002019000020A940841288408620000688FB
:1071C0002104008EEEFF40C020D1068C210440C077
:1071D00020D14018000000A80084008A1800008612
:1071E00041006C8800865B0046880046200000D085
:1071F0000104008EE0FF4018000000A80086610036
:10720000608A520000867B00408A4A00010480A800
:1072100020863A00208A3E00010480A82084208A2B
:1072200034006028605620000056610000981CA0C1
:10723000408A1400162B80C2C06580D100C080C275
:10724000C26500C8008E36FF162B80C2524A009AD3
:10725000FE43008E28FFC018000060C29E49162B16
:10726000862800A00084008AEA00162B8028009857
:1072700088A0008406886444008EE2FF162B8628CE
:10728000824400A00184008AD6000284008A920809
:107290000384008A0E090684008A92080784008A03
:1072A000A6080884008AA6080984008AAA080B8414
:1072B000008A9C100C84008A54110D84008ABA0B39
:1072C0000E84008A3C0D0F84008AF6121084008A16
:1072D0001E131184008A30181284008AF419138452
:1072E000008A241C1484008ADE321584008AB0339C
:1072F0001684008A58341784008AF0341884008A6F
:1073000070351984008AAA371A84008A8E1D1B845E
:10731000008A4E211C84008A46241D84008AC038BD
:107320001E84008A7A271F84008AA20A0086200011
:10733000008ABE2200862100008A0A2300862200DD
:10734000008A7C2300862300008AC0230086240054
:10735000008AD00A162B80C24E4A18F0008E1EFEFC
:10736000162B80C2A40418F0008E12FE7368656CA0
:107370006C3A2020202068656C702020202020207E
:1073800020202020202D2074686973206C6973747C
:107390000A202020202020202020206578697420C9
:1073A000202020202020202020202D206C656176A8
:1073B00065207368656C6C0A202020202020202026
:1073C0002020636C65617220202020202020202056
:1073D000202D20636C6561722073637265656E0A8F
:1073E000202020202020202020206563686F20544A
:1073F0004558542020202020202D207072696E7462
:1074000020544558540A20202020202020202020CD
:1074100068616C7420202020202020202020202D36
:107420002073746F7020746865204350550A2020C3
:1074300020202020202020207265626F6F74202081
:10744000202020202020202D20726573746172740A
:10745000207468652073797374656D0A202020207C
:10746000202020202020423A2020433A20202E2E87
:107470002E202020202D2073776974636820637587
:107480007272656E742064726976650A0A73797324
:1074900074656D3A202020696E666F2020202020C0
:1074A0002020202020202D2076657273696F6E20A9
:1074B0002B2073797374656D2073746174650A2071
:1074C0002020202020202020207073202020202019
:1074D00020202020202020202D206C697374206122
:1074E0006374697665207461736B730A20202020B1
:1074F0002020202020207461736B205449442020D8
:1075000020202020202D2073686F77207461736BFA
:107510002064657461696C730A202020202020207B
:107520002020206B696C6C205449442020202020AE
:1075300020202D207465726D696E61746520746100
:10754000736B206279205449440A20202020202097
:10755000202020206667205449442020202020201D
:107560002020202D206272696E67207461736B2069
:1075700054494420746F20666F726567726F756E30
:10758000640A0A6D656D6F72793A20202070656516
:107590006B20412020202020202020202D207265DB
:1075A0006164206279746520617420413D5B245DD3
:1075B00070703A5B245D6F6F6F6F206F7220413D7A
:1075C0006F6F6F6F0A202020202020202020206451
:1075D000756D702041205B4E5D20202020202D20E5
:1075E0006865782B41534349492064756D702028A4
:1075F0004E2062797465732C2064656661756C74C5
:10760000203634290A0A6469736B733A20202020DB
:107610006469736B73202020202020202020202DDF
:10762000206C69737420686F7374206469736B20B5
:10763000696D616765730A202020202020202020AA
:10764000206D6F756E74204E414D452044202020E2
:107650002D206D6F756E74204E414D452E4B4F534E
:10766000206F6E20647269766520442028432E2E98
:1076700046290A20202020202020202020756E6D01
:107680006F756E7420442020202020202D20756EE0
:107690006D6F756E7420647269766520440A2020CF
:1076A00020202020202020206D6B6469736B204EE9
:1076B000414D45204E20202D206372656174652068
:1076C000626C616E6B204E2D736563746F722069FE
:1076D0006D6167650A202020202020202020207254
:1076E0006D6469736B204E414D45202020202D2074
:1076F00064656C65746520696D61676520286D75CA
:10770000737420626520756E6D6F756E7465642983
:107710000A2020202020202020202072656E616D0C
:10772000652044204E414D4520202D2072656E611C
:107730006D65206D6F756E74656420647269766521
:107740002044277320686F73742066696C650A2073
:1077500020202020202020202072656D6F756E74FF
:1077600020442020202020202D2072656C6F616431
:1077700020647269766520442066726F6D206469AA
:10778000736B2028666F722065787465726E616C09
:10779000206564697473290A20202020202020207D
:1077A00020206C6F6164204E414D45205B2D665D4D
:1077B000202D20636F707920686F7374206C6F6167
:1077C000642F4E414D4520746F2063757272656E53
:1077D000742064726976650A0A66696C65733A207A
:1077E000202020766F6C20202020202020202020A8
:1077F00020202D206469736B2075736167652028D4
:107800006C6162656C2C20746F74616C2C207573D4
:1078100065642C20667265652C2075736525290AC0
:10782000202020202020202020206C73205B7061ED
:1078300074685D2020202020202D206C6973742026
:107840006469726563746F72792028646566617516
:107850006C74203D2063757272656E7429205B2AFA
:107860003F5D0A20202020202020202020636174FA
:107870002070617468202020202020202D2070722C
:10788000696E742066696C6520636F6E74656E74D2
:1078900073205B2A3F5D0A2020202020202020200A
:1078A0002063702053524320445354202020202032
:1078B0002D20636F70792066696C6520287265667B
:1078C0007573657320696620445354206578697325
:1078D000747329205B2A3F202D3E206472697665EF
:1078E0005D0A20202020202020202020726D207082
:1078F00061746820202020202020202D2064656CC9
:107900006574652066696C65205B2A3F5D0A2020EE
:1079100020202020202020206D6B6469722070615F
:10792000746820202020202D2063726561746520FA
:107930006469726563746F72790A202020202020A8
:1079400020202020726D646972207061746820208C
:107950002020202D2072656D6F766520656D707416
:1079600079206469726563746F72790A202020201F
:107970002020202020206364205B706174685D20DB
:1079800020202020202D206368616E6765206375AC
:107990007272656E74206469726563746F727920A7
:1079A000286E6F20617267203D20726F6F74290A04
:1079B00020202020202020202020707764202020DC
:1079C0002020202020202020202D207072696E741D
:1079D0002063757272656E74206469726563746F7A
:1079E00072790A202020202020202020206D76205F
:1079F0005352432044535420202020202D207265D0
:107A00006E616D65206F72206D6F76652066696CA2
:107A100065205B2A3F202D3E2064726976655D0AF1
:107A200020202020202020202020666F726D61748D
:107A30002044205B4C424C5D202D20666F726D61AE
:107A40007420647269766520442028422E2E4629CF
:107A50002077697468206F7074696F6E616C206C38
:107A60006162656C0A2020202020202020202072C6
:107A7000756E2070617468205B265D2020202D20AB
:107A800072756E2061202E434F4D202826203D2008
:107A90006261636B67726F756E64290A0A70617444
:107AA00068733A2020202072656C617469766520C5
:107AB000746F2063757272656E74206469723B2006
:107AC0007375622F6E616D65203D20737562646908
:107AD000723B20583A203D20647269766520726FAF
:107AE0006F743B0A2020202020202020202063705B
:107AF0002F6D7620696E746F2061206469726563F2
:107B0000746F7279206B656570732074686520737B
:107B10006F75726365206E616D650A0068656C70D3
:107B20000000162B80C29E0C18F000C036F04018E2
:107B30000000009880A0010400A80084028818F0CA
:107B40000AC014F0008E36F622F0008E30F6162BA6
:107B500080C2A40C18F00002162B80C2AE0C18F0E4
:107B600000F8FF9000006279650A000068616C749B
:107B700065642E0A00007265626F6F74696E672E0D
:107B80002E2E0A006578697400006563686F000036
:107B9000636C6561720068616C7400007265626F8D
:107BA0006F740000162B80C2F41218F040C2000857
:107BB00040868027408A120200C184280AA6EE0867
:107BC00000860300008AFA01162B80C22C1318F0DD
:107BD00000C184280EA61EF000C184280EA60086CF
:107BE0006400568800C2200014F000C184280EA64C
:107BF0000A84468800C2200014F000C2200014F05D
:107C000000C1842816A61EF000C2200014F000C196
:107C1000842816A600866400568800C2200014F04E
:107C200000C1842816A60A84468800C2200014F0E9
:107C300000C2200014F024282046600068C000C163
:107C4000822800A800840A8814F021446154208A04
:107C5000ECFF60840C8800C2200014F06154208A7C
:107C6000F4FF00C2200014F000C184280AA6EE0828
:107C7000162B80C2B413804000A814F000C220006C
:107C800014F000C2200014F000C1842812A600667F
:107C9000080000841A8800C184280EA630C6380265
:107CA0000280268800C22A000A8C00C27300048C5D
:107CB00000C22D0014F000C2200014F000C2200009
:107CC00014F000C184280EA630C636022084008A33
:107CD0002E000280208A280000C24D0014F000C14E
:107CE000842820C2240008A2EE080046300014F0C8
:107CF00000C2200014F000C2200014F0008E180012
:107D000000C22D0014F000C2200014F000C22000B8
:107D100014F000C2200014F000C1842802A6EE086E
:107D2000362BA0C22060602800C22400009A724353
:107D30000628009A2A4300C0009A7243162B80C27C
:107D4000206018F000C2200014F000C2200014F0DF
:107D5000463000C184280EA658F0463002281EF096
:107D600027C0205020840C8800C2200014F0215429
:107D7000008EF0FF06381EF027C0205020840C88AB
:107D800000C2200014F02154008EF0FF463800C1DC
:107D900084281EA620C2220088A2162B80C2206042
:107DA00046300098B4A0463820C22060162B8228A6
:107DB00000A80084088814F02144008EEEFF0AC059
:107DC00014F040468000008EE6FD008EB0F34018AF
:107DD0000000009880A0010400A8008620002688EA
:107DE0000104008EF2FF0084008A12000098ACA00B
:107DF000408A160040F0408A1C00008E80F3162B4B
:107E000080C2301318F0008E74F3162B80C24A1310
:107E100018F0008E68F3162B80C27013009AFE4390
:107E2000008E5AF340180000009880A0010400A8BA
:107E30000086200026880104008EF2FF0084008A5C
:107E400012000098ACA0408A160098F0408A1C00EE
:107E5000008E2AF3162B80C2761318F0008E1EF3C4
:107E6000162B80C28C1318F0008E12F3162B80C2D2
:107E7000B013009AFE43008E04F3162B80C2D21278
:107E800018F0009AF640162B80C25E4118F0009A56
:107E90001C410AC014F0162B80C2DE1218F0162BFB
:107EA00080C2D24118F010C61C02EE080086010004
:107EB0000888162B80C2F841068C162B80C2DE4142
:107EC00018F0162B80C20C4218F0162B80C22E42DE
:107ED00018F010C62C021EF0162B80C2444218F077
:107EE00010C62A021EF0162B80C2544218F0162B20
:107EF00080C2604218F040C2800860C0408680277F
:107F0000408A180000C184280AA6EE0800860300F3
:107F10002288614440468000008EE0FF06281EF063
:107F2000162B80C26C4218F010C63002EE080056C4
:107F3000020001441EF0162B80C2764218F010C6D3
:107F40003002EE08009ABC40162B80C28A4218F01C
:107F5000162B80C28E4218F040C2800860C0408656
:107F60008027408A180000C184280AA6EE080086EF
:107F700003000288614440468000008EE0FF06282E
:107F80001EF0162B80C29A4218F010C63002EE087E
:107F90000056020001441EF0162B80C2A04218F0C9
:107FA000162B80C2BA1318F010C6000230C60202A7
:107FB00006302630162B80C220600098B4A0162B05
:107FC00080C2206018F000C2200014F000C2280017
:107FD00014F0263806385EC0009810A0162B80C218
:107FE00020600098B4A0162B80C2206018F000C258
:107FF000730014F000C2290014F00AC014F0008EBF
:108000007CF140180000009880A0010400A80084C2
:108010002C88162B80C2C61318F0008E60F100A8C1
:108020000086200026880104008EF2FF0098ACA094
:10803000408A5A0100863F00408A5201402860C2AF
:10804000000840840A88604680004154008EF2FF98
:1080500066EE006000C186280AA6EE0800860300CE
:108060002C88162B80C2E81318F0008E10F1162B06
:1080700080C2FC1318F000C106C6006080280EA65E
:108080001EF0162B80C20A1418F0162B80C20C1496
:1080900018F000C106C6006080280AA6EE08162B5C
:1080A00080C2B413804000A814F00AC014F0162B4C
:1080B00080C21A1418F000C106C60060802802A60B
:1080C000EE08362BA0C22060402800C22400009A8F
:1080D00072430428009A2A430AC0009A724300C0DF
:1080E000009A7243162B80C2206018F0162B80C2B3
:1080F000281418F000C106C60060802800A6362BA0
:10810000A0C22060402800C22400009A72430428C4
:10811000009A5E430AC0009A724300C0009A7243FC
:10812000162B80C2206018F0162B80C2361418F06F
:1081300000C106C60060802816A61EF00AC014F012
:10814000162B80C2441418F000C106C600608028B7
:108150001CA61EF00AC014F0162B80C2521418F090
:1081600000C106C6006080281EA61EF00AC014F0DA
:10817000162B80C2601418F006C60060004660002E
:1081800000C1802818F00AC014F0008EF0EF162B02
:1081900080C2C61318F0008EE4EF6B2F4F533A20C5
:1081A0002020202076005368656C6C3A2020202027
:1081B0006B6F73682076312E300A000020205449FE
:1081C000442050544944204E414D45202020202039
:1081D00053542046472047465820504147452042A7
:1081E0004C4F434B5320425954455320205449434C
:1081F0004B530A00202000006B696C6C3A207573A9
:108200006167653A206B696C6C203C7469643E0A56
:1082100000006B696C6C3A20626164205449442010
:10822000286E65656420646563696D616C206E7598
:108230006D626572290A00006B696C6C3A006667B2
:108240003A2075736167653A206667203C746964FB
:108250003E0A000066673A20626164205449442067
:10826000286E65656420646563696D616C206E7558
:108270006D626572290A000066673A0052424455F1
:1082800057535469636B733A2020202000007573A4
:108290006167653A207461736B205449442020283B
:1082A000646563696D616C20302E2E3632290A00B8
:1082B000202028736C6F7420697320756E75736548
:1082C00064290A0020207461736B2049443A2020FD
:1082D00000000A00202073746174653A2020202079
:1082E00000002020706167653A20202020200000D7
:1082F0002020736176656420783A202000002020D9
:10830000706172656E743A20202000002020796927
:10831000656C64733A20202000002020707265652F
:108320006D7074733A20000020206E616D653A20F4
:1083300020202020000070730000696E666F00002E
:108340007461736B00006B696C6C00006667000001
:1083500040180000009880A0010400A800842C8828
:10836000162B80C29C1618F0008E12EE762A009A08
:108370007843408A8C00402862280429862800A877
:108380002028362BA0C2206000C22400009A72432D
:108390000428009A2A4300C23A00009A7243062831
:1083A000009A5E4300C22000009A7243009A724312
:1083B0000228009A2A4300C22000009A7243009AC1
:1083C000724300C22700009A7243022800862000F0
:1083D000688800867F004288048C00C22E00009AC4
:1083E000724300C22700009A72430AC0009A724387
:1083F00000C0009A7243162B80C2206018F0008ED5
:108400007CED162B80C29C1618F0008E70ED401883
:108410000000009880A0010400A800842C88162B7E
:1084200080C2CA1618F0008E54ED762A009A78435E
:10843000408A240106EE006026EE026080180000EB
:1084400020A80086200026882104008EF2FF0084E8
:108450001888201800000098B0A0408A0C00008600
:108460000010648800C20010048C00C2400006EEB8
:10847000046006C604600084008AD80006C6006056
:10848000002906C602608028362BA0C2066070C094
:1084900000A820D0010421046154208AF2FF362B69
:1084A000A0C2206000C22400009A724306C6006089
:1084B000EE08009A2A4300C23A00009A724306C6A8
:1084C0000260009A5E4300C22000009A7243009A44
:1084D000724360C0162B80C20660864000A8009AD6
:1084E0002A4300C22000009A724361447084608A6B
:1084F000E2FF00C22000009A724360C0162B80C2C7
:108500000660864000A800862000688800867F00FC
:108510004288048C00C22E00009A72436144708429
:10852000608AD8FF0AC0009A724300C0009A724362
:10853000162B80C2206018F006C60260104406EEBA
:10854000026006C6046010846A88105406EE046057
:10855000008E1EFF008E26EC162B80C2CA1618F065
:10856000008E1AEC75736167653A207065656B2043
:108570005B245D70703A5B245D6F6F6F6F20206FBE
:108580007220207065656B205B245D6F6F6F6F0AD2
:10859000000075736167653A2064756D70205B2417
:1085A0005D70703A5B245D6F6F6F6F205B6C656E02
:1085B0006774685D0A007065656B000064756D70B6
:1085C0000000162B80C2E02D18F000C006EEB2733A
:1085D00006C6B273008606005288009A563506C653
:1085E000B273014406EEB273008EE4FF008E8EEB90
:1085F00040180000009880A00104009AF848408AC2
:10860000600120180000082A06EEAE7000A8008461
:10861000008A4E0120C2FFFF00A80066FF00008410
:108620000E8800862F002288282A0104008EE8FF89
:108630002086FFFF088842284144008E340006C689
:10864000AE708028162B00A80066FF00009A821BDF
:10865000408A1A00010400A80066FF0000863A0064
:10866000208A0A0046C6AE704244008E040046C608
:10867000AE7046EEAA708428162B00A80066FF0094
:108680000084008A9A0000862A00008A0E00008674
:108690003F00008A06000104008EDEFF06C6AA70B5
:1086A00006EE4E762086FFFF008A140006C6AE70E6
:1086B0008028162B009AAE1B408A8600008EC600CA
:1086C00006C6AE708028162B00A80066FF00009A30
:1086D000821B408A2E00010400A80066FF0000866D
:1086E0003A00208A1E0006C6AE708028162B00A80D
:1086F000009A324600564100402800C006EEAC7099
:10870000008E8200162B80C2C06500A80056410072
:10871000402880C2C26500A006EEAC70008E6600E4
:10872000162B80C2AE2E86EE4E7606C6AE70802820
:10873000162B20C2FFFF009AAE1B408A0400008E59
:1087400044000086DCFF2C88162B80C26A2E18F0AD
:10875000008E2AEA162B80C2802E009AFE43008EDD
:108760001CEA162B80C2C06500A8005641004028B4
:10877000162B80C2C26500A006EEAC70162B80C21C
:10878000AE2E86EE4E7646EEA870162B80C2206086
:1087900000C2200000D0010400D0010406C6A87069
:1087A00026C6AC708EF0408A1800162B80C220605E
:1087B000009880A00AC000D0010400C000D0008E44
:1087C0003A00362BA0C2206000C22000009A7243FB
:1087D000009A724306C6A87000464100009A724390
:1087E00000C23A00009A724300C22F00009A7243FE
:1087F0000AC0009A724300C0009A7243162B80C2CE
:10880000206018F000C006EEA07006EEBC7006EE08
:10881000A27006EEA47060C066EEAA7006C6A870CC
:1088200026C6AA7046C6AC70162B80C2006780F0C0
:10883000408A200106C64E76162B8028362BA0C211
:108840000067009A4846408AFC00362BA0C2206090
:1088500000C22000009A724300C22000009A7243B6
:10886000162B80C2206700A80066FF000084208AC3
:10887000040080C2006740C22000009A1C3500C27C
:108880002000009A7243009A7243162B80C2106730
:1088900000A180C2126780A1162B80C20C6700A8BD
:1088A00000661000008A360000C23C00009A724345
:1088B00000C24400009A724300C24900009A724309
:1088C00000C25200009A724300C23E00009A7243F6
:1088D00006C6BC70014406EEBC70008E460006C69B
:1088E000A070014406EEA07006C6A27026C6A47051
:1088F0000440264806EEA27026EEA4706084208A0A
:108900000A000428009A8A34008E180000C242002F
:10891000009A724300C24900009A724300C24700A5
:10892000009A72430AC0009A724300C0009A7243D0
:10893000162B80C2206018F006C6AA70014406EE0D
:10894000AA70008ED6FE06C6AA70014406EEAA7072
:10895000008EC8FE362BA0C2206000C22000009A04
:108960007243009A724306C6A07043C0009AA034B6
:1089700006C6A0700184208A0A00162B80C28C2EA5
:10898000008E0600162B80C2922E46C0009AE2345A
:1089900006C6A27026C6A47049C0009A7C4500C2D3
:1089A0002000009A7243162B80C2A22E009ACA346D
:1089B00000C0009A7243162B80C2206018F0362B3C
:1089C000A0C2206000C22000009A7243009A724345
:1089D00006C6BC7043C0009AA03406C6BC700184B1
:1089E000208A0A00162B80C2982E008E0600162BB5
:1089F00080C29C2E46C0009AE23406C6A87088F059
:108A0000408A22002428009800A049C0009A7C4592
:108A100000C22000009A7243162B80C2A82E009A32
:108A2000CA34008E06000AC0009A724300C0009A41
:108A30007243162B80C2206018F0008E40E7162B80
:108A400080C2342E18F0008E34E7263020282066AD
:108A5000FF0020864100788820865B006C88208695
:108A600061006C8820867B0046882638A0C104F609
:108A70002638A1C104F6482A46EEB07026EEB27040
:108A80002086FFFF0E88A228362B20A946EEB47060
:108A900040C020D106C6B0708028162B362BA0C24D
:108AA000C06520A800564100A0C2C265A0A08CF0FD
:108AB00006EEB67026EEB87046EEBA70408A260012
:108AC000009A2A1C46C6BA7040661000108846C636
:108AD000B67006C6B87006EEAC70A0C104F600C24F
:108AE000DCFFA1C104F6009A2A1C06C6B670A1C11B
:108AF00004F626C6B2702086FFFF0A88A228362B0D
:108B000006C6B47020D004F640180000009880A07B
:108B10000104009AF848408A5A012018000000A871
:108B20000084008A4E0180180000009AE646201852
:108B30000000608A2C00362BA0C2C06520A94056D8
:108B40004100A0C2C265A0A0009AB81D408A0400DE
:108B5000008E2AE6162B80C2E62E009AFE43008E77
:108B60001CE6009A0C47408ADA0006EE207626EED4
:108B700058764028F20CE00CE00C4046600200C140
:108B8000842880460E0000A16428E00E0628E00E2E
:108B90000640E00E064006EE4C76E0500E2A06EE49
:108BA000287606C62076009A8847408AB40000845A
:108BB000008A9C0006EE247600C006EE227606C6E9
:108BC000227626C624760280408A6E004028E0087D
:108BD0006028E0086040E008604006C628766040F3
:108BE000362BA0C2D065162B862800A820D0008482
:108BF000088801042104008EF0FF162B80C2D06586
:108C000026C6587646C62076009AB81D608A1C0093
:108C10000630162B80C2D06518F000C2200014F078
:108C20000638162B80C2E62E009AFE4306C6227630
:108C3000014406EE2276008E84FF06C64C76E040A4
:108C4000008E3AE5162B80C2E23118F0008E2EE538
:108C500006C64C76E040162B80C2B43118F0008E68
:108C60001CE506C64C76E040162B80C2C03118F0D9
:108C7000008E0AE5162B80C2B02E18F0008EFEE49E
:108C800001C078F0408A46004028042820C2000233
:108C9000162B80C2AC607CF0408A26000084008ADB
:108CA0001800162B80C2AC60804020C080D0162BEC
:108CB00080C2AC6018F0008ED0FF04287AF0A0C10A
:108CC00004F6602804287AF00628A1C104F6A1C1A0
:108CD00004F640180000009880A0010400A8008657
:108CE000200026880104008EF2FF0084008AF20131
:108CF000008661006A88008667004488005620006C
:108D000000864100008AE60100864200608ADE019A
:108D100000864700408AD6010056410040280104E1
:108D200000A800863A002288010400A800862000DE
:108D300026880104008EF2FF0084008A8000362B12
:108D4000A0C2CC2F2BC02084008A640000A800841D
:108D5000008A480000862000008A400000866100EA
:108D60006A8800867B0044880056200000865F00E9
:108D70001E8800863000608A5C0100863A00708898
:108D800000864100608A4E0100865B00408A4601F1
:108D900020D0010421042154008EAAFF2084008ADF
:108DA0000E0000C2200020D021042154008EECFFD0
:108DB000362BA0C2DE2F01C020D0008EB200362B91
:108DC000A0C2DE2F00C020D040860100008A4C00E7
:108DD0004630042800560200162B80C2CC2F009883
:108DE00018A24638408A3400362BA0C2CC2F20C0AF
:108DF0002B844E8820A800840C8821042144008EF6
:108E0000EEFF008E6A002B844E8800C2200020D026
:108E100021042144008EEEFF008E5400362BA0C2A8
:108E2000CC2F00C2550020D0210400C2530020D016
:108E3000210400C2450020D0210400C2520020D0ED
:108E4000210400C2440020D0210400C2410020D0EF
:108E5000210400C2540020D0210400C2410020D0CF
:108E6000210400C2200020D0210420D0210420D0E1
:108E70000428162B80C2CC2F82F0408A7C00362B2F
:108E8000A0C2DE2F20A80084008A3200362BA0C2A8
:108E9000D62F2BC020A8008620002888A15421545A
:108EA000208AF0FF210400C020D0042800560200D0
:108EB000162B80C2CC2F009814A2408A0C00162BCF
:108EC00080C2C82F18F0008EB4E2162B80C2942FF7
:108ED00018F0008EA8E2162B80C2582F18F0008ED2
:108EE0009CE2162B80C2FC2E18F0008E90E2162B0E
:108EF00080C2282F18F0008E84E2162B80C2842FA7
:108F0000009AFE43008E76E240180000009880A090
:108F1000010400A80086200026880104008EF2FFCC
:108F20000084008A4E0160C0A82A302B20A940840A
:108F3000008A06002104008EF2FFA8802688308176
:108F4000008A3800210620A940862000008AEAFF16
:108F500040862600208A240040C020D161C0A8801D
:108F600026883081008A1400210620A9408620002E
:108F7000208A080040C020D1008EE2FF00A80066D1
:108F8000FF0000862200208A3200010480180000C1
:108F900020A80066FF000084008A06002104008EDD
:108FA000EEFFA880008A1400210620A80066FF00BA
:108FB00000862200208A040000C020D0362BA0C2E8
:108FC000F865A0C9362BA0C2C06520A94056410053
:108FD000A0C2C265A0A000C03EF0408AA200402806
:108FE000362BA0C2F865A0A16084208A480004281E
:108FF0003CF0408A98004028362BA0C2206000C276
:109000005B00009A7243162B80C23230009ACA3439
:109010000428009A8A3400C25D00009A72430AC094
:10902000009A724300C0009A7243162B80C22060DF
:1090300018F0008E48E1362BA0C2206000C25B0011
:10904000009A7243162B80C23830009ACA34042822
:10905000009A8A3400C25D00009A72430AC0009AE6
:10906000724300C0009A7243162B80C2206018F031
:10907000008E0AE1162B80C2E02F18F0008EFEE071
:10908000162B80C20E30009AFE43008EF0E0162BA5
:1090900080C22030009AFE43008EE2E040180000BB
:1090A000009880A00104009AF848408A6E020A2ABB
:1090B00006EEBC75009AF848408A60020A2A06EE5D
:1090C000BE75162B06C6BC758028009AE646608AD7
:1090D0004600009A4048009A5C48009A6C24408AF6
:1090E0000C00162B80C2CE3018F0008E90E0008667
:1090F0000180008A320200860280008A0E00162B50
:1091000080C2BE30009AFE43008E72E0162B80C2F1
:10911000A63018F0008E66E0162B06C6BE758028B5
:10912000009AE646608AAC01162B06C6BE758028FA
:10913000009A0C47408AB40120A80084208AA0012C
:1091400006C6BE75162B06C6BE758028009A0C474B
:1091500006EE5076162B06C6BC758028009A0C4782
:10916000408A880106EE207626EE587626EE547662
:1091700006EE56764028F20CE00CE00C4046600209
:1091800000C1842880460E0000A16428E00E062855
:10919000E00E0640E00E064006EE4C76E0500E2A49
:1091A00006EE287606C62076009A8847408A5A013D
:1091B0000084008A420106EE247600C006EE227684
:1091C00006C6227626C624760280408AFC00402805
:1091D000E0086028E0086040E008604006C62876A5
:1091E000604066EE5276362BA0C2D06506C6527637
:1091F000162B802800A820D00084088801042104B0
:10920000008EF0FF00C2D06506EEBC75362BA0C202
:10921000E06506C650760046410020D0210400C219
:109220003A0020D0210406C65276162B802800A8CA
:1092300020D00084088801042104008EF0FF00C2C1
:10924000E06506EEBE75009A6C24408A2A00162B53
:1092500080C2D06518F0162B80C2663218F0162B2B
:1092600080C2E06518F00AC014F006C622760144F8
:1092700006EE2276008E48FF063006C64C76E040A9
:1092800006380630162B80C2D06518F000C22000C8
:1092900014F0063800860280008A160000860180DD
:1092A000008A1A00162B80C2BE30009AFE43008E40
:1092B000CCDE162B80C2A63018F0008EC0DE162B36
:1092C00080C27C3018F0008EB4DE06C64C76E040DA
:1092D000008EAADE162B80C2103218F0008E9EDEA1
:1092E000162B80C2363218F0008E92DE162B80C20A
:1092F000E23118F0008E86DE06C64C76E040162B72
:1093000080C2B43118F0008E74DE06C64C76E040A0
:10931000162B80C2C03118F0008E62DE162B80C280
:109320003C3018F0008E56DE162B80C27C3018F0D0
:10933000008E4ADE162B06C6BC758028362B06C664
:10934000BE75A02800A8A0A8008661006A880086D3
:109350007B00448800562000208661006A882086B1
:109360007B00448820562000028036880084008AD2
:10937000080001042104008ECAFF00C20180A1C1BF
:1093800004F6162B06C6BC75802801C026C6547686
:1093900046C6567678F0408A8E0006EEB875162BD3
:1093A00006C6BE75802801C026C6547646C65676C7
:1093B00078F050887AF006C6B8757AF000C202805C
:1093C000A1C104F6162B06C6BE7580280EC026C69F
:1093D000547646C6567678F0408A500006EEBA7546
:1093E00006C6B87520C20002162B80C2B8637CF096
:1093F000408A46000084008A1E00602806C6BA75AE
:109400002628162B80C2B8637EF0408A2C00068086
:10941000208A3A00008EC8FF06C6BA757AF006C6E2
:10942000B8757AF0A0C104F6A1C104F6402806C6BA
:10943000B8757AF00428A1C104F6402806C6B875AC
:109440007AF006C6BA757AF00428A1C104F640285D
:1094500006C6B8757AF006C6BA757AF00428A1C1B6
:1094600004F640180000009880A00104009AF84813
:10947000408A60012018000080180000009AE6462B
:1094800020180000608A2600362BA0C2C06520A9E3
:1094900040564100A0C2C265A0A0009A2627408A7B
:1094A0003E01162B80C2C82F18F0008ED0DC009A27
:1094B0000C47408AEE0006EE207626EE58764028CD
:1094C000F20CE00CE00C4046600200C184288046AB
:1094D0000E0000A16428E00E0628E00E0640E00E13
:1094E000064006EE4C76E0500E2A06EE287606C6BA
:1094F0002076009A8847408AC8000084008AB0001D
:1095000006EE247600C006EE227606C6227626C631
:1095100024760280408A82004028E0086028E00823
:109520006040E008604006C628766040362BA0C246
:10953000D065162B862800A820D000840888010456
:109540002104008EF0FF162B80C2D06526C6587607
:1095500046C62076009A2627608A20000630162B01
:1095600080C2D06518F000C2200014F00638162B17
:1095700080C20631009AFE43008E1000162B80C276
:10958000D06518F0162B80C2063218F006C6227677
:10959000014406EE2276008E70FF06C64C76E0404F
:1095A000008EDADB162B80C2E23118F0008ECEDBA3
:1095B00006C64C76E040162B80C2B43118F0008EFF
:1095C000BCDB06C64C76E040162B80C2C03118F0DA
:1095D000008EAADB162B80C2D23018F0008E9EDBE4
:1095E000162B80C20631009AFE43008E90DB84F079
:1095F00004F640180000009880A00104009AF84882
:10960000408A280020180000362BA0C2C06520A880
:1096100000564100A0C2C265A0A08AF0408A18008E
:10962000162B80C2C82F18F0008E52DB162B80C27A
:10963000123118F0008E46DB162B80C23E31009AA4
:10964000FE43008E38DB40180000009880A0010423
:10965000009AF848408A080020180000008E0E008A
:1096600000C0362BA0C2C26520C8008E10DB362B8E
:10967000A0C2C06520A800564100A0C2C265A0A03B
:109680008CF0408A2C00642860661000008A160066
:1096900000464100362BA0C2C06520D0A0C2C265E2
:1096A000A0C8008ED8DA162B80C24C3118F0008E7C
:1096B000CCDA162B80C26231009AFE43008EBEDAED
:1096C000362BA0C2C06520A800564100A0C2C265CA
:1096D000A0A0162B80C220608EF0408A2000162B9E
:1096E00080C22060009880A00AC000D0010400C0A1
:1096F00000D0162B80C2206018F0008E80DA162B66
:1097000080C26E31009AFE43008E72DA401800006B
:10971000009880A00104009AF848408A2800201888
:109720000000362BA0C2C06520A800564100A0C290
:10973000C265A0A090F0408A1800162B80C2C82FE6
:1097400018F0008E38DA162B80C27A3118F0008EAD
:109750002CDA162B80C2A631009AFE43008E1EDA48
:1097600040180000009880A00104009AF848408A40
:10977000C0020A2A06EEBC75009AF848408AB20276
:109780000A2A06EEBE75162B06C6BC758028009AFE
:10979000E646608A6600009A4048009A5C48009A53
:1097A000762B408A0C00162B80C2C82F18F0008E32
:1097B000CCD900860380008A1E0000860180008AC2
:1097C0002E0000860280008A1A00162B80C2AE325C
:1097D000009AFE43008EA6D9162B80C2F03218F0F4
:1097E000008E9AD9162B80C2BA3218F0008E8ED90C
:1097F000162B80C27C3018F0008E82D9162B06C63C
:10980000BE758028009AE646608ADE01162B06C6E1
:10981000BE758028009A0C47408AE60120A8008483
:10982000208AD201162B06C6BE758028009A0C47E6
:1098300006EE5076162B06C6BC758028009A0C479B
:10984000408ABE0106EE207626EE587626EE547645
:1098500006EE56764028F20CE00CE00C4046600222
:1098600000C1842880460E0000A16428E00E06286E
:10987000E00E0640E00E064006EE4C76E0500E2A62
:1098800006EE287606C62076009A8847408A900120
:109890000084008A780106EE247600C006EE227667
:1098A00006C6227626C624760280408A32014028E7
:1098B000E0086028E0086040E008604006C62876BE
:1098C000604066EE5276362BA0C2D06506C6527650
:1098D000162B802800A820D00084088801042104C9
:1098E000008EF0FF00C2D06506EEBC75362BA0C21C
:1098F000E06506C650760046410020D0210400C233
:109900003A0020D0210406C65276162B802800A8E3
:1099100020D00084088801042104008EF0FF00C2DA
:10992000E06506EEBE75009A762B408A2A00162B5B
:1099300080C2D06518F0162B80C2663218F0162B44
:1099400080C2E06518F00AC014F006C62276014411
:1099500006EE2276008E48FF00860380208A2E00C5
:10996000162B80C2D06518F0162B80C2663218F014
:10997000162B80C2E06518F0162B80C21A3318F03F
:1099800006C62276014406EE2276008E12FF0630CD
:1099900006C64C76E04006380630162B80C2D065ED
:1099A00018F000C2200014F0063800860280008AF9
:1099B000160000860180008A1A00162B80C2AE3283
:1099C000009AFE43008EB6D7162B80C2BA3218F02A
:1099D000008EAAD7162B80C27C3018F0008E9ED73E
:1099E00006C64C76E040008E94D7162B80C210320B
:1099F00018F0008E88D7162B80C2363218F0008EF1
:109A00007CD7162B80C2E23118F0008E70D706C6C4
:109A10004C76E040162B80C2B43118F0008E5ED731
:109A200006C64C76E040162B80C2C03118F0008E7E
:109A30004CD7162B80C26C3218F0008E40D7162BF4
:109A400006C6BC758028362B06C6BE75A02826C65D
:109A5000547646C6567686F0608A0C000086FDFF76
:109A6000008A0800A1C104F6A0C104F6009A6C2483
:109A7000408A1A00162B06C6BC75802826C6547666
:109A800046C6567684F0408A0800A0C104F6A1C1FB
:109A900004F60086E2FF248800C20380A1C104F618
:109AA00040180000009880A0010440C046EEF27506
:109AB000009AF848408A24010A2A06EEF07500A8A8
:109AC0000084008A2800008620001C8800862D0063
:109AD0003688010400A800866600068800864600D5
:109AE000268801C006EEF2750104008ED0FF162B09
:109AF00006C6F075802800981CA2408AEA0006EE8F
:109B0000F675162B06C6F0758028362BA0C2D065D8
:109B1000009A1C45122B8A2A06C6F27500843888E2
:109B200001C078F052887AF0162B80C2763318F094
:109B3000009820A2008E46D6162B80C2D0650EC09B
:109B400078F0408AB00006EEF47500C006EE10769C
:109B500006EE1276162B80C2B86300C2000200988F
:109B600024A2408AA6000084008A3200602806C62B
:109B7000F4752628162B80C2B8637EF0408AA800B0
:109B80000680208A0C0126C61076204026EE10762C
:109B900026C61276204C26EE1276008EB6FF06C63A
:109BA000F4757AF0009820A2362BA0C22060162B04
:109BB00080C21E34009ACA3406C6F675009A8A34EA
:109BC000162B80C22634009ACA3400C0009A724311
:109BD000162B80C2206018F0008EA2D5162B80C2F2
:109BE0003E3318F0008E96D5162B80C2A633009A0D
:109BF000FE43008E88D56028009820A20628162BE8
:109C000080C2C233009AFE43008E72D5602806C619
:109C1000F4757AF0009820A20628162B80C2E23351
:109C2000009AFE43008E56D506EE147606C61076D0
:109C3000024006EE107606C61276004C06EE12764C
:109C400006C6F4757AF0009820A2362BA0C22060D8
:109C5000162B80C22E34009ACA3406C6107626C649
:109C6000127640C0009A7C45162B80C23C34009A84
:109C7000CA3400C0009A7243162B80C2206018F0CC
:109C800006C61476162B80C2F833009AFE43008E67
:109C9000ECD406C6F4757AF0009820A2162B80C288
:109CA0000A3418F0008ED6D4447269766520204CB0
:109CB0006162656C20202020202020202020546F0D
:109CC00074616C20202020205573656420202020A2
:109CD000204672656520557365250A00286E6F74ED
:109CE000206D6F756E746564290028756E666F72DD
:109CF0006D61747465643A200000290075736167B2
:109D0000653A206C73205B706174685D5B70617490
:109D10007465726E5D2020652E672E206C73202086
:109D20006C7320464F4F20206C73202A2E434F4DDA
:109D30000A006C733A206E6F74206120646972654A
:109D400063746F72790A00006C733A206661696C03
:109D50006564000066696C65000066696C65730087
:109D600064697200646972730000757365640A0047
:109D7000667265650A002A0075736167653A20633B
:109D80006174203C706174683E20202020652E673D
:109D90002E2063617420423A4E4F5445532E54583E
:109DA000542020636174202A2E5458540A006361A1
:109DB000743A2063616E6E6F74206F70656E2066FA
:109DC000696C650075736167653A20666F726D61D5
:109DD00074203C64726976653E205B6C6162656CE0
:109DE0005D20202064726976653D422E2E460A0071
:109DF000666F726D61743A20626164206472697684
:109E0000652028422E2E46206F6E6C793B20413A09
:109E100020697320726561642D6F6E6C79290A0068
:109E2000666F726D61743A20626164206C61626574
:109E30006C202875736520412E2E5A2C20302E2E32
:109E4000392C205F206F6E6C79290A00666F726D65
:109E500061743A206661696C65640000666F726DBA
:109E600061743A204F4B20287761726E696E673AB1
:109E700020686F73742066696C656E616D65207211
:109E8000656E616D65206661696C6564290A000014
:109E90004F4B0A0055534552444154412020200065
:109EA000000000000000000075736167653A2072D1
:109EB000756E203C706174683E205B265D2020201A
:109EC000652E672E2072756E20413A48454C4C4FE6
:109ED0002E434F4D0A0072756E3A2063616E6E6FAD
:109EE000742065786563000072756E3A2077616949
:109EF00074206661696C656400006578697420008F
:109F00006267200075736167653A206370203C7357
:109F100072633E203C6473743E202020652E672EC1
:109F200020637020413A48492E434F4D20423A4821
:109F3000492E434F4D20206370202A2E434F4D2041
:109F4000423A0A0063703A20736F7572636520614C
:109F50006E642064657374696E6174696F6E2061EC
:109F60007265207468652073616D650A0000637016
:109F70003A2064657374696E6174696F6E206578E8
:109F8000697374730A0063703A207772697465208C
:109F90006572726F72004F4B0A0075736167653AA4
:109FA00020726D203C706174683E20202020206566
:109FB0002E672E20726D20423A48454C4C4F2E435E
:109FC0004F4D2020726D202A2E544D500A00726D84
:109FD0003A206661696C6564000075736167653A73
:109FE000206D6B646972203C706174683E20202093
:109FF0002020652E672E206D6B64697220423A53D3
:10A00000545546460A006D6B6469723A2066616970
:10A010006C65640063643A206E6F7420612064692B
:10A02000726563746F72790A000063643A20666136
:10A03000696C656400007077643A206661696C65DC
:10A04000640075736167653A20726D646972203CC3
:10A05000706174683E2020202020652E672E2072BB
:10A060006D64697220423A53545546460A00726D37
:10A070006469723A206661696C6564006E6F206D78
:10A080006174636865730A00746F6F206D616E7927
:10A09000206D6174636865733B20726566696E65E7
:10A0A000207061747465726E0A006472697665204E
:10A0B0006C65747465722063616E6E6F7420626586
:10A0C00020612077696C64636172640A0000207209
:10A0D000656D6F7665640A0064657374696E61749A
:10A0E000696F6E2063616E6E6F7420636F6E746152
:10A0F000696E2077696C6463617264730A006D75C0
:10A100006C7469706C6520736F7572636573206E13
:10A110006565642061206472697665207461726788
:10A1200065742028652E672E20423A290A00202DCA
:10A130003E20000075736167653A206D76203C73A0
:10A1400072633E203C6473743E202020652E672E8F
:10A15000206D7620423A4F4C442E54585420423AB7
:10A160004E45572E54585420206D76202A2E545890
:10A170005420433A0A006D763A206661696C656442
:10A1800000006D763A2064657374696E6174696F5E
:10A190006E206578697374730A006D763A20636F78
:10A1A0007079204F4B2062757420756E6C696E6BF0
:10A1B000206661696C6564006D6F76656420287344
:10A1C0006F7572636520726561642D6F6E6C792C9A
:10A1D000206C65667420696E20706C616365290A65
:10A1E00000002028736F7572636520726561642DAD
:10A1F0006F6E6C792C206C65667420696E20706CB3
:10A20000616365290A0075736167653A206C6F6147
:10A2100064203C6E616D653E205B2D665D202020D4
:10A2200072656164732066726F6D20686F7374204D
:10A230006C6F61642F20666F6C6465720A006C6FCE
:10A2400061643A2064657374696E6174696F6E202D
:10A250006578697374732028757365202D66207482
:10A260006F206F7665727772697465290A006C6F6A
:10A2700061643A2063616E6E6F74206F70656E204A
:10A28000686F73742066696C65006C6F61643A2056
:10A2900063616E6E6F7420637265617465206465BE
:10A2A0007374696E6174696F6E006C6F61643A20DB
:10A2B000686F73742072656164206572726F7200DA
:10A2C0006C6F61643A207772697465206572726F91
:10A2D00072006C6F61643A2073686F7274207772D9
:10A2E0006974650A00006C6F616465642000206217
:10A2F000797465730A006C6F61643A2077726F74C9
:10A3000065200000207468656E206661696C656474
:10A310003A0A0000766F6C006C7300006361740091
:10A32000666F726D6174000072756E00637000007C
:10A33000726D00006D6B6469720063640000707779
:10A340006400726D646972006D7600006C6F616408
:10A35000000006340632201800000098A4A08018DF
:10A360000000063A063C04F664282A2A009A8A3439
:10A370000A2A025046284050608A14004084008A0D
:10A380000E0000C22000009A72434154008EECFF80
:10A3900004F6063400A80084008A0A0020D00104D4
:10A3A0002104008EEEFF063C04F6063426302428F5
:10A3B0002084008A280000A80084008A0C0020D095
:10A3C000010421042154008EE6FF2084008A0E003F
:10A3D00000C2200020D021042154008EECFF26383A
:10A3E000063C04F606342630242800A80084008A9F
:10A3F000120020D0010421042084008AECFF2154A3
:10A40000008EE6FF2084008A0E0000C2200020D0CB
:10A4100021042154008EECFF2638063C04F606EE9B
:10A42000B273362BA0C2206006C6B273004641004C
:10A43000009A724300C23A00009A724300C22000A0
:10A44000009A7243009A7243009A7243009A7243D0
:10A45000009A724306C6B27388F0408A0A0106EE7B
:10A46000FA7526EEFC7546EE0E7646C6B273F20C11
:10A47000E00CE00C4046600200C1842880462200C7
:10A480002BC000A820D0010421042154208AF2FF0F
:10A4900000C22000009A724306C6FC7526C60E76DE
:10A4A000009800A048C0009A7C4500C22000009A95
:10A4B000724306C6FC7526C6FA75025026C60E768D
:10A4C000009800A048C0009A7C4500C22000009A75
:10A4D000724306C6FA7526C60E76009800A048C0DC
:10A4E000009A7C4500C22000009A724306C6FC75A3
:10A4F00026C6FA75025020C26400009800A046C625
:10A50000FC75009810A006300634162B80C2FE653C
:10A5100064A60098A4A06028063C263843C0465094
:10A52000728800C2200040840A8820D0210441544F
:10A53000008EF2FF0634162B80C2FE6560840E8802
:10A5400000A820D0010421046154008EEEFF063CD7
:10A5500000C22500009A72430AC0009A724300C0EC
:10A56000009A7243008E560006C6B2730284608A57
:10A57000360002548634162B80C2EE3E009818A294
:10A58000863C408A2200162B80C2222E009ACA34B2
:10A59000162B80C2EE3E009ACA34162B80C2322E91
:10A5A000009ACA34008E0A00162B80C2142E009A1C
:10A5B000CA340AC0009A724300C0009A7243162B34
:10A5C00080C2206018F004F6162B80C2B06200989A
:10A5D00000A2408ABE0000C2B06206EEB673162B1F
:10A5E00006C6B673802800A80084008A90CB362B5C
:10A5F000A0C2206000C22000009A724300C2200066
:10A60000009A724360C000A80084008A0C0020D029
:10A61000010421046144008EECFF010400A901043F
:10A620000104082A06EEB67370844E8800C220002A
:10A63000009A72436144008EEEFF4086FF00008A5C
:10A640003A0000C25B00009A724300C26F00009A99
:10A65000724300C26E00009A724300C22000009A4A
:10A660007243042800464300009A724300C23A0035
:10A67000009A724300C25D00009A72430AC0009AB9
:10A68000724300C0009A7243162B80C2206018F0FB
:10A69000008E4AFF162B80C2F03918F0008EDECAF9
:10A6A00040180000009880A00104009AF848408AF1
:10A6B0006C0000A80086200026880104008EF2FFAE
:10A6C0000084008A58000066FF00008661006A88E6
:10A6D0000086670044880056200000864300608A98
:10A6E000480000864700408A40000056410006EEC0
:10A6F000B2732018000006C6B2730056020000981C
:10A7000004A2408A300006C6B273009818A0408A9E
:10A710003000162B80C2EC3918F0008E60CA162B60
:10A7200080C2163A18F0008E54CA162B80C2423AE4
:10A7300018F0008E48CA162B80C2563A18F0008EC8
:10A740003CCA162B80C2843A18F0008E30CA4018DA
:10A750000000009880A0010400A800862000268840
:10A760000104008EF2FF0084008A5C000066FF0096
:10A77000008661006A8800866700448800562000D1
:10A7800000864300608A4C0000864700408A4400EF
:10A790000056410006EEB2732028F20AE00AE00AF1
:10A7A0002046600200C1822840C000D706C6B273AE
:10A7B00000560200009808A2408A2400162B80C28E
:10A7C000EC3918F0008EB6C9162B80C2C23A18F0C8
:10A7D000008EAAC9162B80C2423A18F0008E9EC97C
:10A7E000162B80C2EE3A18F0008E92C94018000075
:10A7F000009880A00104009AF848408A440000A80C
:10A800000086200026880104008EF2FF0084008A62
:10A8100030000098ACA0408A340000864000608A76
:10A82000380006EEB4732018000006C6B473009812
:10A830000CA2408A3000162B80C2EC3918F0008E32
:10A840003CC9162B80C2103B18F0008E30C9162B65
:10A8500080C2423B18F0008E24C9162B80C25C3B9C
:10A8600018F0008E18C9162B80C2803B18F0008E9D
:10A870000CC940180000009880A00104009AF84814
:10A88000408A180020180000009810A2408A180082
:10A89000162B80C2EC3918F0008EE2C8162B80C24D
:10A8A000AA3B18F0008ED6C8162B80C2C03B18F009
:10A8B000008ECAC84F4B0A0028686F737420646901
:10A8C000736B20636F6E74726F6C6C6572206E6F49
:10A8D0007420617661696C61626C65290A00757328
:10A8E0006167653A206D6F756E74203C6E616D65B1
:10A8F0003E203C64726976653E20202020206472F0
:10A900006976653D432E2E460A006472697665209D
:10A910006D75737420626520432E2E460A006D6F9C
:10A92000756E743A206661696C6564202866696C8E
:10A9300065206D697373696E67206F72206261793B
:10A9400020696E207573653F290A00006D6F756E72
:10A95000743A20626F756E642C206472697665208B
:10A96000756E666F726D61747465642028757365A9
:10A970002027666F726D61742720746F20696E697D
:10A980007469616C697365290A0075736167653A5A
:10A9900020756E6D6F756E74203C64726976653ECD
:10A9A0002020202020202020202064726976653D10
:10A9B000432E2E460A00756E6D6F756E743A2066D2
:10A9C00061696C6564202862617920776173206514
:10A9D0006D7074793F290A0075736167653A206D5F
:10A9E0006B6469736B203C6E616D653E203C7365E2
:10A9F00063746F72733E202028736563746F727383
:10AA0000203E3D203634290A00006D6B6469736B6B
:10AA10003A2062616420736563746F7220636F759E
:10AA20006E740A006D6B6469736B3A206D696E69B0
:10AA30006D756D20363420736563746F72732028D2
:10AA40003332204B42290A006D6B6469736B3A20E4
:10AA50006661696C656420286E616D6520696E2091
:10AA60007573652C20626164206E616D653F290AF3
:10AA7000000075736167653A20726D6469736B20BD
:10AA80003C6E616D653E0A00726D6469736B3A20BD
:10AA90006661696C656420287374696C6C206D6FE5
:10AAA000756E7465642C206D697373696E673F29D8
:10AAB0000A0040180000009880A0010400A8008649
:10AAC000200026880104008EF2FF0084008AE00046
:10AAD0000066FF00008661006A880086670044887F
:10AAE0000056200000864300608AD00000864700A0
:10AAF000408AC8000056410006EEB273010400A867
:10AB000000863A002288010400A8008620002688DA
:10AB10000104008EF2FF0084008A9400362BA0C24C
:10AB2000EE3E2FC02084008A500000A80084008AD6
:10AB3000580000862000008A5000008661006A8864
:10AB400000867B0044880056200000865F001E8837
:10AB500000863000608A700000863A0070880086A7
:10AB60004100608A620000865B00408A5A0020D063
:10AB7000010421042154008EAAFF00A800840A8841
:10AB8000008620000488008E3E0000C020D006C64B
:10AB9000B27300560200162B80C2EE3E009814A23B
:10ABA000408A3000162B80C2EC3918F0008ECEC5DA
:10ABB000162B80C2F43D18F0008EC2C5162B80C241
:10ABC000223E18F0008EB6C5162B80C2423E18F009
:10ABD000008EAAC5162B80C26E3E18F0008E9EC550
:10ABE00040180000009880A0010400A80086200002
:10ABF00026880104008EF2FF0084008A9800006617
:10AC0000FF00008661006A8800866700448800565D
:10AC1000200000864300608A880000864700408A42
:10AC200080000056410006EEB27306C6B2730056AD
:10AC30000200162B80C2EE3E009818A2408A6E00D9
:10AC400006C6B2732028F20AE00AE00A2046600233
:10AC500000C1822840C000D706C6B2730056020069
:10AC6000009808A2408A4600162B80C2EE3E06C617
:10AC7000B27300560200009804A2408A300006C653
:10AC8000B273009818A0408A2400162B80C2EC39B9
:10AC900018F0008EE8C4162B80C2983E18F0008E83
:10ACA000DCC4162B80C2BE3E18F0008ED0C4162B1A
:10ACB00080C2DE3E009AFE43008EC2C47573616797
:10ACC000653A2072656E616D65203C6472697665D7
:10ACD0003E203C6E65776E616D653E20202064727B
:10ACE0006976653D432E2E460A0072656E616D657C
:10ACF0003A206261642064726976652028432E2EB2
:10AD000046206F6E6C79290A000072656E616D6570
:10AD10003A20626164206E616D652028757365203C
:10AD2000412E2E5A2C20302E2E392C205F206F6E73
:10AD30006C79290A000072656E616D653A20666162
:10AD4000696C656420286E616D6520696E2075737D
:10AD5000652C2062617920656D7074793F290A0045
:10AD600075736167653A2072656D6F756E74203C0E
:10AD700064726976653E20202064726976653D4381
:10AD80002E2E460A000072656D6F756E743A206251
:10AD900061642064726976652028432E2E46206FF8
:10ADA0006E6C79290A0072656D6F756E743A206653
:10ADB00061696C6564000000000000000000000094
:10ADC0000000000000006469736B73006D6F756EA6
:10ADD0007400756E6D6F756E74006D6B6469736B66
:10ADE0000000726D6469736B000072656E616D6561
:10ADF000000072656D6F756E74002630463022F06B
:10AE0000162B80C22C4118F0162B80C2404118F03E
:10AE1000009AF640162B80C25E4118F0009A1C4141
:10AE20000AC014F0162B80C2604118F0162B80C2A5
:10AE3000964118F00AC014F0162B80C2D24118F0C7
:10AE400010C61C02EE08008601000888162B80C27E
:10AE5000F841068C162B80C2DE4118F0162B80C2FA
:10AE60000C4218F0162B80C22E4218F010C62C028D
:10AE70001EF0162B80C2444218F010C62A021EF0A3
:10AE8000162B80C2544218F0162B80C2604218F074
:10AE900040C2800820C040868027408A180000C138
:10AEA00084280AA6EE080086030022882144404632
:10AEB0008000008EE0FF02281EF0162B80C26C423C
:10AEC00018F010C63002EE080056020001441EF0D1
:10AED000162B80C2764218F010C63002EE08009A97
:10AEE000BC40162B80C28A4218F0162B80C28E42BC
:10AEF00018F040C2800820C040868027408A180091
:10AF000000C184280AA6EE080086030002882144B6
:10AF100040468000008EE0FF02281EF0162B80C203
:10AF20009A4218F010C63002EE08005602000144A2
:10AF30001EF0162B80C2A04218F0162B80C2B2421F
:10AF400018F010C606A3EE081EF000C2200014F090
:10AF500010C604A3EE080154E008E0080046BE4213
:10AF60008028162B18F000C2200014F010C602A38F
:10AF70001EF00AC014F0162B80C2EE4218F04638BC
:10AF8000263804F62630463040282428F00A2F645C
:10AF90002A84668820463700048C20463000022828
:10AFA00014F024282F642A84668820463700048CF5
:10AFB00020463000022814F04638263804F610C621
:10AFC00000A3EC081EF000C22E0014F010C600A36F
:10AFD000EE080A844A88063000C2300014F00638B1
:10AFE0001EF004F610C60AA3002910C608A3802884
:10AFF00018F004F6205F2020202020205F5F5F5F94
:10B000005F20205F5F5F0A007C207C5F5F20202F35
:10B01000202F205F205C2F205F5F7C2020206B2F63
:10B020004F532020760020007C202F202F202F201F
:10B030002F20285F29205C5F5F205C2020204D7539
:10B040006C74697461736B696E67204F70657261AF
:10B0500074696E672053797374656D0A00007C5FB4
:10B060005C5F5C2F5F2F205C5F5F5F2F7C5F5F5FAB
:10B070002F2020204B3136204350552050726F6ACC
:10B080006563742028632920323032362050617580
:10B090006C204265726765720A00486F73743A20CB
:10B0A0002020202000004469676974616C202864B6
:10B0B000756D622D5454592C20324D42290A0000DE
:10B0C000454D55202856543130302C2031364D42D4
:10B0D000290A00004B65726E656C3A202020506191
:10B0E0006765202430302C20737461636B20244604
:10B0F0004646450A0000486561703A20202020201D
:10B1000050616765202430312C2000002062797462
:10B110006573206672656520696E20002072656720
:10B12000696F6E2873290A0050616765733A2020A1
:10B13000202000002066726565206F662000207563
:10B1400073657220706167657320282430322E2E5B
:10B150002400290A00005461736B733A20202020D8
:10B160000000206F66200000207573657220282B78
:10B1700020312069646C65290A00426F6F743A209F
:10B180002020202000004A616E00466562004D616B
:10B190007200417072004D6179004A756E004A7507
:10B1A0006C0041756700536570004F6374004E6F0B
:10B1B0007600446563002D2D2D2D2D2D2D2D2D2D4B
:10B1C0002D2D2D2D2D2D2D2D2D2D2D2D2D2D2D2DAF
:10B1D0002D2D2D2D2D2D2D2D2D2D2D2D2D2D2D2D9F
:10B1E0002D2D2D2D2D2D2D2D2D2D2D2D2D2D2D2D8F
:10B1F0000A0026302028F0080F640A84668800467A
:10B200003700048C0046300020D0210402280F644F
:10B210000A84668800463700048C0046300020D03F
:10B220002104263804F646304028EA08009A2A43CA
:10B230000428009A2A43463804F620D0210404F654
:10B2400086348018000020A940862000268821042A
:10B25000008EF2FF201800000098B0A0408A3E0047
:10B26000A24020A940863A00108820280628EE082F
:10B2700020180000A0C1008E260021042018000024
:10B2800006300098B0A0408A1200A240202806385C
:10B29000EE0820180000A0C1008E04004638A1C1AD
:10B2A000863C04F62028162B80C2644A00A0008445
:10B2B0001088028006880404008EF0FF02A6802811
:10B2C00004F680C004F646306630402818F00428A2
:10B2D000009ADC43682A362BA0C2206000C22000FE
:10B2E000009A724300C25B00009A724360840A882D
:10B2F000162B8628009ACA340A8C162B80C2EA4B79
:10B30000009ACA3400C22000009A724300C224008E
:10B31000009A72430428009A5E4300C25D00009ABE
:10B3200072430AC0009A724300C0009A7243162BFF
:10B3300080C2206018F06638463804F6162B80C2AA
:10B34000C06500A800864100608A120000864700A0
:10B35000408A0A000056410000981CA06C8800C278
:10B360004200162B80C2C06500D0162B80C2C0657B
:10B3700000A800564100362BA0C2C265A0A0162B23
:10B3800080C220608EF0408A2200162B80C220608E
:10B39000009880A000C2240000D0010400C2200058
:10B3A00000D0010400C000D0008E2E00162B80C2F9
:10B3B000C06500A8362BA0C2206020D0210400C2A6
:10B3C0003A0020D0210400C2240020D0210400C271
:10B3D000200020D0210400C020D0162B80C2206085
:10B3E00018F004F6863400A800864100608A280020
:10B3F00000865B00708800866100608A1A00008603
:10B400007B00408A1200010400A800863A002688CA
:10B410000106008E1A000106162B282A80C2C0657C
:10B4200000A8822820D0210400C23A0020D02104A4
:10B4300000A820D00084088801042104008EF0FFB9
:10B44000863C04F646300098B8A00634162B80C21D
:10B45000FE65263046300098A4A046382638408441
:10B46000008A4C004284608A220000C22E0000D074
:10B47000010446300228009804A00046300000D0A5
:10B4800001042046300080D00104463841840A88F7
:10B4900042840C8800C247000A8C00C24B00048C16
:10B4A00000C24D0000D0010400C2420000D00104DF
:10B4B000082A0056FE65063C463840841E886428EB
:10B4C0006050448860C0042840C2200060840A881C
:10B4D00020D121046154008EF2FF008C0634162B1B
:10B4E00080C2FE6500840E8800A920D101042104D9
:10B4F0000154008EEEFF063C04F60066FF00008655
:10B5000061006A8800867B0044880056200004F6AB
:10B51000162B362B40C2FFFFA0A82066FF00208418
:10B52000008A6A0000A80066FF0000863F002888A5
:10B5300001042104008EE0FF00862A002A8801040D
:10B54000482A6A2A008ED0FF4630008661006A8849
:10B5500000867B00448800562000208661006A88AF
:10B5600020867B00448820562000463802802888A8
:10B5700001042104008EA0FF4086FFFF008A2A00FC
:10B580008428162B6144A628362B008E8AFF00A83B
:10B590000066FF0000862A0026880104008EEEFF68
:10B5A00000840288048CA0C104F6A1C104F6162B05
:10B5B00000A80066FF000084168800862A000C8818
:10B5C00000863F0006880104008EE4FFA0C104F657
:10B5D000A1C104F6362B8018000000A80066FF0009
:10B5E000009A324600864100608A3E0000865B0079
:10B5F000408A3600282A214406348228162B80A847
:10B60000063C20863A00208A200000864100608A9D
:10B610003A0000864700408A3200005641008018F8
:10B620000000220420C0A0C104F6362B80180000C0
:10B630000634162B80C2C06500A8063C0066FF00D9
:10B640000056410026C6C265A0C104F6A1C104F699
:10B6500006EE20760A2A06EE2A7646EE267600C008
:10B6600006EE227606EE247606C6207626C62276DA
:10B6700046C65876162B80C2406780F0408A780014
:10B6800006C62A76162B8028362BA0C24067009A61
:10B690004846408A540006C6247626C6267602808E
:10B6A000408A5C004028E0086028E0086040E0082C
:10B6B000604006C628766040162B80C24067362B55
:10B6C000A6284DC000A800841288008620000C889F
:10B6D00020D0010421044154208AE8FF00C020D07A
:10B6E00006C62476014406EE247606C62276014478
:10B6F00006EE2276008E70FF06C62476A0C104F600
:10B7000006C62676A1C104F6362BA0C2C06520A8C5
:10B710000056410006EE5676A0C2C26520A006EE95
:10B72000547604F606C6BE758028162B06C65676D5
:10B7300026C654768CF0408A820040661000008A4B
:10B740007A00162B06C6BE758028362BA0C2E0658F
:10B7500060C000A800840C8820D060280104210467
:10B76000008EEEFF60862F000E8860863A00088803
:10B7700000C22F0020D0210406C6BC7540288028B6
:10B78000162B00A80084188800862F0008880086E1
:10B790003A000288048C482A41440104008EE2FFEA
:10B7A000162B842800A820D00084088801042104D6
:10B7B000008EF0FF00C2E06506EEBE75A0C104F683
:10B7C000362B00A80066FF000084008A1600008661
:10B7D0002000008A080000860900208A0A0001046F
:10B7E000008EDEFFA1C104F600862200008A3E0022
:10B7F00080180000482A00A80066FF000084008A24
:10B80000240000862000008A0E0000860900008ABD
:10B8100006000104008EDEFF00C000D0082A04509C
:10B820000104A0C104F6082A0450A0C104F60104D2
:10B8300080180000482A00A80066FF000084008AE3
:10B840001C0000862200008A06000104008EE6FF2C
:10B8500000C000D0082A04500104A0C104F6082A40
:10B860000450A0C104F6540C0100BC0C02006E147C
:10B870000300C20C0600C80C0700CE0C0800D40C54
:10B880000900EE160B00F4160C0072140D0078146B
:10B890000E004C340F005034100054341100583452
:10B8A000120060341300FE3E1400043F15000A3FEE
:10B8B0001600123F17001A3F1800223F1900643487
:10B8C0001A0068341B0080341C002A3F1D00843499
:10B8D0001E007E141F006C34200072342100763468
:10B8E00022007A34230084142400000000006B2F0F
:10B8F0004F53207368656C6C0A006B6F7368207619
:10B90000312E3031202D2074797065202768656CC8
:10B9100070270A0A00003F0A000063643A2063614E
:10B920006E6E6F742073776974636800FFFFC84A96
:10B93000FEFFD44AFDFFE44AFCFFF04AFBFFFA4A4F
:10B94000FAFF064BF9FF124BF8FF1E4BF7FF2C4B8B
:10B95000F6FF3A4BF5FF444BE7FF4E4BE6FF584BE3
:10B96000E5FF624BE4FF6E4BE3FF7C4BE2FF884B4D
:10B97000E1FF964BE0FFA24BDFFFAA4BDEFFB84B87
:10B98000DDFFC44BDCFFD04BDBFFDC4B00000000D5
:10B990004552525F42414443414C4C004552525F34
:10B9A0004255464645525F46554C4C004552525F03
:10B9B000494E56414C4944004552525F4E4F4D4509
:10B9C0004D004552525F4E4F534C4F545300455219
:10B9D000525F544F4F42494700004552525F424127
:10B9E0004441524700004552525F4E4F544348492C
:10B9F0004C4400004552525F444541444C4F434B38
:10BA000000004552525F5045524D00004552525F72
:10BA10004255535900004552525F4E4F4644000074
:10BA20004552525F4241444644004552525F4241B2
:10BA30004450415448004552525F4E4F54464F5572
:10BA40004E4400004552525F45584953545300003C
:10BA50004552525F524541444F4E4C5900004552A9
:10BA6000525F4E4F5350414345004552525F494F3C
:10BA700000004552525F424144445249564500003D
:10BA80004552525F4E4F4D4F524500004552525F56
:10BA90004E4F5445584543004552525F4E4F544413
:10BAA000495200004552525F4E4F54454D50545933
:10BAB00000004552525F554E4B4E4F574E00423A92
:10BAC00048454C4C4F2E434F4D00423A4E4F544543
:10BAD000532E54585400001C0A001AF000C036F0CF
:10BAE000008EFCFF48656C6C6F2066726F6D207372
:10BAF00079735F6578656321000057656C636F6DCE
:10BB00006520746F206B2F4F53210A0A54727920DD
:10BB1000746865736520636F6D6D616E64733A0A56
:10BB20002020766F6C2020202020202020202D2017
:10BB30006C697374206D6F756E74656420766F6CBC
:10BB4000756D65730A20206C732020202020202032
:10BB50002020202D206C6973742066696C65732029
:10BB60006F6E20423A0A202063617420423A4E4FA1
:10BB70005445532E54585420202D2072652D726543
:10BB8000616420746869732066696C650A2020729C
:10BB9000756E20423A48454C4C4F2E434F4D202065
:10BBA0002D2065786563757465207468652064650B
:10BBB0006D6F0A202068656C7020202020202020D6
:10BBC000202D20616C6C206B6F736820636F6D6D2E
:06BBD000616E64730A00BF
:00000001FF
