:0200000400FFFB
:1000000060C1E0C2FEFFFF982000FF98C60200C357
:10001000FF0080C26E03FF98C803FF907653010271
:1000200006302630463000C28C0320C2FF0040C09C
:1000300000C1842880C802CE444440862400608ADF
:10004000EEFF00C2860320C2FF0000C1842880C8E2
:1000500002CE444440860002608AEEFF00C180C2A6
:10006000280000C2FF0000C800C2A00402CE80C267
:100070002C0000C2FF0000C800C2EC0402CE80C207
:10008000300000C2FF0000C800C2200502CE80C2BE
:10009000340000C2FF0000C800C2DC0502CE80C2EE
:1000A000380000C2FF0000C800C2B80602CE80C2FD
:1000B000640000C2FF0000C800C2FE0B02CE80C276
:1000C000680000C2FF0000C800C2040C02CE80C25B
:1000D0006C0000C2FF0000C800C25A0C02CE80C2F1
:1000E000700000C2FF0000C800C23E0D02CE80C2F8
:1000F000740000C2FF0000C800C23A1502CE80C2E0
:10010000780000C2FF0000C800C26C1702CE80C297
:100110003C0000C2FF0000C800C2300702CE80C20F
:10012000400000C2FF0000C800C2300802CE80C2FA
:10013000440000C2FF0000C800C2360902CE80C2DF
:10014000480000C2FF0000C800C2200A02CE80C2E0
:10015000A00000C2FF0000C800C23C2002CE80C246
:10016000A40000C2FF0000C800C25E2002CE80C210
:10017000A80000C2FF0000C800C2842002CE80C2D6
:10018000AC0000C2FF0000C800C2AA2002CE80C29C
:10019000B00000C2FF0000C800C2D02002CE80C262
:1001A000F00000C2FF0000C800C27A3C02CE80C24C
:1001B000F40000C2FF0000C800C2603D02CE80C251
:1001C000F80000C2FF0000C800C2DE3D02CE80C2BF
:1001D000FC0000C2FF0000C800C2E23E02CE80C2A6
:1001E000000100C2FF0000C800C2384002CE80C239
:1001F0007C0000C2FF0000C800C28E4802CE80C250
:10020000800000C2FF0000C800C2E40D02CE80C220
:100210002C0100C2FF0000C800C25E1902CE80C2DD
:10022000040100C2FF0000C800C2FC3602CE80C23A
:10023000C80000C2FF0000C800C2FC2202CE80C27B
:10024000CC0000C2FF0000C800C2622302CE80C200
:10025000D00000C2FF0000C800C2402302CE80C20E
:10026000D40000C2FF0000C800C21E2302CE80C21C
:10027000080100C2FF0000C800C2F44602CE80C2DE
:100280000C0100C2FF0000C800C29E4702CE80C21F
:10029000100100C2FF0000C800C23E3602CE80C27C
:1002A000300100C2FF0000C800C29E2602CE80C2FC
:1002B000340100C2FF0000C800C2F42302CE463859
:1002C0002638063804F6063000C010EE000210EEA4
:1002D000020210EE040210EE060210EE1C0210EEF6
:1002E000320200C2000110EE00A300C2EA0710EEC5
:1002F00002A305C010EE04A31DC010EE06A300C2A9
:100300007C0310EE08A300C2FF0010EE0AA3FF98C2
:10031000D00EFF983A03FF982C1AFF987E1AFF9888
:100320000C4BFF980852FF98F620FF984829FF9839
:10033000422EFF981C1A063804F60630063400C315
:10034000E00080C2682400A0008668240E8802C0F5
:1003500010EE1C0201C010EE3C020C8C01C010EE2D
:100360001C0205C010EE3C02063C063804F6426F43
:100370006F74696E67206B2F4F530A00506861736A
:10038000652033392B0000C2FFFF84F460A00066B3
:100390007000F00810441084228810021184228812
:1003A00011021284228812021384228813021484F8
:1003B00022881402158422881502168422881602C7
:1003C0001784228817021F02263086348018000006
:1003D00020C000C3DF0080C020A800840A8800D0AD
:1003E00021102144008EF0FF0228863C263804F6B6
:1003F00000C3DF0080C000D004F62630463020283D
:1004000040C000C180C2230220842E88011200C295
:10041000300000D04144008E24002084008A1E0059
:10042000022846300634FF98E64C063C4638204603
:100430003000011280D041442028008EDCFF80185B
:10044000000000C3DF0080C040840C8820A800D0DA
:1004500021104154008EF0FF4638263804F626302D
:10046000463040282428F00A2F642A8466882046D3
:100470003700048C2046300000C3DF0080C080D0ED
:1004800024282F642A84668820463700048C20465E
:10049000300000C3DF0080C080D04638263804F624
:1004A000063086C6000000C112A6006608000638A5
:1004B000208A0C0000C3DF0080C000D000C004F41C
:1004C000063286340635A6C6000020C130C6380282
:1004D0002EA72480288840C3DF00C0C040D0FF98EA
:1004E0008027063D863C063A00C004F4008E0000DA
:1004F00086C6000000C112A600660800008AF40645
:10050000463086C6000000C10EA650C638020480E0
:10051000208AEEFFFF98D20B408AE6FF463804F4AB
:10052000063486C6000000C112A600660800063C1C
:10053000208A3A00263086348018000020C000C38C
:10054000DF0080C000F820A800840A8800D02110B5
:100550002144008EF0FF10C63202EE080086010032
:10056000228800FA0228A0C1863C263804F606320A
:10057000863406350019000020C0A6C6000020C140
:1005800010C63802AEA70680248861C0028C60C005
:1005900000C3DF0080C000F840A80084008A220069
:1005A0006084028800D02630663006340635FF9815
:1005B0008027063D063C6638263841102144008ECF
:1005C000D6FF10C63202EE0800860100228800FA2B
:1005D0000228A0C1063D863C063A04F6063486C6CB
:1005E000000000C112A600660800063C208A4000F8
:1005F000263086348018000020C000C3DF0080C091
:1006000000F820A800840A8800D021102144008E20
:10061000F0FF0AC000D0214410C63202EE08008666
:100620000100228800FA0228A0C1863C263804F680
:100630000632863406350019000020C0A6C6000028
:1006400020C110C63802AEA70680248861C0028C83
:1006500060C000C3DF0080C000F840A80084008AAA
:1006600022006084028800D02630663006340635C9
:10067000FF988027063D063C663826384110214405
:10068000008ED6FF0AC06084028800D02630663013
:100690000634FF988027063C66382638214410C669
:1006A0003202EE0800860100228800FA0228A0C16A
:1006B000063D863C063A04F6063286348018000071
:1006C000402820C02630FF98F00426386028608635
:1006D0000D00008A460060860A00008A3E0060869F
:1006E000080016882480408ADAFF0628FF98A004B4
:1006F000A0D121102144008ECAFF2084008AC4FFAB
:100700002112215408C0FF98A00400C22000FF98C5
:10071000A00408C0FF98A004008EA8FF0AC0FF989C
:10072000A00460C0A0D10228A0C1863C063A04F60D
:10073000063086C6000000C112A6006608008028A8
:10074000063806328634682A6084008A020061C056
:10075000202840C000F800C180C2230220842E88D7
:10076000011200C2300000D04144008E28002084D5
:10077000008A22000228463066300634FF98E64C94
:10078000063C6638463820463000011280D041448D
:100790002028008ED8FF6084208A34008018000052
:1007A00000C3DF0080C0642860840C88A0A880D0CB
:1007B00021106154008EF0FF10C63202EE08008650
:1007C0000100228800FA0428A0C1863C063A04F6FB
:1007D000242800190000A6C6000020C110C6380257
:1007E000AEA70680248861C0028C60C000C3DF0011
:1007F00080C04084008A200040A86084028800D025
:10080000063206340635FF988027063D063C063A38
:1008100041104154008EDAFF10C63202EE08008605
:100820000100228800FA0228A0C1863C063A04F69C
:10083000063086C6000000C112A600660800063811
:10084000208A4E0026304630402800C3DF0080C09A
:1008500000F80428EC08F008FF98FA080428EC08CF
:100860000F64FF98FA080428EE08F008FF98FA08C9
:100870000428EE080F64FF98FA0810C63202EE084A
:1008800000860100228800FA04C0A0C1463826383C
:1008900004F60632863406354028A6C6000020C17C
:1008A00010C63802AEA70680248861C0028C60C0E2
:1008B00000C3DF0080C000F80428EC08F008FF98AF
:1008C0000C090428EC080F64FF980C090428EE08B2
:1008D000F008FF980C090428EE080F64FF980C0933
:1008E00010C63202EE0800860100228800FA04C019
:1008F000A0C1063D863C063A04F60A8446880046B6
:100900003000048C0046370000D004F60A84468884
:1009100000463000048C004637006084028800D016
:100920004630663006340635FF988027063D063C83
:100930006638463804F686C6000000C112A6006676
:100940000800208A4C0026304630863400C3DF0081
:1009500080C000F830C61C0220860100168820C323
:10096000FF00A0C2180A20A940840C8800D12110E1
:10097000008EF2FF4CC000D110C63202EE08008695
:100980000100228800FA00C0A0C1863C4638263803
:1009900004F6063286340635A6C6000020C100C221
:1009A0004C0020A2C02800C24E0020A2402940C214
:1009B000001900C040D041104154208AF6FF40C2C7
:1009C000520000C030CA10C63802AEA70680208A86
:1009D0003A0000C3DF0080C000F830C61C02208649
:1009E0000100168820C3FF00A0C2180A20A9408475
:1009F0000C8800D12110008EF2FF4CC000D110C62F
:100A00003202EE0800860100228800FA00C0A0C170
:100A1000063D863C063A04F61B5B324A1B5B4800E7
:100A20000630263086C6000000C112A60066080007
:100A300026380638208A50004630663050C61C02E0
:100A400040860100008A360000C3DF0080C000F845
:100A50005BC000D140C25B0000D1FF980C0B40C2CC
:100A60003B0000D10228FF980C0B40C2480000D187
:100A700010C63202EE0800860100228800FA00C08B
:100A8000A0C16638463804F6463066308634A6C6BD
:100A9000000020C10084028801542084028821546F
:100AA0006028F20EF20E626840C25200B0CB50C60F
:100AB0003802AEA74680208A46000144214450C631
:100AC0001C0240860100008A360000C3DF0080C09F
:100AD00000F85BC000D140C25B0000D1FF980C0B56
:100AE00040C23B0000D10228FF980C0B40C24800D6
:100AF00000D110C63202EE0800860100228800FAFA
:100B000000C0A0C1863C6638463804F660C040C0CC
:100B1000008664006A88005664004144008EF0FF3D
:100B2000408408884046300000D161C040C00A843B
:100B300068880A544144008EF4FF4084248860840D
:100B400006884046300000D10046300000D004F650
:100B5000EE0800860E00008A2E0000861000008A33
:100B6000380000868100608A420000868B00408A3F
:100B70003A0000568000463066300635FF98102750
:100B8000063D6638463804F6463066300635FF982E
:100B90001026063D6638463804F64630663006357F
:100BA000FF984A26063D6638463804F6EE0830C6F9
:100BB0000402214420663F0090C606022880108867
:100BC000B0C6040220C1A046802720D030EE040227
:100BD00004F610C6040230C606020280148800C162
:100BE00080C2802708AA214420663F0030EE06021A
:100BF00004F484F4FF98D20B408AF8FF04F406C68C
:100C0000040004F4A63700F80630063206348634B1
:100C1000063510C60802A02820C10E2A20CE162AAA
:100C200022CE3CA601443CCE60C1E0C2FEFFFF984C
:100C30004E1210C6080200860008008A1800A0287C
:100C400020C120A6E02822A66029063D863C063C5D
:100C5000063A063800FCFF90AE13A63700F80630BF
:100C6000063206348634063510C60802A02820C194
:100C700072A702C02ACE38CFAEA70628FF98FC196B
:100C80000628FF980614608A560010C60802A0289D
:100C900020C132A600660800008A0C00FF984E10A2
:100CA00000C2000810EE08020628FF98421460C136
:100CB000E0C2FEFFFF984E1210C608020086000830
:100CC000008A1800A02820C120A6E02822A66029BA
:100CD000063D863C063C063A063800FCFF90AE1303
:100CE000CA2A40C10428FF987A1400C04ACE00C026
:100CF0005ACE10C60802A02820C1FF984E1000C28C
:100D0000000810EE08020628FF98421460C1E0C2F5
:100D1000FEFFFF984E1210C6080200860008008AE7
:100D20001800A02820C120A6E02822A66029063DA0
:100D3000863C063C063A063800FCFF90AE13008461
:100D4000228804F4A63700F80630063206348634CA
:100D5000063510C60802A02820C10E2A20CE162A69
:100D600022CE3CA601443CCE72A710C6000204402D
:100D700028CE01C02ACE60C1E0C2FEFFFF984E120D
:100D800010C6080200860008008A1800A02820C1AA
:100D900020A6E02822A66029063D863C063C063AAD
:100DA000063800FCFF90AE1346300635CA2A40C113
:100DB0004EA70428FF98FC190428FF984214042821
:100DC000FF980614408A0E0058A6FF987A1400C0B7
:100DD0002ACE00C03ACEAC2A20C1FF984E10063D64
:100DE000463804F600F8463066308634063500840E
:100DF000008A9C0050C60802A42820C12EA70480A7
:100E0000008A8C00FF98C013408A8E00CA2A40C115
:100E10004AA760C040860200208A020061C0408666
:100E20000500008A880052A740660400208A7400EA
:100E300050C60802A42820C132A740660200208ABA
:100E40000A0056A72EA64080208A58006184008A96
:100E50000A0042C04ACF40C2FFFF58CFAC2A20C18F
:100E6000FF98A80DC0C2800840C140C23E00CAA77A
:100E7000608602002888AC2A20C1FF98A80DC046D1
:100E800080004154208AE6FF00C0A0C1008E2400EB
:100E900000C2FDFFA1C1008E1A0000C2E4FFA1C183
:100EA000008E100000C2F6FFA1C1008E060000C235
:100EB000F5FFA1C1A63750C63202EE0C40860100F4
:100EC000228800FAA639063D863C6638463804F684
:100ED000063026308634063520C1A0C2000820C264
:100EE0003F0003C02ACEA04680002154208AF4FF90
:100EF00000C010EE0C0210EE100210EE1A0220C11B
:100F0000A0C2000800C2FEFF20CE00C022CE00C05A
:100F100024CE26CE28CE00C02ACE00C02CCE2ECE87
:100F200030CE32CE34CE36CE38CE3ACE3CCE3ECE99
:100F3000CA2AC046600040C100C2690040D0C14416
:100F400000C2640040D0C14400C26C0040D0C14423
:100F500000C2650040D0C14400C040D000C20008BB
:100F600010EE0802063D863C2638063804F6263088
:100F70004630863420C1A0C2800820C23E0043C053
:100F80002AA604801088A04680002154208AF0FF01
:100F900000C0A1C1088C00C02ACE0A2AA0C1863C8C
:100FA0004638263804F62630463086344028A0C21B
:100FB000800820C120C23E002AA6008603000688C1
:100FC00022A604801088A04680002154208AE8FFD1
:100FD0000428A0C1048C0428A1C1863C46382638C8
:100FE00004F62630463050C63002EE0C414422C092
:100FF0000228FF98A60F6E8821442480608AF0FFA3
:1010000000C0A1C1048C0228A0C14638263804F6CD
:101010002630463006348634802800C130C60C02A3
:1010200020842A88482A06CF50EE0C020C8CA22875
:1010300020C126A706CF482A26CF50C61002414419
:1010400050EE1002863C063C4638263804F6063040
:1010500006320634063532A600660800008AA8006B
:10106000AEA660C2500038A20A80208A0E0000C0DE
:1010700010EE380210EE3A02008E5600C02840C131
:1010800050C058A20A80008A0C00C0284154208A0F
:10109000F0FF008E3C0038A258CA10C63802028009
:1010A000208A180058A2802800C10EA610EE38022F
:1010B000A636A82AFF98E424A63820C110C63A0212
:1010C0000280208A0C0058A2802800C10EA610EED3
:1010D0003A0260C24C0038A2802860C24E0038A29A
:1010E00000298084008A0400FF98721B00C060C23F
:1010F000500038CA60C24C0038CA60C24E0038CABC
:1011000032A60066F7FF32CE2EA60084008A0800C1
:101110008634FF98C41F863C10C60C020084008AE7
:101120003000802800C1C82A40C106A60A800A886B
:1011300080288C80208AF2FF188C26A606CE10C646
:101140000C020A802C8826A60A80228800C010EE95
:101150000C0203C02ACE00C026CE063D063C063A4D
:10116000063804F62630463086340635FF986E0F72
:10117000408ACC00A02820C110C6160222CE10C67C
:10118000180224CE00C02CCE30CE32CE34CE38CE93
:101190003ACE3CCE3ECE28CECA2AC046200040C120
:1011A00040C2300040C8C2444154208AF6FFC0C249
:1011B000400240A80084008A2000122B8A2A804620
:1011C00060005FC040A800D000840E88C144814404
:1011D0004154208AEEFF00C000D010C61A0236CE5D
:1011E00010C6100201442ECE10C616024029C0C2FD
:1011F000F0FF00C2800040C8C0C2F2FF10C6140257
:1012000040C8C0C2F4FF10C6120240C800C0C0C22D
:10121000DCFF40C8C244C086F0FF608AF4FFC0C053
:101220000A2A40C8C4C010C61002014440C800C207
:10123000DCFF20CE0A2AFF9810100A2AA0C1048CD5
:1012400000C0A1C1063D863C4638263804F626304B
:101250004630863410C6080200860008288850C62A
:101260000C022428088CA02820C126A72428A22804
:1012700020C12AA6008600000A88A6A6248010881D
:10128000008EEAFF30EE0802863C4638263804F627
:1012900020C2000830EE0802863C4638263804F6A4
:1012A000063006320634863470C6000220C280083A
:1012B00040C23E0020C1A2282AA600860100308834
:1012C00028B60628085000660080248800C02ACE70
:1012D000204680004154208ADCFF863C063C063ACA
:1012E000063804F60630863466A600667000F008FC
:1012F000E00820C3FF00A0C2FC1220940C130C13C2
:101300000C130C130C130C130C130C13863C063823
:101310000630063206348634063510C60802A02888
:1013200020C10E2A20CE162A22CE3EA601443ECE51
:1013300020C2220028A2004C28CA60C1E0C2FEFFE1
:1013400010C6000230C63C02024010EE000210C679
:101350000202004C10EE020230C604022144206654
:101360003F0010C606022080148800C3DE0080C043
:1013700000A000840888FF98500B008EDAFFFF98C9
:10138000A012FF984E1210C6080200860008008ABC
:101390001800A02820C120A6E02822A66029063D2A
:1013A000863C063C063A063800FCFF90AE13E0C2CD
:1013B000FEFF60C101C010EE320200FA008EFCFF99
:1013C0000084008A3A00263046304028A0C28008B7
:1013D00020C120C23E002AA60086030006882EA651
:1013E00004801488A04680002154208AE8FF4638F3
:1013F0002638A0C020C184F404284638263804F4D6
:10140000A0C020C184F4263046304028A0C2800805
:1014100020C120C23E002AA60086040026883AA6E3
:1014200004801688A04680002154208AE8FFA0C0CE
:1014300020C104284638263884F404284638263843
:1014400004F42630463086344028A0C2800820C1EB
:1014500020C23E002AA6008603000A8836A6048021
:10146000248800C036CEA04680002154208AE4FFA4
:101470000428863C4638263804F6063206346028AE
:10148000A0A622A704298228924480C9824420C2AF
:10149000800080C80628063C063A04F6063446302A
:1014A0004084008A7A00408601FE408A7200FF98DC
:1014B000E20F408A740010EE160210EE1402463855
:1014C000063C10C616024029C0C2000200A040C857
:1014D0008244C2444254208AF2FF00C2000210EE4D
:1014E000120201C010EE180200C010EE1A0200C174
:1014F00080C2400230C020A800D00084008A0E00C4
:10150000A14481442154208AECFF00C000D0FF9800
:101510006411408A1E0020C1A02846C032CF04F4C6
:101520004638063C00C2FAFF84F44638063C00C246
:10153000FCFF84F400C2FBFF84F4A63700F80630F9
:1015400006320634863406356EA60084008ACC0046
:10155000008601FE408A180172A600860200608A99
:10156000BA0000864000408AB20070A6EEA6A0C174
:101570000240408AA600FF98E20F408A460110EE22
:10158000160210EE140272A6002970A6802810C65A
:1015900016022029A0C20002EEA600A820D0814495
:1015A000A1442154208AF2FF00C2000210EE120270
:1015B00001C010EE180206C6040010EE1A02FF98D1
:1015C0006411408A5201A02820C12EA672CE00C20A
:1015D000800074CE10C60802A02820C10E2A20CE9A
:1015E000162A22CE3CA601443CCE60C1E0C2FEFFDA
:1015F000FF984E1210C6080200860008008A1800E4
:10160000A02820C120A6E02822A66029063D863C0D
:10161000063C063A063800FCFF90AE1300C2F9FF04
:1016200072CE00C2810074CE10C60802A02820C16C
:101630000E2A20CE162A22CE3CA601443CCE60C102
:10164000E0C2FEFFFF984E1210C608020086000896
:10165000008A1800A02820C120A6E02822A6602920
:10166000063D863C063C063A063800FCFF90AE1369
:1016700000C2FAFF72CE00C2810074CE10C608020A
:10168000A02820C10E2A20CE162A22CE3CA6014434
:101690003CCE60C1E0C2FEFFFF984E1210C60802A9
:1016A00000860008008A1800A02820C120A6E02893
:1016B00022A66029063D863C063C063A063800FC18
:1016C000FF90AE1300C2FCFF72CE00C2810074CE48
:1016D00010C60802A02820C10E2A20CE162A22CE2B
:1016E0003CA601443CCE60C1E0C2FEFFFF984E1212
:1016F00010C6080200860008008A1800A02820C131
:1017000020A6E02822A66029063D863C063C063A33
:10171000063800FCFF90AE1300C2FBFF72CE00C281
:10172000810074CE10C60802A02820C10E2A20CE47
:10173000162A22CE3CA601443CCE60C1E0C2FEFF88
:10174000FF984E1210C6080200860008008A180092
:10175000A02820C120A6E02822A66029063D863CBC
:10176000063C063A063800FCFF90AE13A63700F898
:101770000630063206348634063572A6FF98C0134A
:10178000408ADE00CA2A40C136A626C6040002806E
:10179000208A220172A6FF9806144C880A2A30C6B5
:1017A00008020280208A620110C60802A02820C117
:1017B0004AA600860200008A4E0000C2800074CE55
:1017C00072A63ACE04C02ACE0E2A20CE162A22CEE7
:1017D0003CA601443CCE60C1E0C2FEFFFF984E1221
:1017E00010C6080200860008008A1800A02820C140
:1017F00020A6E02822A66029063D863C063C063A43
:10180000063800FCFF90AE1358A672CE00C28000CE
:1018100074CEAC2A20C1FF984E1010C60802A02832
:1018200020C10E2A20CE162A22CE3CA601443CCE50
:1018300060C1E0C2FEFFFF984E1210C6080200868B
:101840000008008A1800A02820C120A6E02822A6AF
:101850006029063D863C063C063A063800FCFF90AF
:10186000AE1300C2F9FF72CE00C2810074CE10C662
:101870000802A02820C10E2A20CE162A22CE3CA67D
:1018800001443CCE60C1E0C2FEFFFF984E1210C67C
:10189000080200860008008A1800A02820C120A69F
:1018A000E02822A66029063D863C063C063A06381A
:1018B00000FCFF90AE1300C2F8FF72CE00C28100A0
:1018C00074CE10C60802A02820C10E2A20CE162AE7
:1018D00022CE3CA601443CCE60C1E0C2FEFFFF9890
:1018E0004E1210C6080200860008008A1800A028C0
:1018F00020C120A6E02822A66029063D863C063CA1
:10190000063A063800FCFF90AE1300C2F7FF72CE15
:1019100000C2810074CE10C60802A02820C10E2A81
:1019200020CE162A22CE3CA601443CCE60C1E0C2A5
:10193000FEFFFF984E1210C6080200860008008ABB
:101940001800A02820C120A6E02822A66029063D74
:10195000863C063C063A063800FCFF90AE1300F8C1
:10196000463066308634063500860400408A5600CC
:1019700050C60802A42820C1AEA750C63602008473
:10198000008A20004084088846800888008E400035
:1019900070EE360280C000C3DD0000C800C0A0C1E8
:1019A000008E3C004084008A14004680208A2A0071
:1019B00000C010EE360280C000C3DD0000C800C0C9
:1019C000A0C1008E1A0000C2FDFFA1C1008E100050
:1019D00000C2F5FFA1C1008E060000C2F6FFA1C142
:1019E000A63750C63202EE0C40860100228800FA6B
:1019F000A639063D863C6638463804F6263006345D
:101A000030C6360220802E8820C030EE360280C0DC
:101A100000C3DD0080C8063C263804F600C010EE86
:101A2000360280C000C3DD0000C804F6063001C0E5
:101A300010EE260210EE2E0200C010EE2A0210EE6A
:101A40002C0210C61C02008601001A8800C2000188
:101A500010EE240200C23F0010EE300200C2FF0070
:101A600010EE2802148C00C2200010EE24021FC0C9
:101A700010EE300201C010EE2802063804F60630DF
:101A8000263001C020C0FF989E1A01C010EE2A0225
:101A900000C2DAFF10EE2C022638063804F6463073
:101AA0000634002980C040C2E0FF00CF41C002CF11
:101AB00050C004CF86CE40C2DAFF08CF40C2164BDA
:101AC0000ECF8046100040C2DAFF00CF42C002CFE6
:101AD00040C004CF40C006CF08CF063C463804F6CD
:101AE00006328634063520282086DBFF408A7400C3
:101AF00020860400428824C0422841644084028831
:101B00002144FF98BE1B7088FF98D81D408A54005E
:101B1000FF98BE1B408A4C0020A764286250608654
:101B20000A006488FF98041CFF986A1C22A7406E74
:101B3000010022CF50C6080240840C88063400C140
:101B400084280EA7063C028C40C024CF20A7404624
:101B5000060070C62C02645070EE2C02261E000097
:101B6000A0C1068C00C2FCFFA1C1063D863C063A1E
:101B700004F6263046308634302B282A20560600BC
:101B8000A228A2A64228406601004084008A2000C4
:101B90002066FEFFA2CE20A74046060030C62C02DB
:101BA000244030EE2C02FF98AE1C00C0A0C1068C71
:101BB00000C2FDFFA1C1863C4638263804F64630F7
:101BC000063410C62E020084008A2E00002980C030
:101BD00004A7408416882029A42820A7428056887C
:101BE00028A740840688A428008EEEFF06A70428B4
:101BF000EE08008ED0FFA0C1048C00C0A1C1063C3D
:101C0000463804F646306630063420A7A2A7261EC2
:101C10000000082A024080280428025000560600CE
:101C200000CE06280066020002CE00C004CE26A622
:101C300006CE28A608CEA0CE06280066FDFF22CE3E
:101C4000102AEE0826CE082A28CE122B88C000A023
:101C50000056060000C810C62C020056060010EE02
:101C60002C02063C6638463804F6463066300634A8
:101C70000635122B80C004A76A2A4680288828A728
:101C800004CF008E1E00522BC42848A76A2A468023
:101C90000A8840840E88C428008EEEFF26A746CF0F
:101CA00028A748CF063D063C6638463804F646303D
:101CB000663006340635122B80C004A74084008AA3
:101CC00022006A2A6480608A2800522BC42848A710
:101CD0004084008A2C006A2A4680408A2400C42856
:101CE000008EEAFF4A2A04CF40C026CF28CF008EBC
:101CF000DC00722AEE0EA6CF28CF4A2A04CF008E2F
:101D0000620046A726CF48A728CF522AEE0C46CF1E
:101D10004A2A48CF40A7404606006C2A64404A2A17
:101D20004680208A3E0040A7A0A7464040460600C5
:101D300040CF26A746CF28A748CF22A7406602005B
:101D400040840888C2A7606E0200C2CF08A7404640
:101D5000060008CF50C62C024046060050EE2C026A
:101D6000C018000022A7406602004084208A5E005E
:101D700020A7404606006A2A64406086F0FF408A39
:101D80004C00522BC62842A764286066010060847C
:101D9000208A3A00A0A740A7644060460600A0CF72
:101DA000C6A7A6CFC8A7A8CF42A740660200408416
:101DB0000888A2A7606E0200A2CF08A740460600CE
:101DC00008CF50C62C024046060050EE2C02063DBD
:101DD000063C6638463804F60632063430C6280219
:101DE000EE0A50C62602EE0C2480008A660040C22D
:101DF00040002480608A5C0070C62E02EE0E608473
:101E0000168864800C88062986C080A1EE0E008E9C
:101E1000ECFF4144008EDAFF042820C0FF989E1A90
:101E200070C62E02EE0E062986C080A0EE0A20841F
:101E300006886228008EEEFF00C930C62A022144BF
:101E400030EE2A0230C62C022046DAFF30EE2C0299
:101E5000A0C1068C00C2FCFFA1C1063C063A04F6F4
:101E60000632863406350084008A8C006028282AD1
:101E7000502A246820842A880628FF98E01A008EB9
:101E80007C00302B282A20560600A228A2A6422831
:101E9000406601004084008A5E00A0A62680668815
:101EA000A0C1008E580006340628FF98E01A408A28
:101EB0003A00063D342B2C2A20560600A22820A7E3
:101EC0008636C63640840E88C0A880D0C14481447E
:101ED0004154008EEEFFC638863806348C2A142B07
:101EE000FF98721B063CA0C1008E1200063C00C287
:101EF000FCFFA1C1008E060000C2FDFFA1C1063D8E
:101F0000863C063A04F670C62A02EE0E20C0462829
:101F100040840A882046DAFF4154008EF2FF10C642
:101F20002C02205040C010C62E02EE080084008A09
:101F30002C002029A0C024A60084008A1800522B5F
:101F4000C02840A640804288402848A600840688D1
:101F5000C028008EECFF26A6EE08008ECEFF10C62D
:101F60002C02A0C104F610EEF00320C040C010C641
:101F70002E02EE080084008A46002029A0C0522BC1
:101F8000D0C042A6006601000084108844A670C636
:101F9000F00306802688214440A6404042A6006601
:101FA00002000084208A100040A6004606006C2A29
:101FB0006040C628008ECAFF26A6EE08008EB4FF39
:101FC000A0C104F610EEF00310C62E02EE08008445
:101FD000008A600010EEF2032029A0C0522BD0C06E
:101FE00042A6006601000084008A240044A670C650
:101FF000F0030680208A1800461E0000FF98721B1E
:1020000010C6F2032029A0C0522BD0C0008ED0FFF2
:1020100042A6006602000084208A100040A6004606
:1020200006006C2A6040C628008EB4FF26A6EE0883
:10203000008E9AFF04F610C62C0204F6063286348F
:1020400000F8FF98E01AA63730C63202EE0A208662
:102050000100228800FAA639863C063A04F62630AA
:102060004630863400F8FF98721BA63730C632021D
:10207000EE0A20860100228800FAA639863C4638FE
:10208000263804F606328634063500F8FF98601EBE
:10209000A63730C63202EE0A20860100228800FAF6
:1020A000A639063D863C063A04F68634063500F825
:1020B000FF98061FA637063010C63202EE080086CB
:1020C00001000638228800FAA639063D863C04F64F
:1020D00086340635063000F8FF98661FA63710C60E
:1020E0003202EE0800860100228800FAA63906387E
:1020F000063D863C04F600C180C2000420C2800078
:1021000000C000D001102154208AF6FF04F64630AA
:102110008634402820C1A0C20004A6A62066010083
:10212000008A160028102A2A20868004608AEAFF86
:1021300000C2FBFFA1C1008E100020CF20C0A2CEA4
:10214000A4CE21C0A6CE0A2AA0C1863C463804F6F9
:102150008634009C2C00408A2200A2A62084208A7B
:10216000120020C0A0CEA2CEA4CEA6CE00C0A0C198
:10217000008E0A0000C2F9FFA1C1028CA1C1863CF9
:1021800004F600860004608A20002028208680044F
:10219000408A160020282764208A0E0020C1A0282B
:1021A000A6A620660100028804F400C2FDFF84F4A4
:1021B0004630663086340635009CC6FF408A5200A1
:1021C000A0A62084E08A0C002154A0CE00C0A0C1AB
:1021D000008E400030C6080240C1C22840C020C264
:1021E000200048CB22A740842A884C2A22CF24CF23
:1021F000008E1000A4A700C186284C2A20C220000F
:1022000008CB24CF20A7415420CF00C2F6FFA1C1A4
:10221000028CA1C1063D863C6638463804F646303D
:1022200086340635009C5AFF408A4E00A2A62084C0
:10223000008A3A0040C1C22820C2200048A322CF11
:102240004084248840C024CF40C048CB20A74144CC
:1022500020CF52A7406601002688009C2600088CEB
:1022600052A74066FEFF52CF40C04ACF068CA0A6C0
:102270002144A0CE00C0A0C1028CA1C1063D863C75
:10228000463804F640A6C2A62229A02800C032CEB5
:1022900000C2800034CE04F610C6080220C1A02877
:1022A000B2A6206E0100B2CE05C02ACE0E2A20CEE4
:1022B000162A22CE3CA601443CCE60C1E0C2FEFFFD
:1022C000FF984E1210C6080220C1A02820A6E028C0
:1022D00022A6602904F6463040280428009CD0FE3F
:1022E000608A10000086F6FF208A0C00009CA8FF80
:1022F000008EE6FF463804F6463804F600F826302D
:10230000009C0AFE2638A637063010C63202EE08B8
:10231000008601000638228800FAA63904F600F883
:102320002630009C2AFE2638A637063010C6320218
:10233000EE08008601000638228800FAA63904F665
:1023400000F82630009CD6FE2638A637063010C688
:102350003202EE08008601000638228800FAA6390B
:1023600004F6A63700F80630063206348634063501
:1023700072A6009C3AFE608A14000086F6FF008A6E
:10238000180072CE00C2810074CE008E480072CE5A
:1023900000C2800074CE008E3C0010C6080220C12E
:1023A000A02805C02ACE0E2A20CE162A22CE3CA670
:1023B00001443CCE60C1E0C2FEFFFF984E1210C641
:1023C000080200860008008A260020C1A02820A656
:1023D000E02822A6602930C63202EE0A20860100DB
:1023E000228800FA063D863C063C063A063800FC88
:1023F000FF90AE1306328634063500F8A6C60000FC
:1024000020C1B2A6206608002084208AB60000C23F
:102410000019FF98E01A408AA20000190000A6C621
:10242000000020C14018000000C060C2800C00C83D
:1024300002106154208AF6FF0C2A20C24C0028CAE0
:10244000142A20C24E0028CAB2A6206E0800B2CEBE
:1024500000C020C2520028CA10C638020084008A78
:102460001C004A2AFF98C013408A2A0060C250000C
:1024700038A238CBA42820C138CA008E12000A2AFC
:1024800020C2500028CA2EA610EE380210EE3A02E2
:10249000A0C1008E3400A42820C1B2A62066F7FF98
:1024A000B2CE00C020C24C0028CA20C24E0028CAAA
:1024B00040180000FF98721B008E080000C2FCFF4D
:1024C000008E040000C2F6FFA1C1A63730C632025A
:1024D000EE0A20860100228800FAA639063D863CD5
:1024E000063A04F600C3DF0080C010C61C02008656
:1024F0000100008A40001BC000D000C25B0000D079
:1025000000C2330000D000C24A0000D01BC000D07F
:1025100000C25B0000D000C2320000D000C24A00FE
:1025200000D01BC000D000C25B0000D000C2480039
:1025300000D0008E04000CC000D000C24C0020A2CD
:10254000C02800C24E0020A2402920C060C2FFFF68
:1025500040A8411000840288622821442086001986
:10256000608AECFF00C24C0020A2C02800C24E00CE
:1025700020A240296086FFFF008A500040C060868C
:1025800050006A88605650004144008EF0FF41447C
:10259000242840C060C040A841100084248800C2A4
:1025A000200000D0614460865000608AE8FF41440A
:1025B0004280588810C61C0200860100008AD4FFA1
:1025C0000DC000D00AC000D0008EC8FF10C61C028B
:1025D00000860100008A360040C25200B0A346289F
:1025E000EC0C41440628EE08014406303BC080D084
:1025F00020C25B0080D00428FF980C0B20C23B0057
:1026000080D00638FF980C0B20C2480080D004F61A
:1026100010C638020084008A2E00FF98C013408A3A
:10262000260020C2500028A20084008A1A00A02898
:1026300020C1B2A6206608002084008A0A002EA6C7
:1026400010EE3802FF98E42404F610C63802008425
:10265000008A48006028FF98C013408A3E0050C09E
:1026600020C2500028A20084008A3000C02840C147
:102670004EA60680008A0E00AC2A342B4154008AF4
:102680001A00008EDAFFB2A6206608002084008AB5
:102690000A002EA610EE3802FF98E42404F6063253
:1026A0008634063500F84028A6C6000020C1B2A630
:1026B000206602002084008A26000428FF98C013A8
:1026C000408A2400B2A6206608002084008A2000E8
:1026D0002EA610EE3802FF98E424A0C1008E16004A
:1026E00000C2F6FF008E0C0000C2E4FF008E040062
:1026F00000C2FDFFA1C1A63730C63202EE0A208615
:102700000100228800FAA639063D863C063A04F606
:102710000184608A68004028415410C63A0200844F
:10272000008A5A002028FF98C013408A500032A621
:10273000006608000084008A440070C04084008A5B
:1027400026006084008A360000C2500020A2008467
:10275000008A2A00A02820C12EA60280008A1E001E
:1027600041546154008ED4FF32A6006608000084F4
:10277000008A0A002EA610EE3802FF98E42404F620
:102780008634EE0820C25200A8A30D84008A780087
:102790000A84008A7A000884008A92000784008AEA
:1027A000960006304628EC0C0628EE08F20C242889
:1027B000E00CE00C4240404020C24C00A8A2244063
:1027C000C22820C24E00A8A24229063840D00628BE
:1027D000EE08014400865000608A220000C04628AE
:1027E000EC0C4144408650006888FF98422840C263
:1027F0004F006428F20EF20E6068008E3A006066A8
:1028000000FF6068008E3000606600FF008E2800C8
:102810004628EC0C4144408650006888FF984228C6
:1028200040C24F006428F20EF20E008E0A00062805
:10283000EE0800840288615420C25200A8CB863C76
:1028400004F620C24C0028A2C02820C24E0028A2B4
:102850004029401800005F105F10521060C2B0188D
:1028600040A800D0011041106154208AF2FF00C03E
:1028700060C2500000D001106154208AF6FF04F6B7
:1028800030C61C02208601000E8800860008408A9F
:10289000280040C230000A8C00860002408A1A00DC
:1028A0005CC02028E00AEC0A2440222900667F0050
:1028B000EA08E008A02800C004F400C2E0FF84F4A5
:1028C000009CBCFF408A160040C2000120A000C846
:1028D000A24482444154208AF2FF00C0A0C104F601
:1028E000009C9CFF408A160040C2000100A020C846
:1028F0008244A2444154208AF2FF00C0A0C104F6E1
:1029000000860001408A1A002028E00AEC0A2046CE
:10291000FC00222900667F00EA08E008A02800C029
:1029200004F400C2E0FF84F4009CD4FF408A160047
:1029300040C2000120A000C8A24482444154208A21
:10294000F2FF00C0A0C104F610C61C02EE0800860B
:102950000200208A0E0001C0009CB2F7408A0600E7
:1029600010EE340204F4D2024028063410C63402B9
:10297000009C62F9408A1C00063C042821C0009C8F
:102980004E004028A63710C63402009C90F8A639A5
:10299000042804F6063C00C2E0FF84F44028063414
:1029A00010C63402009C2EF9408A1C00063C042804
:1029B00022C0009C1A004028A63710C63402009C92
:1029C0005CF8A639042804F6063C00C2E0FF84F453
:1029D00020C3DA004C2A4056E002F00CE20CE20C74
:1029E000A4C020C9A6C020C840C0A8C020C9482A89
:1029F000AAC020C9502AACC020C941C0AEC020C95D
:102A0000A0C0A0C8B0C020A140860000248800C09B
:102A100004F400C2E0FF84F466300634063010C6C9
:102A20001C02EE0800860200208A540010C6340200
:102A3000009CA2F8408A48000638063C063406305E
:102A400020C3DA00A4C020C8282AAAC0A0C8302AFF
:102A5000ACC0A0C821C0B6C0A0C8B0C020A146303C
:102A600010C63402009CB6F746380638063C663875
:102A700040860000248800C004F400C2E0FF84F413
:102A80000638063C663800C2FDFF84F4063010C6E6
:102A90001C02EE0800860200208A400010C63402A4
:102AA000009C32F8408A34000638063020C3DA0031
:102AB000A4C020C822C0B6C0A0C8B0C020A1463063
:102AC00010C63402009C56F746380638408600008F
:102AD000248800C004F400C2E0FF84F4063800C279
:102AE000FDFF84F4063410C61C02EE0800860200C6
:102AF000208A480010C63402009CDAF7408A3C0065
:102B0000063C063420C3DA00282AAAC0A0C8302A0E
:102B1000ACC0A0C823C0B6C0A0C8B0C020A1463079
:102B200010C63402009CF6F64638063C408600008B
:102B3000248800C004F400C2E0FF84F4063C00C214
:102B4000FDFF84F40630063410C61C02EE08008631
:102B50000200208A520010C63402009C78F7408A96
:102B60004600063C06380630063420C3DA00282A20
:102B7000AAC0A0C8302AACC0A0C8AEC020C824C01B
:102B8000B6C0A0C8B0C020A1463010C63402009C18
:102B90008CF64638063C063840860000248800C083
:102BA00004F400C2E0FF84F4063C063800C2FDFFD6
:102BB00084F4063410C61C02EE0800860200208A47
:102BC000480010C63402009C0CF7408A3C00063CCA
:102BD000063420C3DA00282AAAC0A0C8302AACC014
:102BE000A0C825C0B6C0A0C8B0C020A1463010C63D
:102BF0003402009C28F64638063C408600002488B3
:102C000000C004F400C2E0FF84F4063C00C2FDFFF3
:102C100084F40630063410C61C02EE08008602005A
:102C2000208A520010C63402009CAAF6408A460050
:102C3000063C06380630063420C3DA00A4C020C89B
:102C4000282AAAC0A0C8302AACC0A0C826C0B6C0D6
:102C5000A0C8B0C020A1463010C63402009CBEF50A
:102C60004638063C063840860000248800C004F43C
:102C700000C2E0FF84F4063C063800C2FDFF84F485
:102C80000630063410C61C02EE0800860200208AB8
:102C9000520010C63402009C3CF6408A4600063CB6
:102CA00006380630063420C3DA00A4C020C8282A1B
:102CB000AAC0A0C8302AACC0A0C827C0B6C0A0C84F
:102CC000B0C020A1463010C63402009C50F54638F2
:102CD000063C063840860000248800C004F400C288
:102CE000E0FF84F4063C063800C2FDFF84F4663041
:102CF000063410C61C02EE0800860200208A6C0012
:102D000010C63402009CCEF5408A6000063C0634B2
:102D100020C3DA00282AAAC0A0C8302AACC0A0C8A4
:102D200028C0B6C0A0C8AEC0A0A0B0C020A12630A8
:102D3000463010C63402009CE4F446382638063C7F
:102D4000663840860000208A0400022804F4408689
:102D50000800268800C2E4FF84F440860900268823
:102D600000C2FDFF84F400C2E0FF84F4063C663834
:102D700000C2FDFF84F466300634063010C61C0223
:102D8000EE0800860200208A5C0010C63402009C17
:102D900044F5408A50000638063C0634063020C30D
:102DA000DA00282AAAC0A0C8302AACC0A0C8AEC089
:102DB00020C829C0B6C0A0C8AEC0A0A0B0C020A185
:102DC0002630463010C63402009C52F4463826386D
:102DD0000638063C6638408600002488022804F441
:102DE00000C2E0FF84F40638063C663800C2FDFFEE
:102DF00084F4663010C61C02EE0800860200208AA9
:102E0000380010C63402009CCCF4408A2C0020C349
:102E1000DA002AC0B6C0A0C8B0C020A1463010C693
:102E20003402009CF8F34638663840860000248857
:102E300000C004F400C2E0FF84F4663800C2FDFF65
:102E400084F420C1A0C2600240C2C00000C020C8FB
:102E5000A2444154208AF6FF00C2FF0010EE7A021D
:102E600000C2282910EE7C0200C2FF0010EEBA0258
:102E700000C2C02810EEBC0200C2FF0010EEBE026D
:102E800000C2E02810EEC00200C2FF0010EEFA02FD
:102E900010EE3A0310EE7A0310EEBA0300C268296E
:102EA00010EEFC0210EE3C0310EE7C0310EEBC03AF
:102EB00000C2FF0010EEFE0210EE3E0310EE7E0395
:102EC00010EEBE0300C29C2910EE000310EE40037A
:102ED00010EE800310EEC003009C900500C0009C23
:102EE0002E0001C0009C280010C61C02EE080086BF
:102EF0000200208A180002C0009C140003C0009C3D
:102F00000E0004C0009C080005C0009C020004F6EE
:102F1000663060C2FFFF70EEE40360282028F20AEA
:102F2000E00AE00A2046600240C1C2285AA6DCA698
:102F300040284268008ACA012029A22800C180C214
:102F400000BC00C0209E408AC00110C6FEBD0086A5
:102F500055AA208ABC0110C636BC00864641208A8C
:102F6000B00110C638BC00865431208AA40110C6B6
:102F70003ABC00863620208A980110C63CBC0086E8
:102F80002020208A8C0118C60BBC38C60CBCEA0A6B
:102F9000026842CE18C60DBC44CE10C60EBC46CE4A
:102FA00048CE10C616BC4ACE18C611BC38C612BCD4
:102FB000EA0A2068CECE58C610BC4084008A52016E
:102FC0004384408A4C014AA64184008A0200E008FA
:102FD00048A704404CCE2F44F00A024050CE18C6F9
:102FE00013BC38C614BCEA0A02680084208A0E00AA
:102FF00010C620BC30C622BC52CED4CE068C52CED7
:1030000020C0D4CED4A62084208A3C0052A6D0A6CC
:103010000250C4A62184008A32002284008A100053
:103020002484008A10002884008A1200008E1C006C
:10303000E208008E1600E208E208008E0E00E208A8
:10304000E208E208008E040000C2FFFF56CE20C056
:10305000D8CE18C625BC0066010041D600C180C28A
:103060002BBC20C22200C81A00004BC000A820D0F0
:103070008144A1444154208AF2FF4CA600C180C281
:1030800000BC009C9600408A6E0040C00428F208F4
:10309000E008004600BC00C1802880A82066FF0030
:1030A0002084008A52002086E500008A42008B447A
:1030B00080A82066FF0020860F00008A320020666C
:1030C0000800008A2A000428F208E008004600BC34
:1030D00000C1802820C22200C81A00004BC000A8EE
:1030E00020D08144A1444154208AF2FF008E080080
:1030F00041445084608A94FF01C040D600C0A0C102
:10310000168C00C2DFFFA1C10E8C00C2E0FFA1C17E
:10311000068C00C2FDFFA1C1663804F6DAA65CA7E2
:10312000A228A468008A08002229A428209E04F668
:1031300000C2DFFF84F4DEA640C2200050A3A22814
:10314000A468008A08002229A428209E04F600C250
:10315000E2FF84F400C180C200BC00C020C20001B4
:1031600000C882442154208AF6FF04F430C61C02B1
:10317000EE0A20860200208A22000056020020C3A8
:10318000DA00A4C020C843C0A0C020C9B0C020A19C
:10319000408600002688AEC020A004F400C2E0FFF4
:1031A00084F40584608A460020C201FF0280408AC0
:1031B0003C00202840C23800D01A000020860104BC
:1031C000468840C22000048C40C2000120C9F00C97
:1031D000042842284046FF00EA0CEE0C4084228876
:1031E00041C0044001440280408A020004F400C24D
:1031F000FDFF84F46630063560C2FFFF70EEE40325
:1032000000860000008A4A0200860600408A3802D2
:10321000602806342028F20AE00AE00A204660020C
:1032200040C1C22860860100208A380020C2000800
:1032300048C00BC070C61C02EE0E608601002888D4
:1032400020C2000242C005C061C00630263000C264
:103250003800C01A000020C22000A0C82638063856
:10326000008E2E000628009C02FF408A0C00009C65
:1032700030FF408A1000008E1800063C00C2E0FFBC
:10328000A1C1008EE001063C00C2DFFFA1C1008E9B
:10329000D401063000C23000C01A0000A0CE22CFF8
:1032A000063824CEA6CF009CAAFE00C2EB3C10EE4E
:1032B00000BC00C2900018EE02BC00C24B0018EE29
:1032C00003BC00C2310018EE04BC00C2360018EE88
:1032D00005BC00C22D0018EE06BC00C24B0018EE63
:1032E00007BC00C24F0018EE08BC00C2530018EE25
:1032F00009BC00C2200018EE0ABC00C018EE0BBCCE
:1033000002C018EE0CBC01C018EE0DBC01C010EEDE
:103310000EBC01C018EE10BC00C23800C01A00007C
:1033200020A018EE11BC2028EA0AEE0A38EE12BCE2
:1033300000C23000C01A0000A0A638EE13BC02285C
:10334000EA0818EE14BC00C2F80018EE15BC22A75B
:1033500050EE16BC00C2800018EE24BC00C229004A
:1033600018EE26BC10C6000218EE27BC2028EA0A78
:1033700038EE28BC10C6000200465A5A18EE29BC86
:103380002028EA0A38EE2ABC863C00C180C22BBC49
:103390000BC020A900D1A14481440154208AF2FF2E
:1033A00000C2464110EE36BC00C2543110EE38BCAB
:1033B00000C2362010EE3ABC00C2202010EE3CBC09
:1033C00000C255AA10EEFEBD00C180C200BC00C004
:1033D000009C62FD408A8400009C78FD00C2F8FFDA
:1033E00010EE00BC00C2FFFF10EE02BC00C180C2A4
:1033F00000BC01C0009C3EFD408A6000009C54FD62
:1034000000C23400C01A0000A0A142C046805A8801
:1034100000C180C200BC04284630009C18FD46381C
:10342000408A38004144008EE2FF009C3E0000C20A
:103430003600C01A000020A0009CD4FA408A200068
:1034400000C0A0C1008E1E0000C2DFFFA1C1008E1F
:10345000140000C2E2FFA1C1008E0A00008E060027
:1034600000C2FDFFA1C1063D663804F600C2FFFFA1
:1034700010EEE00310EEE40310EEE80300C018EED7
:10348000E20304F418C6E2030084008A2C00063527
:1034900018C6E3030066FF00FF985041408A2200EF
:1034A00010C6E00300C180C200BE009C88FC408AB8
:1034B0000C00063D00C018EEE20300C004F4063D17
:1034C00084F4063D00C2E0FF84F406302630009C00
:1034D000B2FF408A24002638063810EEE00338EEAA
:1034E000E30300C180C200BE009C30FC408A100093
:1034F00000C018EEE20300C004F42638263804F6B3
:1035000000C2FFFF10EEE00300C2E0FF84F4402899
:10351000EE0CE00CEC08C8A6204010C6E0030280C8
:10352000288818C6E303068010880228262846301B
:10353000009C96FF4638408A0A0000C180C200BE47
:1035400010A204F484F4263006304028EE0CE00C7F
:103550002028EC0A48A6204010C6E00302802888F4
:1035600018C6E30306801088022826284630009CEF
:1035700058FF4638408A16000638263800C180C2F7
:1035800000BE90CA01C018EEE20300C004F4463841
:10359000463804F622C056A6004602002080408A23
:1035A000360026300228009C64FF408A26000086F0
:1035B0000000088826382144008EDAFF06380630DD
:1035C00020C2FFFF009C7EFF408A0400063804F4FE
:1035D000263804F6263804F600C2E1FF84F44630AB
:1035E00020C0009C60FF463804F600C010EEF603D1
:1035F00002C010EEF40356A60046020010EEF803D7
:1036000010C6F40330C6F8030280408A2600009CEE
:10361000FCFE408A2600008600002A8810C6F603B9
:10362000014410EEF60310C6F403014410EEF40357
:10363000008ECCFF10C6F603A0C104F604F600F815
:103640006630063486346028FF985041408A18005E
:10365000FF98EA35408A1000D6A644A7F20CF20C77
:10366000E00CA0C1008E0200A1C1A637263030C6F2
:103670003202EE0A20860100228800FA2638A63996
:10368000863C063C663804F6202820860200608AC4
:103690003E002086F8FF408A360002282630009C33
:1036A0006CFE408A2400402826380228009C2EFF09
:1036B000408A1E0024282086F8FF408A12002086B7
:1036C0000200608A0A00008ED0FF2638008E0200B9
:1036D00004F400C2E0FF84F400860200608A160051
:1036E00000560200C4A62184068800C2FDFF84F4AF
:1036F000D0A6024004F400C2FDFF84F400F8463076
:1037000086342630009CECFAA637063010C632020A
:10371000EE08008601000638228800FAA63926380D
:10372000863C463804F600C2A65C04F600C004F6E7
:103730006630863400C220002BC020D0A144215422
:10374000208AF6FF863C863460C000A80066FF0031
:10375000008A540000862E00008A1800009C760023
:10376000408A66006884408A600038D2614481449F
:10377000008ED6FF6084008A5000814468C000A893
:103780000066FF00008A2A0000862E00008A3A00A8
:10379000009C4200408A32006B84408A2C0038D260
:1037A00061448144008ED6FF6084008A1C00008E34
:1037B0000000863C20A80066FF000086E500008A25
:1037C0000A0000C0A0C1663804F6863C00C2FDFFB6
:1037D000A1C1663804F600862000608AA600008633
:1037E0007F00008A9E0000862000008A96000086E6
:1037F0002E00008A8E0000862200008A8600008645
:103800002A00008A7E0000862B00008A760000864F
:103810002C00008A6E0000862F00008A6600008659
:103820003A00008A5E0000863B00008A560000864F
:103830003C00008A4E0000863D00008A460000865B
:103840003E00008A3E0000863F00008A3600008667
:103850005B00008A2E0000865C00008A260000863D
:103860005D00008A1E0000867C00008A160000862B
:103870006100608A0C0000867B00408A04000056CC
:10388000200004F400C2FDFF84F4663040C028C06C
:103890006228615418AA0066FF0000862000208A72
:1038A0000A002154208AE8FF008E0200422860C0EE
:1038B0002BC0022801540884608A180000AA006600
:1038C000FF0000862000208A06002154008EE2FFBF
:1038D0006228685420C02480408A0A0008AA28D29E
:1038E0002144008EF0FF6084008A200000C22E0078
:1038F00028D2214440C04680408A10000428084451
:1039000000AA28D221444144008EEAFF00C028D2F8
:103910000228A0C1663804F640AE0066FF00008AA7
:10392000040000C004F400C2DFFF84F400C004F40B
:10393000663086342028F00A40284F644EA60F4493
:10394000F0082080408A8C004CA602402630463089
:1039500050C6E4034080288858C6E603468016888F
:1039600010EEE40378EEE60300C180C200BC009CC8
:10397000AAF7408A4800463826380428F208E008AA
:10398000004600BC863C863400C1802800C220006E
:1039900000A920D18144A1440154208AF2FF482A81
:1039A000405600BCF00CE20C5084608A040040C019
:1039B00021440228F2080468863C663804F400C2F8
:1039C000FFFF10EEE40346382638863C663800C216
:1039D000E0FF84F4863C663800C2DEFF84F4009C7D
:1039E0004EFF408A3200A0A82066FF00008A220015
:1039F0002086E500008AE6FF4BC0B0AA2066FF00E3
:103A000020860F00008AD6FF20660800208ACEFF9D
:103A100004F400C2DEFF84F484F46630063420C06F
:103A20004EA60F44F0082080408AB4004CA6024005
:103A3000263050C6E4034080288858C6E6034680F6
:103A4000168810EEE40378EEE60300C180C200BCE5
:103A5000009CC8F6408A9200263840C00428F2082C
:103A6000E008004600BC20C1A02820A80066FF0096
:103A700000860000008A68000086E500008A520087
:103A80000BC020AA0066FF0000860F00008A4200DB
:103A900000660800208A3A00063C0634263046308C
:103AA0002BC000A80066FF0020A94066FF0004802C
:103AB000208A1A008144A1442154208AE4FF463818
:103AC00026380228F2080468063C663804F44638B2
:103AD000263841445084608A82FF2144008E40FF92
:103AE000063C663800C2E4FF84F400C2FFFF10EE1B
:103AF000E4032638063C663800C2E0FF84F46630F2
:103B00000634AC2AA0463000342B20CEA2CE24CFDF
:103B100020C04EA60F44F0082080408AE6004CA644
:103B20000240263000C180C200BC009CEEF5408AF5
:103B3000D000263840C00428F208E008004600BC47
:103B400020C1A02820A80066FF0000860000008A8F
:103B500016000086E500008A0E0041445084608A09
:103B6000D4FF2144008EAAFF063C063426300BC049
:103B700000A920D18144A1440154208AF2FF8C2A5B
:103B800080463000142B00A620D0A14400C020D0D5
:103B9000A14420D0A144009C92FB20C8A244009CD8
:103BA00084FB20C8A24420C8A24400C020C8A2446C
:103BB000009C78FB20C8A244009C6AFB20C8A24459
:103BC00002A620C8A24404A620C8A24400C020C85F
:103BD00026384CA6024000C180C200BC009C56F5AD
:103BE000408A2A004CA6024010EEE40378EEE60379
:103BF00000C2FFFF10EEE80300C0A0C1063C66381B
:103C000004F62638063C663800C2E1FF84F4063C20
:103C1000663804F60634009C00FE408A4E002028D8
:103C2000F00A40284F640428F208E008004600BC6F
:103C300020C1A02800C2E50020D04CA6024000C14F
:103C400080C200BC009CEEF4408A1C004CA60240DE
:103C500010EEE40378EEE60300C2FFFF10EEE80387
:103C600000C0A0C1063C04F6063C04F6063C04F67F
:103C700000C2FFFF10EEE40304F600F846306630A1
:103C80008634263010EE800420C1A0C2A004009C1F
:103C90006C04408AA80078EE82040628009CB004D8
:103CA000408A9A0010C680040E64008A120041AE59
:103CB0000066FF00008A080000C2E2FF008E7E005E
:103CC00000C180C2A004009C50FD408A300010EE6C
:103CD0008404009C1405408A640010C680040066B9
:103CE0000800008A140010C6800400660200008AE2
:103CF0000800009C8205408A4400008E1C0000865B
:103D0000E4FF208A380010C6800400660400008AA0
:103D10002200009C2A05408A2400009C5A04408A04
:103D20001C00009C2E0618C683040066FF00A0C17C
:103D3000008E0C0000C2E4FFA1C1008E0200A1C1F0
:103D4000A637063010C63202EE080086010006389B
:103D5000228800FAA6392638863C6638463804F6AA
:103D600000F84630663086342630009C5604408A7F
:103D70004A0020AE0066FF0000660800008A30009E
:103D8000A1AF6066FF000628009CC403408A2C0097
:103D900018C683040066FF00009C0E04009C4608C1
:103DA000408A180018C683040066FF00009CFA03CE
:103DB00000C020D600C0A0C1008E0200A1C1A6375D
:103DC000063010C63202EE0800860100063822884E
:103DD00000FAA6392638863C6638463804F600F8DC
:103DE00046306630863430EE8C0490EE9004302AF3
:103DF00038EE920420C030EE8E04009CC603408A48
:103E0000BA0020AE0066FF0000660200008AA20031
:103E1000A1AF6066FF000628009C3403408A9C0026
:103E200018C683040066FF00009C7E03009C840586
:103E3000408A880018C683040066FF00009C6A035D
:103E400010C68C040084008A7800009C7205408AA9
:103E50006A000084008A6A0010EE9404009CAC059D
:103E6000408A580018C683040066FF00009C3A038D
:103E7000009CE20518C683040066FF00009C2A032C
:103E800010C69404009C2A06408A300010C6940490
:103E900030C68C04205030EE8C0430C68E04204096
:103EA00030EE8E0430C69004204030EE9004008E38
:103EB0008EFF00C2E6FFA1C1008E0C00A1C1008EE2
:103EC000060010C68E04A0C1A63730C63202EE0A24
:103ED00020860100228800FAA639863C66384638DA
:103EE00004F600F846306630863430EE8C0490EEEE
:103EF0009004302A38EE920420C030EE8E04009CEC
:103F0000C202408A040120AE0066FF000066040081
:103F1000008AE200A1AF6066FF000628009C300224
:103F2000408AE60018C683040066FF00009C7A02FF
:103F300041AE0066FF00208AC600009C7604408ADD
:103F4000C80018C683040066FF00009C5C0210C60F
:103F50008C040084008AB800009CB405408AAA0042
:103F600018C683040066FF00009C3E02009C820489
:103F700010EE9404009C9404408A8E0018C68304BA
:103F80000066FF00009C2202009CF80418C683040F
:103F90000066FF00009C1202009C9404408A6A00A4
:103FA00018C683040066FF00009CFE0110C694043E
:103FB000009C4205408A520018C683040066FF0038
:103FC000009CE60120AE0066FF00006E080020D6CF
:103FD00010C6940430C68C04205030EE8C0430C6D9
:103FE0008E04204030EE8E0430C69004204030EE27
:103FF0009004008E58FF00C2E6FFA1C1008E16009B
:1040000000C2E2FFA1C1008E0C00A1C1008E06001B
:1040100010C68E04A0C130C68E04A637263030C626
:104020003202EE0A20860100228800FA2638A639DC
:10403000863C6638463804F600F8463066308634EA
:1040400018EE820430EE960490EE9004502A58EE5A
:10405000920418C682040066FF00009CF200408AA9
:10406000800078C682046066FF0010C6E803008600
:10407000FFFF008A200058C6EC034680208A160005
:1040800050C6EA03414430C696044280208A0600A6
:1040900021C0008E080000C030C69604214420C113
:1040A000A0C2AC042630009C34F9408A2400263893
:1040B0002154208AE8FF10EEE80330C6960430EE63
:1040C000EA0378EEEC03009C620500C0A0C1008EFC
:1040D0001200263840C2FFFF50EEE803A1C1008E57
:1040E0000200A1C1A63730C63202EE0A20860100C6
:1040F000228800FAA639863C6638463804F600A8BD
:104100000066FF00008A4200008661006A8800861F
:104110007B0044880056200000864100608A2A0007
:1041200000864700408A22000056410060288144F2
:1041300000A80066FF0000863A00208A0C00814437
:10414000009CECF5408A020004F400C2E5FF84F410
:1041500000860600408A1A00F208E008E008C0283D
:10416000C046600240C140AE0066FF00008A020007
:1041700004F400C2DFFF84F400C0362BACC0A0AE54
:104180002066FF0020660100008A120001440086BC
:104190000800408A0E00A0460C00008EE0FF18EEDA
:1041A000830404F400C2E7FF84F4362BACC006306D
:1041B0002CC00084008A0800A2400154008EF2FF47
:1041C000063804F600860800408A180018EE8304BA
:1041D000009CD6FFA0AE2066FF0020660100008A8A
:1041E000020004F400C2E6FF84F42028F00A40280C
:1041F0004F644CA602400630463000C180C200BC6D
:10420000009C18EF408A2E004638063810EEE40372
:1042100078EEE6030428F208E008004600BC20C15E
:10422000A0283AA610EE86043CA610EE88043EA60E
:1042300010EE8A0404F44638063800C2E0FF84F425
:1042400000C180C2A00400C020C040C0009CAEF8E5
:10425000408A220000C180C2A004009CBCF7408AB2
:10426000140010EE840400C010EE860410EE8804E2
:1042700010EE8A0404F484F430C68604208602001A
:10428000608A360002282630009C82F2408A240090
:10429000402826380228009C44F3408A3C00242809
:1042A0002086F8FF408A120020860200608A0A00F9
:1042B000008ED0FF2638008E2000009CC6F1408A78
:1042C000180000C010EE860410EE880410EE8A0478
:1042D000009C0C00408A020004F400C2E0FF84F459
:1042E00010C684042028F00A40284F644CA60240DF
:1042F00010EE9804463000C180C200BC009C1CEE49
:10430000408A4200463810C6980410EEE40378EE66
:10431000E6030428F208E008004600BC20C1A028FB
:1043200010C686043ACE10C688043CCE10C68A0455
:104330003ECE10C6980400C180C200BC009CF6EDC1
:10434000408A0A0004F4463800C2E0FF84F400C248
:10435000E0FF84F421C010C68004006601000488D8
:10436000206E020010C68004006602000488206EE1
:10437000040041AE0066FF000488206E8000A0D6D5
:1043800038C68204A1D630C68604A2CEA4CE30C6DA
:104390008404A6CE10C6800400661000288820C0C1
:1043A000A8CEAACE04F630C68804A8CE30C68A04A9
:1043B000AACE04F626A610EE8404009C2CFE04F679
:1043C00010C68C04A8A642284066FF0120C2000245
:1043D0002450208042880228A8A650C68804248041
:1043E000408A0A00425040804288042804F400C0F9
:1043F00004F410C68C04A8A642284066FF0120C21F
:104400000002245020804288022804F424A6009C44
:10441000C6F2408A140000C180C200BC009CFCECC3
:10442000408A0600009C48F804F400C2E0FF84F4CF
:1044300024A6009CA2F2408A140000C180C200BCE5
:10444000009CF2EC408A0C00009C24F804F400C2AA
:10445000E0FF84F484F450C6940428A60066FF01AB
:10446000004600BC00C1802830C69004A22838C68F
:104470009204222900A820D08144A1444154208ADA
:10448000F2FF04F450C69404A8A62066FF0120465B
:1044900000BC20C1A22830C69004822838C69204ED
:1044A000022900A820D08144A1444154208AF2FF6F
:1044B00004F4A8A6422840400228EC08E208242878
:1044C000EC0AE20A28CF0280008A220024A6009C7F
:1044D0003CF0408A1A00063018C683040066FF00CC
:1044E000009CC6FC06380086F8FF428824CE04F4FF
:1044F00000C2E0FF84F4009CB8FF408A1000A8A628
:1045000050C688044280448830EE880404F484F461
:1045100022A600860200608AA00028A60066FF018D
:10452000208AB80028A60084008AB00030C688041B
:104530000280608A5E0024A6009CD2EF408AA00020
:10454000063018C683040066FF00009C5CFC063839
:104550000086F8FF608A3800009C38F0408A7E00B0
:104560002028263018C683040066FF00009C3AFC11
:10457000263824A6009CCEEF408A6400263018C658
:1045800083040066FF00009C20FC2638A4CE04F4BF
:1045900024CE04F424A6009C74EF408A4200063026
:1045A00018C683040066FF00009CFEFB06380086E8
:1045B000F8FF408A260024CE04F4009CD6EF408AFF
:1045C0001C00063018C683040066FF00009CDAFB5E
:1045D000063822CE24CE10EE860404F404F484F4CB
:1045E00000C2E0FF84F426A610EE8404009CFAFBCF
:1045F000408A320018C683040066FF00009CAAFBB4
:1046000028A630C688042080448810EE880422A69C
:1046100010EE8604009CC8FC408A0A00009C64EEF0
:10462000408A020004F400C2E0FF84F430C6900423
:10463000A22838C69204222900C040C2200020D0FF
:10464000A1444154208AF6FF00C180C2AC0430C6A8
:104650009004A22838C692042229009C2CF200C1A2
:1046600080C2B70400A80066FF0030C69004A228EC
:1046700038C692042229AC4420D000C180C2C604AE
:1046800000A030C69004A22838C692042229AE4465
:1046900020C800C180C2C80400A030C69004A2286F
:1046A00038C692042229B04420C800C180C2CA047E
:1046B00000A030C69004A22838C692042229B24431
:1046C00020C800C180C2C40400A030C69004A22843
:1046D00038C692042229B44420C800C180C2C20452
:1046E00000A030C69004A22838C692042229B644FD
:1046F00020C804F400F84630663086342630009C2A
:104700002000A637063010C63202EE0800860100EF
:104710000638228800FAA6392638863C663846389C
:1047200004F6063520C1A0C2A004009CD0F9408A3E
:1047300068000628009C18FA408A5E005EA620C227
:104740002000C8A20268288800C2E2FF008E4A004A
:1047500000C180C2A004009CC0F2408A3C00202816
:104760002F64F20AE00A204600BC00C182281AA683
:1047700010EECC0410C6CC04009C0CEF408A1A004A
:10478000009C00ED408A120000C180C2A004009C81
:1047900082F4408A0400063D04F4063D84F400F8E7
:1047A000463066302630009C1E00A637063010C604
:1047B0003202EE08008601000638228800FAA63987
:1047C00026386638463804F60635863420C1A0C23D
:1047D000A004009C28F9408AAE0078EE8204063CD2
:1047E000063420C1A0C2CC04009C12F9408A980073
:1047F00018C682040680208A7E000628009C50F994
:10480000408A840000C180C2CC04009C0CF2608A03
:104810006C000086E4FF208A6E0000C180C2A00404
:10482000009CF6F1408A60002028F00A40284F647E
:104830000428F208E008004600BC20C1A02800C1FE
:1048400080C2CC040BC000A920D10110211001545A
:10485000208AF2FF4CA6024000C180C200BC009C2E
:10486000D4E8408A220000C2FFFF10EEE40310EEFD
:10487000E803863C063D04F400C2FDFF048C00C240
:10488000E3FF863C063D84F4863C063D84F400F854
:104890004630663086340635263010EEDA0420C104
:1048A000A0C2A004009C56F8408AF00078EE820472
:1048B000009C0C01408AE4000628009C92F8408A83
:1048C000DA0000C180C2A004009C4EF1408AA00022
:1048D00010EE8404009C12F9408AC00010C68A04BD
:1048E0000084208A980010C688040084008A84000E
:1048F00020C200FE2080608A840010C686040086E4
:104900000200608A6E00FF98E20F408A7A0018EE7B
:10491000D80478C682046066FF000628009C30F840
:10492000408A7800009CD600408A700000C20002D5
:1049300010EE120218C6D8040066FF0010EE140232
:1049400010EE160201C010EE180210C6080220C1B7
:10495000A0282EA610EE1A02009C6C01FF9864118C
:10496000408A2E0020C1A0282EA6A0C1008E2E00B5
:10497000008E280000C2DDFFA1C1008E200000C211
:10498000DDFFA1C1008E160000C2FCFFA1C1008E98
:104990000C0000C2FBFFA1C1008E0200A1C1A6371E
:1049A000063010C63202EE08008601000638228862
:1049B00000FAA6392638063D863C6638463804F6A5
:1049C00000C180C2A004884400A80066FF000086E1
:1049D0004300208A2200814400A80066FF00008670
:1049E0004F00208A1200814400A80066FF00008664
:1049F0004D00208A020004F400C2DDFF84F4009C14
:104A00006EF200C2000210EEDC0410C6880410EE44
:104A1000DE0410C6860410EEE00410C6DE04008436
:104A2000008A560010C6E0040086F8FF408A4C0059
:104A300000860200608A4400009C9CEC408A420090
:104A400000C180C200BC009CD2E6408A3400009CB9
:104A5000320030C6DC04204030EEDC0430C6DE0418
:104A6000205030EEDE0410C6E004009CA0EA408A2C
:104A7000100010EEE004008EA0FF04F400C2DDFF81
:104A800084F484F410C6DE0420C20002028062882E
:104A9000022810EEE20400C180C200BC38C6D8046F
:104AA0002066FF00222930C6DC04A228402840846A
:104AB000008A0E0000A820D08144A1444154008EF9
:104AC000ECFF10C6E20404F600C180C2A00420C1BD
:104AD000A0C2400248C04084008A2A0000A80066A4
:104AE000FF0000862000008A1C00008641006A88C2
:104AF00000865B0044880046200020D08144A14409
:104B00004154008ED0FF00C020D004F626308634F9
:104B100020C3FF00A0C2804B00C180C200A020C201
:104B2000800020A000C8221002102154208AF2FF29
:104B300000C2E1AC10EEFE9F863C263804F600C3AE
:104B4000FF0080C24C4BFF98C8031B022A2A2A2070
:104B50004B4C49423A206261642063616C6C2028AE
:104B6000756E696D706C656D656E74656420736CCF
:104B70006F7429202A2A2A0A000000C2010104F4C5
:104B8000FF90804CFF90E64CFF905850FF90C6502D
:104B9000FF90F650FF903E4BFF90102FFF9050413A
:104BA000FF903E4BFF903E4BFF903E4BFF903E4BA5
:104BB000FF903E4BFF903E4BFF903E4BFF903E4B95
:104BC000FF903E4BFF903E4BFF903E4BFF903E4B85
:104BD000FF903E4BFF903E4BFF903E4BFF903E4B75
:104BE000FF903E4BFF903E4BFF903E4BFF903E4B65
:104BF000FF903E4BFF903E4BFF903E4BFF903E4B55
:104C0000FF900E4DFF90DC4EFF90FE4EFF90984FB0
:104C1000FF90344FFF90284DFF90484DFF90644F18
:104C2000FF90F24DFF90B84DFF906A4DFF901C4EE3
:104C3000FF90224EFF903051FF907051FF903E4BFD
:104C4000FF90D04FFF90FC4FFF90644DFF900850B5
:104C5000FF903E4BFF903E4BFF903E4BFF903E4BF4
:104C6000FF903E4BFF903E4BFF903E4BFF903E4BE4
:104C7000FF903E4BFF903E4BFF903E4BFF907A4B98
:104C80004028EC0CEE086228EC0EEE0A6630463046
:104C900026300630EA0A0268F808063066A6E4A65E
:104CA000EA0A0268F808402862A6E8A6EA0A02684A
:104CB000F8080440422100002164402866A6E8A7C5
:104CC000EA0E0668F8086428EE0EEC0C0440EA0AC6
:104CD00002402028EA0E06380640442100004164C4
:104CE0002440E84404F6063020C2CDCCFF98804C26
:104CF0000228E208E208E20840282028E00AE0084A
:104D0000E008E008024026382050042804F6263047
:104D100020C000A80084088821440110008EF2FF02
:104D20000228A0C1263804F60630263000841088F8
:104D3000202820A800D0011021102154208AF2FF41
:104D4000A0C12638063804F60630463000840C88A8
:104D5000402880D001104154208AF6FFA0C1463877
:104D6000063804F610C6000204F40632402824284F
:104D7000EC0AF00A2F64FF98A44D2428EC0A2F6453
:104D8000FF98A44D2428EE0AF00A2F64FF98A44D42
:104D900024282F64FF98A44D20C080D004C0A0C157
:104DA000063A04F62A84668820463700048C20469A
:104DB000300080D0011004F60632FF98CA4D20C0A2
:104DC00080D00428A0C1063A04F60A847888FF98A7
:104DD000E64C2630FF98CA4D26382046300080D059
:104DE0000110414404F60046300000D0011041C0DB
:104DF00004F62630463040C00084CE8820C22D0004
:104E000080D0011041C0007C01444630FF98B84D6D
:104E100046380440A0C14638263804F66AC0008EE1
:104E2000020070C04630663086348018000040C0F2
:104E300000A800862D00248841C00110463000A83B
:104E400000862400248870C0011000C040C080A8E3
:104E50002084008A5E0020863000608A560020860A
:104E60003A00488820563000008E30007084208A36
:104E7000420020864100608A3A0020864700488828
:104E800020563700008E140020866100608A2400BE
:104E900020866700408A1C00205657006630263066
:104EA0002628FF98804C26386638024041C0011001
:104EB000008E9AFF66384084168860840488007CDF
:104EC0000144282A2A50A0C1863C6638463804F698
:104ED00020C0A1C1863C6638463804F62630063428
:104EE000863400C0A0A880D0014401102110208485
:104EF000208AF0FFA0C1863C063C263804F6263006
:104F000046300634863480A820A924802C8820844A
:104F1000148801102110008EECFF648801C0088CF9
:104F200000C2FFFF028C00C00084863C063C46386D
:104F3000263804F6263086348018000080A82080A9
:104F40000A88208412880110008EF0FF082A0A5077
:104F5000A0C1863C263804F600C2FFFFA1C1863CF2
:104F6000263804F606320084008A2400602880A8CF
:104F700020A924802E88011021106154208AEEFF80
:104F800000C00E8C648801C0088C00C2FFFF028C38
:104F900000C00084063A04F62630463006348634D3
:104FA00040C080A82084088801104144008EF2FF90
:104FB000A0A880D001102110208406884144008ED2
:104FC000EEFF0428A0C1863C063C4638263804F68D
:104FD000263010C6FE9F2028F20AE00AE00AE00A06
:104FE00002702028EC0AE20A02702028EE0AEA0A7F
:104FF000027010EEFE9FA0C1263804F600842288BD
:1050000001C010EEFE9F04F42630463030C6320256
:1050100020860100208A34003A2A20668000008A17
:105020002A000084008A1C00F008E208008422881C
:1050300001C030C6000250C6000242504080448881
:10504000008EF2FFA0C14638263804F600C2FDFFEC
:10505000A1C14638263804F6463066302084008ADE
:10506000580060C00084CA8840C040500428617461
:10507000626C2084C88840C042502428617440C0BB
:10508000663070C000404448428064884250016CE1
:105090006154208AEEFF6638242846284164068839
:1050A00040C04050042846284264068840C0425010
:1050B0002428A0C16638463804F600C2FDFFA1C10D
:1050C0006638463804F62084008A2400463066306C
:1050D00040C070C000404448428064884250016C27
:1050E0006154208AEEFF2428A0C16638463804F6B1
:1050F00000C2FDFF84F44084008A2E0066304630F2
:1051000060C22000663040C0004022484448E2A708
:10511000468064884650016CE0A76154E0CF208A45
:10512000E6FF66386638663804F400C2FDFF84F492
:105130000632FF98425120C080D00428A0C1063A10
:1051400004F6208430880A844C880046300000D061
:10515000011041C004F64AC0FF98F6504630FF984F
:10516000425166386046300080D10110414404F657
:1051700020842C8800860004468820C040C004F4A7
:1051800040C20004009810A02084208A24000086D9
:105190000004408A1C000630042820C264000098E5
:1051A00000A040C20004009810A02028063841C08A
:1051B00004F440C20004009810A02084208A240037
:1051C00000860004408A1C000630042820C26400C7
:1051D000009800A040C20004009810A020280638C3
:1051E00042C004F440C20004009810A00630042815
:1051F00020C26400009800A040C20004009810A0E3
:105200002028063843C004F42630863420C3FF002B
:10521000A0C2765200C180C200A220C2800020A09D
:1052200000C8221002102154208AF2FF863C263842
:1052300004F600C3FF0080C24052FF98C8031C025E
:105240002A2A2A20454D554C49423A206261642061
:1052500063616C6C2028756E696D706C656D656E30
:1052600074656420736C6F7429202A2A2A0A00004E
:1052700000C2000104F4FF90E42AFF90182AFF9076
:105280008C2AFF90442BFF90B22BFF90122CFF90A2
:10529000802CFF90EE2CFF90F22DFF90762DFF904A
:1052A0003252FF903252FF903252FF903252FF90B2
:1052B0003252FF903252FF903252FF903252FF90A2
:1052C0003252FF903252FF903252FF903252FF9092
:1052D0003252FF903252FF903252FF903252FF9082
:1052E0003252FF903252FF903252FF903252FF9072
:1052F0003252FF903252FF903252FF903252FF9062
:105300003252FF903252FF903252FF903252FF9051
:105310003252FF903252FF903252FF903252FF9041
:105320003252FF903252FF903252FF903252FF9031
:105330003252FF903252FF903252FF903252FF9021
:105340003252FF903252FF903252FF903252FF9011
:105350003252FF903252FF903252FF903252FF9001
:105360003252FF903252FF903252FF903252FF90F1
:105370003252FF90705260C1E0C2FEFF00C180C097
:1053800000C2FF0000C800C2E41202CE00C180C209
:10539000A00200AE0084208A3A0000C3FF0080C251
:1053A0004E54FF98C80301C000C3FF0080C26E5472
:1053B000FF98F431408A100000C3FF0080C262549D
:1053C000FF98C803008E0C0000C3FF0080C2665423
:1053D000FF98C80300C3FF0080C2805440C29042BF
:1053E00020C3FF00A0C27A54FF989C14408A10008A
:1053F00000C3FF0080C21054FF98C803FF90AE1393
:1054000000C3FF0080C22854FF98C803FF90AE136A
:105410004C6F6164696E67206B2F4F532073686512
:105420006C6C202E2E2E0A00424F4F5420464149CC
:105430004C3A20636F756C64206E6F7420627569DE
:105440006C64206B6F7368207461736B0A00466F25
:10545000726D617474696E6720423A202E2E2E2080
:1054600000004F4B0A004641494C45440A00524156
:105470004D4449534B20202020006B6F736800007F
:105480009AF06488008EFCFF80C20070162B00C06A
:1054900020C2800300C882442154208AF6FF00C243
:1054A0004200162B80C2C06500D0009A4838162BE7
:1054B00080C2CC4118F0162B80C2D84118F0162BB0
:1054C00080C2784301C078F0408A080040287AF012
:1054D000008E2200162B80C278430EC078F0408ADE
:1054E00014004028162B80C2904320C224000428B8
:1054F0007EF004287AF0162B80C2844301C078F035
:10550000408A080040287AF0008E2200162B80C2C4
:1055100084430EC078F0408A14004028162B80C2C5
:10552000B44320C2DC0004287EF004287AF0009AFC
:105530007C3D162B80C2005000C24F001CF0362B61
:10554000A0C2005020282084008A100020A9408694
:1055500020002C8821102154008EEAFF008ECEFFFF
:105560002019000020A94084128840862000068867
:105570002110008EEEFF40C020D1068C211040C0CB
:1055800020D14018000000A80084008A180000867E
:1055900041006C8800865B0046880046200000D0F1
:1055A0000110008EE0FF4018000000A80086610096
:1055B000608A4A0000867B00408A4200011080A871
:1055C00020863A00208A3600011080A82084208A94
:1055D0002C006028605620000056610000981CA036
:1055E000408A0C00162B80C2C06580D1008E3EFF21
:1055F000162B80C2F641009A063D008E30FFC0187F
:10560000000060C25841162B862800A00084008A42
:10561000C200162B8028009888A000840688644465
:10562000008EE2FF162B8628824400A00184008AA7
:10563000AE000284008ADE060384008A5A070684CC
:10564000008ADE060784008AF2060884008AF206D1
:105650000984008AF6060B84008AF60D0C84008A01
:10566000AE0E0D84008A5A090E84008ADC0A0F846B
:10567000008A50101084008A78101184008AB812B1
:105680001284008A88141384008AB8161484008A4D
:10569000882B1584008A5A2C1684008A2C2D178496
:1056A000008AC42D1884008A6E2E1984008AD03096
:1056B0001A84008ADE171B84008A0C1C1C84008A52
:1056C000A21D1D84008AE6311E84008A48211F84A1
:1056D000008A9808162B80C2F24118F0008E4EFE08
:1056E000162B80C26C0418F0008E42FE7368656C45
:1056F0006C3A2020202068656C702020202020201B
:1057000020202020202D2074686973206C69737418
:105710000A20202020202020202020657869742065
:10572000202020202020202020202D206C65617644
:1057300065207368656C6C0A2020202020202020C2
:105740002020636C656172202020202020202020F2
:10575000202D20636C6561722073637265656E0A2B
:10576000202020202020202020206563686F2054E6
:105770004558542020202020202D207072696E74FE
:1057800020544558540A202020202020202020206A
:1057900068616C7420202020202020202020202DD3
:1057A0002073746F7020746865204350550A202060
:1057B00020202020202020207265626F6F7420201E
:1057C000202020202020202D2072657374617274A7
:1057D000207468652073797374656D0A2020202019
:1057E000202020202020423A2020433A20202E2E24
:1057F0002E202020202D2073776974636820637524
:105800007272656E742064726976650A0A737973C0
:1058100074656D3A202020696E666F20202020205C
:105820002020202020202D2076657273696F6E2045
:105830002B2073797374656D2073746174650A200D
:1058400020202020202020202070732020202020B5
:1058500020202020202020202D206C6973742061BE
:105860006374697665207461736B730A202020204D
:105870002020202020207461736B20544944202074
:1058800020202020202D2073686F77207461736B97
:105890002064657461696C730A2020202020202018
:1058A0002020206B696C6C2054494420202020204B
:1058B00020202D207465726D696E6174652074619D
:1058C000736B206279205449440A0A6D656D6F72CA
:1058D000793A2020207065656B204120202020200F
:1058E000202020202D20726561642062797465205B
:1058F000617420413D5B245D70703A5B245D6F6F85
:105900006F6F206F7220413D6F6F6F6F0A202020F4
:105910002020202020202064756D702041205B4EC7
:105920005D20202020202D206865782B415343499D
:10593000492064756D7020284E2062797465732C3F
:105940002064656661756C74203634290A0A6469BE
:10595000736B733A202020206469736B73202020BE
:10596000202020202020202D206C69737420686F57
:105970007374206469736B20696D616765730A20B5
:105980002020202020202020206D6F756E74204E56
:10599000414D4520442020202D206D6F756E7420D0
:1059A0004E414D452E4B4F53206F6E2064726976E9
:1059B0006520442028432E2E46290A20202020201E
:1059C0002020202020756E6D6F756E74204420207D
:1059D000202020202D20756E6D6F756E74206472EE
:1059E00069766520440A20202020202020202020C5
:1059F0006D6B6469736B204E414D45204E20202D08
:105A00002063726561746520626C616E6B204E2D3F
:105A1000736563746F7220696D6167650A20202069
:105A200020202020202020726D6469736B204E415D
:105A30004D45202020202D2064656C65746520690B
:105A40006D61676520286D75737420626520756EC1
:105A50006D6F756E746564290A2020202020202037
:105A600020202072656E616D652044204E414D45B9
:105A700020202D2072656E616D65206D6F756E74CE
:105A800065642064726976652044277320686F73AB
:105A9000742066696C650A202020202020202020A8
:105AA0002072656D6F756E742044202020202020A8
:105AB0002D2072656C6F6164206472697665204484
:105AC0002066726F6D206469736B2028666F722088
:105AD00065787465726E616C206564697473290AF7
:105AE000202020202020202020206C6F6164204E68
:105AF000414D45205B2D665D202D20636F70792020
:105B0000686F7374206C6F61642F4E414D45207433
:105B10006F2063757272656E742064726976650AAF
:105B20000A66696C65733A20202020766F6C20200D
:105B3000202020202020202020202D206469736B2D
:105B400020757361676520286C6162656C2C207418
:105B50006F74616C2C20757365642C2066726565AA
:105B60002C2075736525290A202020202020202044
:105B700020206C73205B706174685D2020202020E1
:105B8000202D206C697374206469726563746F7270
:105B900079202864656661756C74203D2063757298
:105BA00072656E7429205B2A3F5D0A202020202028
:105BB00020202020206361742070617468202020E0
:105BC000202020202D207072696E742066696C651B
:105BD00020636F6E74656E7473205B2A3F5D0A20CC
:105BE000202020202020202020637020535243209A
:105BF00044535420202020202D20636F707920668C
:105C0000696C652028726566757365732069662006
:105C10004453542065786973747329205B2A3F20AC
:105C20002D3E2064726976655D0A202020202020A8
:105C300020202020726D2070617468202020202098
:105C40002020202D2064656C6574652066696C6574
:105C5000205B2A3F5D0A20202020202020202020B9
:105C60006D76205352432044535420202020202D71
:105C70002072656E616D65206F72206D6F76652094
:105C800066696C65205B2A3F202D3E206472697630
:105C9000655D0A20202020202020202020666F72B1
:105CA0006D61742044205B4C424C5D202D20666F5A
:105CB000726D617420647269766520442028422EDA
:105CC0002E46292077697468206F7074696F6E6141
:105CD0006C206C6162656C0A20202020202020202E
:105CE000202072756E2070617468205B265D202014
:105CF000202D2072756E2061202E434F4D202826C6
:105D0000203D206261636B67726F756E64290A00C3
:105D100068656C700000162B80C2DA0A18F000C0AB
:105D200036F040180000009880A0011000A8008400
:105D3000028818F00AC014F0008EF2F722F0008EEC
:105D4000ECF7162B80C2E00A18F00002162B80C276
:105D5000EA0A18F000F8FF9000006279650A000076
:105D600068616C7465642E0A00007265626F6F74FE
:105D7000696E672E2E2E0A006578697400006563CF
:105D8000686F0000636C6561720068616C7400008C
:105D90007265626F6F740000162B80C2841018F059
:105DA00040C2000840868027408ABC0100C1842888
:105DB0000AA6EE0800860300008AA401162B80C202
:105DC000B81018F000C184280EA61EF000C1842867
:105DD0000EA600866400568800C2200014F000C1A0
:105DE00084280EA60A84468800C2200014F000C24F
:105DF000200014F000C1842816A61EF000C2200066
:105E000014F000C1842816A600866400568800C2DB
:105E1000200014F000C1842816A60A84468800C217
:105E2000200014F000C2200014F024282046600056
:105E300068C000C1822800A800840A8814F02144A8
:105E40006154208AECFF60840C8800C2200014F0AA
:105E50006154208AF4FF00C2200014F000C184289D
:105E60000AA6EE08162B80C20211804000A814F08A
:105E700000C2200014F000C2200014F000C18428E9
:105E800012A60066080000841A8800C184280EA6A5
:105E900030C638020280268800C22A000A8C00C25E
:105EA0007300048C00C22D0014F000C2200014F016
:105EB00000C2200014F000C1842802A6EE08362B90
:105EC000A0C22060602800C22400009A7A3C062804
:105ED000009A323C00C0009A7A3C162B80C22060A7
:105EE00018F000C2200014F000C2200014F0463068
:105EF00000C184280EA658F0463002281EF027C0A4
:105F0000205020840C8800C2200014F02154008E00
:105F1000F0FF06381EF027C0205020840C8800C2F5
:105F2000200014F02154008EF0FF463800C1842870
:105F30001EA620C2220088A2162B80C220604630F6
:105F40000098B4A0463820C22060162B822800A8F2
:105F50000084088814F02144008EEEFF0AC014F07B
:105F600040468000008E3CFE008EC2F540180000C6
:105F7000009880A0011000A800862000268801104B
:105F8000008EF2FF0084008A12000098ACA0408AC4
:105F9000160040F0408A1C00008E92F5162B80C23D
:105FA000BC1018F0008E86F5162B80C2D61018F0A3
:105FB000008E7AF5162B80C2FC10009A063D008EEA
:105FC0006CF5162B80C2621018F0009A0C3A162B52
:105FD00080C2663A18F0009A243A0AC014F0162BD0
:105FE00080C26E1018F0162B80C2DA3A18F010C674
:105FF0001C02EE08008601000888162B80C2003BB8
:10600000068C162B80C2E63A18F0162B80C2143B81
:1060100018F0162B80C2363B18F010C62C021EF06A
:10602000162B80C24C3B18F010C62A021EF0162B0D
:1060300080C25C3B18F0162B80C2683B18F040C24F
:10604000800860C040868027408A180000C18428EC
:106050000AA6EE08008603002288614440468000BC
:10606000008EE0FF06281EF0162B80C2743B18F04D
:1060700010C63002EE080056020001441EF0162B36
:1060800080C27E3B18F010C63002EE08009AD2396A
:10609000162B80C2923B18F0162B80C2963B18F04C
:1060A00040C2800860C040868027408A180000C136
:1060B00084280AA6EE080086030002886144404650
:1060C0008000008EE0FF06281EF0162B80C2A23B47
:1060D00018F010C63002EE080056020001441EF00F
:1060E000162B80C2A83B18F0162B80C2081118F09E
:1060F00010C6000230C6020206302630162B80C2BF
:1061000020600098B4A0162B80C2206018F000C256
:10611000200014F000C2280014F0263806385EC0B3
:10612000009810A0162B80C220600098B4A0162BF7
:1061300080C2206018F000C2730014F000C2290071
:1061400014F00AC014F0008EE4F340180000009828
:1061500080A0011000A800842C88162B80C2141186
:1061600018F0008EC8F300A80086200026880110D1
:10617000008EF2FF0098ACA0408A5A0100863F00D2
:10618000408A5201402860C2000840840A88604664
:1061900080004154008EF2FF66EE006000C1862848
:1061A0000AA6EE08008603002C88162B80C2361142
:1061B00018F0008E78F3162B80C24A1118F000C137
:1061C00006C6006080280EA61EF0162B80C258114D
:1061D00018F0162B80C25A1118F000C106C60060D4
:1061E00080280AA6EE08162B80C20211804000A863
:1061F00014F00AC014F0162B80C2681118F000C108
:1062000006C60060802802A6EE08362BA0C22060D9
:10621000402800C22400009A7A3C0428009A323CAC
:106220000AC0009A7A3C00C0009A7A3C162B80C2C1
:10623000206018F0162B80C2761118F000C106C637
:106240000060802800A6362BA0C22060402800C233
:106250002400009A7A3C0428009A663C0AC0009AFE
:106260007A3C00C0009A7A3C162B80C2206018F05D
:10627000162B80C2841118F000C106C60060802869
:1062800016A61EF00AC014F0162B80C2921118F048
:1062900000C106C6006080281CA61EF00AC014F0CB
:1062A000162B80C2A01118F000C106C6006080281D
:1062B0001EA61EF00AC014F0162B80C2AE1118F0F4
:1062C00006C600600046600000C1802818F00AC0C1
:1062D00014F0008E58F2162B80C2141118F0008EA4
:1062E0004CF26B2F4F533A20202020207600536829
:1062F000656C6C3A202020206B6F73682076312EFD
:10630000300A000020205449442050544944204E73
:10631000414D452020202020535420464720504105
:10632000474520424C4F434B53204259544553203C
:10633000205449434B530A00202000006B696C6CC9
:106340003A2075736167653A206B696C6C203C7408
:1063500069643E0A00006B696C6C3A2062616420DB
:1063600054494420286E65656420646563696D61E5
:106370006C206E756D626572290A00006B696C6C29
:106380003A005242445557535469636B733A202084
:106390002020000075736167653A207461736B207B
:1063A000544944202028646563696D616C20302E57
:1063B0002E3632290A00202028736C6F74206973EE
:1063C00020756E75736564290A0020207461736BF3
:1063D0002049443A202000000A0020207374617490
:1063E000653A2020202000002020706167653A2057
:1063F0002020202000002020736176656420783AF8
:10640000202000002020706172656E743A202020E8
:10641000000020207969656C64733A202020000018
:106420002020707265656D7074733A200000202022
:106430006E616D653A2020202020000070730000FE
:10644000696E666F00007461736B00006B696C6C41
:10645000000040180000009880A0011000A80084EF
:106460002C88162B80C2E61318F0008EC0F0762A16
:10647000009A803C408A8C004028622804298628A3
:1064800000A82028362BA0C2206000C22400009A59
:106490007A3C0428009A323C00C23A00009A7A3CC6
:1064A0000628009A663C00C22000009A7A3C009AB6
:1064B0007A3C0228009A323C00C22000009A7A3CC2
:1064C000009A7A3C00C22700009A7A3C0228008693
:1064D0002000688800867F004288048C00C22E005D
:1064E000009A7A3C00C22700009A7A3C0AC0009ABF
:1064F0007A3C00C0009A7A3C162B80C2206018F0CB
:10650000008E2AF0162B80C2E61318F0008E1EF0C3
:1065100040180000009880A0011000A800842C887A
:10652000162B80C2141418F0008E02F0762A009AFE
:10653000803C408A240106EE006026EE026080184E
:10654000000020A80086200026882110008EF2FF7F
:1065500000841888201800000098B0A0408A0C0021
:1065600000860010648800C20010048C00C2400045
:1065700006EE046006C604600084008AD80006C6E1
:106580000060002906C602608028362BA0C2066083
:1065900070C000A820D0011021106154208AF2FFA1
:1065A000362BA0C2206000C22400009A7A3C06C6A6
:1065B0000060EE08009A323C00C23A00009A7A3C31
:1065C00006C60260009A663C00C22000009A7A3C2F
:1065D000009A7A3C60C0162B80C20660864000A8F4
:1065E000009A323C00C22000009A7A3C61447084D8
:1065F000608AE2FF00C22000009A7A3C60C0162B3D
:1066000080C20660864000A8008620006888008658
:106610007F004288048C00C22E00009A7A3C6144BC
:106620007084608AD8FF0AC0009A7A3C00C0009A41
:106630007A3C162B80C2206018F006C60260104417
:1066400006EE026006C6046010846A88105406EEE6
:106650000460008E1EFF008ED4EE162B80C2141430
:1066600018F0008EC8EE75736167653A2070656535
:106670006B205B245D70703A5B245D6F6F6F6F20E1
:10668000206F7220207065656B205B245D6F6F6FDB
:106690006F0A000075736167653A2064756D70203C
:1066A0005B245D70703A5B245D6F6F6F6F205B6C75
:1066B000656E6774685D0A007065656B00006475DF
:1066C0006D700000162B80C2C02718F000C006EEC7
:1066D000B27306C6B273008606005288009AF02D87
:1066E00006C6B273014406EEB273008EE4FF008E5C
:1066F0003CEE40180000009880A0011000A8008621
:106700002000008A0400008E06000110008EECFFBD
:1067100000A80084008A2800009AD23F408A0C0218
:10672000402820A800842E88162B80C2622886EE7E
:106730004E76008E22000A2A06EE4E76008E180053
:10674000162B80C2C06500A8005641004028162BB9
:1067500080C2622886EE4E766428F20EE00EE00ECD
:1067600060466002362BA0C2206000C22000009A62
:106770007A3C00C22000009A7A3C0428004641007E
:10678000009A7A3C00C23A00009A7A3C00C220008B
:10679000009A7A3C00C18628804622002BC000A8BF
:1067A00020D0011021102154208AF2FF0AC0009A43
:1067B0007A3C00C0009A7A3C162B80C2206018F008
:1067C00000C006EEA07006EEA27006EEA47046EEC3
:1067D000A87060C066EEAA7006C6A87026C6AA7029
:1067E000162B80C2806080F0408AC80006C64E76B4
:1067F000162B8028362BA0C28060009A0E3F408A5C
:10680000A400362BA0C2206000C22000009A7A3C6F
:1068100000C22000009A7A3C162B80C280604CC0D7
:10682000009AB62D00C22000009A7A3C009A7A3C69
:10683000162B80C2906000A180C2926080A106C623
:10684000A27026C6A4700440264806EEA27026EE6A
:10685000A4706084208A0A000428009A882D008E83
:10686000180000C24200009A7A3C00C24900009A17
:106870007A3C00C24700009A7A3C0AC0009A7A3CEF
:1068800000C0009A7A3C162B80C2206018F006C621
:10689000A070014406EEA07006C6AA70014406EE80
:1068A000AA70008E32FF06C6AA70014406EEAA70D6
:1068B000008E24FF362BA0C2206000C22000009A68
:1068C0007A3C00C22000009A7A3C06C6A070009A6A
:1068D000882D162B80C24628009A9E2D06C6A270CF
:1068E00026C6A47040C0009A423E162B80C2522891
:1068F000009A9E2D06C6A87088F058882428009813
:1069000000A040C0009A423E162B80C25A28009A2E
:106910009E2D068C0AC0009A7A3C00C0009A7A3CF0
:10692000162B80C2206018F0008E02EC162B80C25D
:10693000142818F0008EF6EB40180000009880A094
:10694000011000A800862000008A0400008E0600C6
:106950000110008EECFF00A80084008A520180180C
:106960000000009AAC3F20180000608A2800362BF7
:10697000A0C2D065009AE23D122B8A2A009A3C18E8
:10698000408A0400008EA6EB162B80C29A28009A3B
:10699000063D008E98EB009AD23F408AE20006EE58
:1069A00020764028F20CE00CE00C4046600200C16A
:1069B000842880460E0000A16428E00E0628E00E20
:1069C0000640E00E064006EE4C76E0500E2A06EE3B
:1069D000287606C62076009A4840408AC000008487
:1069E000008AA80006EE247600C006EE227606C6CF
:1069F000227626C624760280408A7A004028E00863
:106A00006028E0086040E008604006C628766040E4
:106A1000362BA0C2D06506C620760046410020D0A5
:106A2000211000C23A0020D02110162B862800A881
:106A300020D00084088801102110008EF0FF162B52
:106A400080C2D065009A3C18608A1C000630162B64
:106A500080C2D06518F000C2200014F00638162B52
:106A600080C29A28009A063D06C62276014406EEA8
:106A70002276008E78FF06C64C76E040008EAEEAA5
:106A8000162B80C2F42A18F0008EA2EA06C64C76B5
:106A9000E040162B80C2C62A18F0008E90EA06C687
:106AA0004C76E040162B80C2D22A18F0008E7EEA87
:106AB000162B80C2642818F0008E72EA01C078F0AC
:106AC000408A46004028042820C20002162B80C2BB
:106AD000AC607CF0408A26000084008A1800162BE7
:106AE00080C2AC60804020C080D0162B80C2AC60D9
:106AF00018F0008ED0FF04287AF0A0C104F66028B8
:106B000004287AF00628A1C104F6A1C104F64018B1
:106B10000000009880A0011000A8008620002688B0
:106B20000110008EF2FF0084008AF20100866100ED
:106B30006A8800866700448800562000008641006D
:106B4000008AE60100864200608ADE010086470076
:106B5000408AD601005641004028011000A8008656
:106B60003A002288011000A8008620002688011023
:106B7000008EF2FF0084008A8000362BA0C280299C
:106B80002BC02084008A640000A80084008A48008A
:106B900000862000008A4000008661006A88008626
:106BA0007B0044880056200000865F001E88008617
:106BB0003000608A5C0100863A00708800864100DF
:106BC000608A4E0100865B00408A460120D0011099
:106BD00021102154008EAAFF2084008A0E0000C2DA
:106BE000200020D021102154008EECFF362BA0C2B3
:106BF000922901C020D0008EB200362BA0C292296B
:106C000000C020D040860100008A4C004630042895
:106C100000560200162B80C28029009818A2463820
:106C2000408A3400362BA0C2802920C02B844E8895
:106C300020A800840C8821102144008EEEFF008ED5
:106C40006A002B844E8800C2200020D021102144ED
:106C5000008EEEFF008E5400362BA0C2802900C2A9
:106C6000550020D0211000C2530020D0211000C2B6
:106C7000450020D0211000C2520020D0211000C2B7
:106C8000440020D0211000C2410020D0211000C2B9
:106C9000540020D0211000C2410020D0211000C299
:106CA000200020D0211020D0211020D00428162B25
:106CB00080C2802982F0408A7C00362BA0C29229B3
:106CC00020A80084008A3200362BA0C28A292BC05B
:106CD00020A8008620002888A1542154208AF0FF93
:106CE000211000C020D0042800560200162B80C2BC
:106CF0008029009814A2408A0C00162B80C27C299F
:106D000018F0008E28E8162B80C2482918F0008E53
:106D10001CE8162B80C20C2918F0008E10E8162BE8
:106D200080C2B02818F0008E04E8162B80C2DC2840
:106D300018F0008EF8E7162B80C23829009A063D1D
:106D4000008EEAE740180000009880A0011000A81B
:106D50000086200026880110008EF2FF0084008A41
:106D60000A0160C0A82A302B20A94084008A0600AE
:106D70002110008EF2FFA88026883081008A38001A
:106D8000211220A940862000008AEAFF40862600C2
:106D9000208A240040C020D161C0A880268830818C
:106DA000008A1400211220A940862000208A0800B1
:106DB00040C020D1008EE2FF362BA0C2F865A0C9EA
:106DC000362BA0C2D065009AE23D122B8A2A00C061
:106DD0003EF0408AA2004028362BA0C2F865A0A150
:106DE0006084208A480004283CF0408A98004028AB
:106DF000362BA0C2206000C25B00009A7A3C162BA2
:106E000080C2E629009A9E2D0428009A882D00C28F
:106E10005D00009A7A3C0AC0009A7A3C00C0009A51
:106E20007A3C162B80C2206018F0008E00E7362BCB
:106E3000A0C2206000C25B00009A7A3C162B80C280
:106E4000EC29009A9E2D0428009A882D00C25D002E
:106E5000009A7A3C0AC0009A7A3C00C0009A7A3CB8
:106E6000162B80C2206018F0008EC2E6162B80C25E
:106E7000942918F0008EB6E6162B80C2C229009A1B
:106E8000063D008EA8E6162B80C2D429009A063D46
:106E9000008E9AE640180000009880A0011000A81B
:106EA0000086200026880110008EF2FF0084008AF0
:106EB000E802801800000A2A06EEBC7500A80084CB
:106EC000008AD6020086200006880110008EECFFA2
:106ED00000C000D0011000A8008620002688011004
:106EE000008EF2FF0084008AB002082A06EEBE750A
:106EF00000A80084128800862000268800C000D0E8
:106F0000068C0110008EE8FF162B06C6BC75802883
:106F1000009AAC3F608A7600162B06C6BC758028A6
:106F2000362BA0C2D065009AE23D00C2D06506EEC5
:106F3000BC75162B06C6BE758028362BA0C2E06530
:106F4000009AE23D00C2E06506EEBE75009AFC4084
:106F5000009A321F408A0C00162B80C2822A18F039
:106F6000008ECAE500860180008A3A02008602800F
:106F7000008A0E00162B80C2722A009A063D008EEF
:106F8000ACE5162B80C25A2A18F0008EA0E5162B0D
:106F900006C6BE758028009AAC3F608AB401162BE5
:106FA00006C6BE758028009AD23F408ABC0120A840
:106FB0000084208AA80106C6BE75162B06C6BE75BB
:106FC0008028009AD23F06EE5076162B06C6BC7576
:106FD0008028009AD23F408A900106EE2076402811
:106FE000F20CE00CE00C4046600200C184288046B0
:106FF0000E0000A16428E00E0628E00E0640E00E18
:10700000064006EE4C76E0500E2A06EE287606C6BE
:107010002076009A4840408A6E010084008A56011A
:1070200006EE247600C006EE227606C6227626C636
:1070300024760280408A10014028E0086028E00899
:107040006040E008604006C62876604066EE5276F2
:10705000362BA0C2D06506C620760046410020D05F
:10706000211000C23A0020D0211006C65276162BFD
:10707000802800A820D00084088801102110008EEC
:10708000F0FF00C2D06506EEBC75362BA0C2E065ED
:1070900006C650760046410020D0211000C23A00BA
:1070A00020D0211006C65276162B802800A820D0AA
:1070B0000084088801102110008EF0FF00C2E065F6
:1070C00006EEBE75009A321F408A2A00162B80C237
:1070D000D06518F0162B80C2782B18F0162B80C2C2
:1070E000E06518F00AC014F006C62276014406EEE8
:1070F0002276008E34FF063006C64C76E040063815
:107100000630162B80C2D06518F000C2200014F0A3
:10711000063800860280008A160000860180008AF8
:107120001A00162B80C2722A009A063D008EFEE3DA
:10713000162B80C25A2A18F0008EF2E3162B80C25A
:10714000302A18F0008EE6E306C64C76E040008E4A
:10715000DCE3162B80C2222B18F0008ED0E3162B16
:1071600080C2482B18F0008EC4E3162B80C2F42A8C
:1071700018F0008EB8E306C64C76E040162B80C2AD
:10718000C62A18F0008EA6E306C64C76E040162B01
:1071900080C2D22A18F0008E94E3162B80C2F02908
:1071A00018F0008E88E3162B80C2302A18F0008E6B
:1071B0007CE3162B06C6BC758028362B06C6BE752A
:1071C000A02800A8A0A8008661006A8800867B002D
:1071D000448800562000208661006A8820867B0053
:1071E000448820562000028036880084008A0800E7
:1071F00001102110008ECAFF00C20180A1C104F657
:10720000162B06C6BC75802801C078F0408A7E0027
:1072100006EEB875162B06C6BE75802801C078F03C
:1072200050887AF006C6B8757AF000C20280A1C113
:1072300004F6162B06C6BE7580280EC078F0408A6C
:10724000500006EEBA7506C6B87520C20002162BAD
:1072500080C2B8637CF0408A46000084008A1E0029
:10726000602806C6BA752628162B80C2B8637EF041
:10727000408A2C000680208A3A00008EC8FF06C68D
:10728000BA757AF006C6B8757AF0A0C104F6A1C145
:1072900004F6402806C6B8757AF00428A1C104F6A1
:1072A000402806C6B8757AF006C6BA757AF0042882
:1072B000A1C104F6402806C6B8757AF006C6BA75AC
:1072C0007AF00428A1C104F640180000009880A0BC
:1072D000011000A80086200026880110008EF2FF11
:1072E0000084008A600180180000009AAC3F2018DA
:1072F0000000608A2200362BA0C2D065009AE23DD1
:10730000122B8A2A009AE021408A4601162B80C25D
:107310007C2918F0008E16E2009AD23F408AF600CF
:1073200006EE20764028F20CE00CE00C40466002AD
:1073300000C1842880460E0000A16428E00E0628C3
:10734000E00E0640E00E064006EE4C76E0500E2AB7
:1073500006EE287606C62076009A4840408AD40079
:107360000084008ABC0006EE247600C006EE227679
:1073700006C6227626C624760280408A8E004028E1
:10738000E0086028E0086040E008604006C6287613
:107390006040362BA0C2D06506C62076004641006C
:1073A00020D0211000C23A0020D02110162B8628B0
:1073B00000A820D00084088801102110008EF0FF62
:1073C000162B80C2D065009AE021608A200006302A
:1073D000162B80C2D06518F000C2200014F00638C9
:1073E000162B80C2BA2A009A063D008E1000162B7A
:1073F00080C2D06518F0162B80C2182B18F006C674
:107400002276014406EE2276008E64FF06C64C7694
:10741000E040008E18E1162B80C2F42A18F0008E8E
:107420000CE106C64C76E040162B80C2C62A18F046
:10743000008EFAE006C64C76E040162B80C2D22AB7
:1074400018F0008EE8E0162B80C2862A18F0008E15
:10745000DCE0162B80C2BA2A009A063D008ECEE0F0
:1074600084F004F640180000009880A0011000A8E5
:107470000086200026880110008EF2FF0084008A1A
:107480003603082A06EEBC7500A80084008A28038B
:107490000086200006880110008EECFF00C000D09E
:1074A000011000A80086200026880110008EF2FF3F
:1074B0000084008A0203082A06EEBE7500A8008434
:1074C000128800862000268800C000D0068C01109B
:1074D000008EE8FF162B06C6BC758028009AAC3FCC
:1074E000608A9600162B06C6BC758028362BA0C273
:1074F000D065009AE23D00C2D06506EEBC75162B41
:1075000006C6BE758028362BA0C2E065009AE23D13
:1075100000C2E06506EEBE75009AFC40009A442564
:10752000408A0C00162B80C27C2918F0008EFEDFEA
:1075300000860380008A1E0000860180008A2E00DB
:1075400000860280008A1A00162B80C2C02B009A87
:10755000063D008ED8DF162B80C2022C18F0008E5C
:10756000CCDF162B80C2CC2B18F0008EC0DF162B80
:1075700080C2302A18F0008EB4DF162B06C6BE7506
:107580008028009AAC3F608AE601162B06C6BE75BD
:107590008028009AD23F408AEE0120A80084208AE9
:1075A000DA01162B06C6BE758028009AD23F06EE79
:1075B0005076162B06C6BC758028009AD23F408AAA
:1075C000C60106EE20764028F20CE00CE00C4046A6
:1075D000600200C1842880460E0000A16428E00EED
:1075E0000628E00E0640E00E064006EE4C76E0501F
:1075F0000E2A06EE287606C62076009A4840408A73
:10760000A4010084008A8C0106EE247600C006EEF8
:10761000227606C6227626C624760280408A460155
:107620004028E0086028E0086040E008604006C6A6
:107630002876604066EE5276362BA0C2D06506C62C
:1076400020760046410020D0211000C23A0020D010
:10765000211006C65276162B802800A820D0008460
:10766000088801102110008EF0FF00C2D06506EEE0
:10767000BC75362BA0C2E06506C6507600464100B8
:1076800020D0211000C23A0020D0211006C6527628
:10769000162B802800A820D0008408880110211013
:1076A000008EF0FF00C2E06506EEBE75009A44252C
:1076B000408A2A00162B80C2D06518F0162B80C293
:1076C000782B18F0162B80C2E06518F00AC014F071
:1076D00006C62276014406EE2276008E34FF00862E
:1076E0000380208A2E00162B80C2D06518F0162B3E
:1076F00080C2782B18F0162B80C2E06518F0162B8C
:1077000080C22C2C18F006C62276014406EE2276A2
:10771000008EFEFE063006C64C76E0400638063087
:10772000162B80C2D06518F000C2200014F0063875
:1077300000860280008A160000860180008A1A00F6
:10774000162B80C2C02B009A063D008EE0DD162B62
:1077500080C2CC2B18F0008ED4DD162B80C2302ACC
:1077600018F0008EC8DD06C64C76E040008EBEDD07
:10777000162B80C2222B18F0008EB2DD162B80C291
:10778000482B18F0008EA6DD162B80C2F42A18F0C4
:10779000008E9ADD06C64C76E040162B80C2C62AC3
:1077A00018F0008E88DD06C64C76E040162B80C2AD
:1077B000D22A18F0008E76DD162B80C27E2B18F0B0
:1077C000008E6ADD162B06C6BC758028362B06C6D1
:1077D000BE75A02886F0608A0C000086FDFF008A36
:1077E0000800A1C104F6A0C104F6009A321F408A25
:1077F0001200162B06C6BC75802884F0408A08004B
:10780000A0C104F6A1C104F60086E2FF248800C2EC
:107810000380A1C104F640180000009880A0011068
:1078200000A80086200026880110008EF2FF008448
:10783000008A40018018000040C046EEF27520A882
:107840000084008A42000086200006882110008EF5
:10785000ECFF00C020D0211020A80084008A28005E
:10786000008620001C8800862D003688211020A864
:1078700000866600068800864600268801C006EE5F
:10788000F2752110008ED0FF082A06EEF0750098E0
:107890001CA2408AEA0006EEF675162B06C6F075A5
:1078A0008028362BA0C2D065009AE23D122B8A2A8E
:1078B00006C6F2750084388801C078F052887AF0E4
:1078C000162B80C2882C18F0009820A2008E5EDC57
:1078D000162B80C2D0650EC078F0408AB00006EE4C
:1078E000F47500C006EE107606EE1276162B80C2F6
:1078F000B86300C20002009824A2408AA600008457
:10790000008A3200602806C6F4752628162B80C22D
:10791000B8637EF0408AA8000680208A0C0126C643
:107920001076204026EE107626C61276204C26EEE3
:107930001276008EB6FF06C6F4757AF0009820A283
:10794000362BA0C22060162B80C2302D009A9E2DAF
:1079500006C6F675009A882D162B80C2382D009A1F
:107960009E2D00C0009A7A3C162B80C2206018F031
:10797000008EBADB162B80C2502C18F0008EAEDBC6
:10798000162B80C2B82C009A063D008EA0DB602822
:10799000009820A20628162B80C2D42C009A063DFF
:1079A000008E8ADB602806C6F4757AF0009820A263
:1079B0000628162B80C2F42C009A063D008E6EDB42
:1079C00006EE147606C61076024006EE107606C65F
:1079D0001276004C06EE127606C6F4757AF0009820
:1079E00020A2362BA0C22060162B80C2402D009A08
:1079F0009E2D06C6107626C6127640C0009A423EDC
:107A0000162B80C24E2D009A9E2D00C0009A7A3C03
:107A1000162B80C2206018F006C61476162B80C282
:107A20000A2D009A063D008E04DB06C6F4757AF036
:107A3000009820A2162B80C21C2D18F0008EEEDAC2
:107A4000447269766520204C6162656C202020209C
:107A5000202020202020546F74616C2020202020C2
:107A6000557365642020202020467265652055737B
:107A700065250A00286E6F74206D6F756E746564DD
:107A8000290028756E666F726D61747465643A20A2
:107A90000000290075736167653A206C73205B6490
:107AA000726976655D5B7061747465726E5D2020CD
:107AB000652E672E206C7320423A20206C73202A9A
:107AC0002E434F4D0A002066696C652873292C20CF
:107AD000000020757365642C200020667265650ABD
:107AE00000002A0075736167653A20636174203C69
:107AF000706174683E20202020652E672E2063610F
:107B00007420423A4E4F5445532E5458542020630B
:107B10006174202A2E5458540A006361743A206319
:107B2000616E6E6F74206F70656E2066696C6500A3
:107B300075736167653A20666F726D6174203C648D
:107B4000726976653E205B6C6162656C5D20202009
:107B500064726976653D422E2E460A00666F726D2C
:107B600061743A20626164206472697665202842FB
:107B70002E2E46206F6E6C793B20413A206973208F
:107B8000726561642D6F6E6C79290A00666F726D83
:107B900061743A20626164206C6162656C202875B2
:107BA000736520412E2E5A2C20302E2E392C205F2A
:107BB000206F6E6C79290A00666F726D61743A20CD
:107BC0006661696C65640000666F726D61743A206D
:107BD0004F4B20287761726E696E673A20686F7329
:107BE000742066696C656E616D652072656E616D8D
:107BF00065206661696C6564290A00004F4B0A00C4
:107C000055534552444154412020200000000000BB
:107C10000000000075736167653A2072756E203C44
:107C2000706174683E205B265D202020652E672EE3
:107C30002072756E20413A48454C4C4F2E434F4DB3
:107C40000A0072756E3A2063616E6E6F74206578FB
:107C50006563000072756E3A207761697420666111
:107C6000696C6564000065786974200062672000B3
:107C700075736167653A206370203C7372633E20C0
:107C80003C6473743E202020652E672E2063702094
:107C9000413A48492E434F4D20423A48492E434FDE
:107CA0004D20206370202A2E434F4D20423A0A0077
:107CB00063703A20736F7572636520616E6420642F
:107CC000657374696E6174696F6E2061726520748A
:107CD00068652073616D650A000063703A20646511
:107CE0007374696E6174696F6E20657869737473FB
:107CF0000A0063703A207772697465206572726F4A
:107D000072004F4B0A0075736167653A20726D20EF
:107D10003C706174683E2020202020652E672E2054
:107D2000726D20423A48454C4C4F2E434F4D202017
:107D3000726D202A2E544D500A00726D3A206661F1
:107D4000696C656400006E6F206D617463686573B3
:107D50000A00746F6F206D616E79206D61746368C5
:107D600065733B20726566696E6520706174746529
:107D7000726E0A006472697665206C65747465724F
:107D80002063616E6E6F7420626520612077696C7C
:107D900064636172640A00002072656D6F766564C9
:107DA0000A0064657374696E6174696F6E20636143
:107DB0006E6E6F7420636F6E7461696E2077696C8C
:107DC0006463617264730A006D756C7469706C65CC
:107DD00020736F7572636573206E65656420612022
:107DE0006472697665207461726765742028652EF7
:107DF000672E20423A290A00202D3E20000075738C
:107E00006167653A206D76203C7372633E203C6466
:107E100073743E202020652E672E206D7620423A16
:107E20004F4C442E54585420423A4E45572E5458E5
:107E30005420206D76202A2E54585420433A0A00AC
:107E40006D763A206661696C656400006D763A2053
:107E500064657374696E6174696F6E2065786973A7
:107E600074730A006D763A20636F7079204F4B204F
:107E700062757420756E6C696E6B206661696C65E5
:107E800064006D6F7665642028736F75726365207A
:107E9000726561642D6F6E6C792C206C6566742040
:107EA000696E20706C616365290A00002028736F79
:107EB0007572636520726561642D6F6E6C792C201C
:107EC0006C65667420696E20706C616365290A00B8
:107ED00075736167653A206C6F6164203C6E616DFB
:107EE000653E205B2D665D202020726561647320F5
:107EF00066726F6D20686F7374206C6F61642F20E1
:107F0000666F6C6465720A006C6F61643A20646528
:107F10007374696E6174696F6E20657869737473C8
:107F20002028757365202D6620746F206F7665722A
:107F30007772697465290A006C6F61643A20636125
:107F40006E6E6F74206F70656E20686F737420663C
:107F5000696C65006C6F61643A2063616E6E6F746A
:107F6000206372656174652064657374696E617401
:107F7000696F6E006C6F61643A20686F7374207271
:107F8000656164206572726F72006C6F61643A2083
:107F90007772697465206572726F72006C6F6164CC
:107FA0003A2073686F72742077726974650A0000F2
:107FB0006C6F6164656420002062797465730A00E7
:107FC0006C6F61643A2077726F74652000002074D2
:107FD00068656E206661696C65643A0A0000766FB8
:107FE0006C006C73000063617400666F726D617485
:107FF000000072756E0063700000726D00006D7697
:1080000000006C6F61640000063406322018000026
:108010000098A4A080180000063A063C04F6063436
:1080200000A80084008A0A0020D001102110008ED0
:10803000EEFF063C04F60634263024282084008A0D
:10804000280000A80084008A0C0020D00110211014
:108050002154008EE6FF2084008A0E0000C220001A
:1080600020D021102154008EECFF2638063C04F667
:1080700006EEB273362BA0C2206006C6B27300466D
:108080004100009A7A3C00C23A00009A7A3C00C251
:108090002000009A7A3C009A7A3C009A7A3C009A36
:1080A0007A3C009A7A3C06C6B27388F0408A0A018C
:1080B00006EEFA7526EEFC7546EE0E7646C6B273EF
:1080C000F20CE00CE00C4046600200C184288046BF
:1080D00022002BC000A820D0011021102154208A9A
:1080E000F2FF00C22000009A7A3C06C6FC7526C644
:1080F0000E76009800A048C0009A423E00C22000C0
:10810000009A7A3C06C6FC7526C6FA75025026C649
:108110000E76009800A048C0009A423E00C220009F
:10812000009A7A3C06C6FA7526C60E76009800A01C
:1081300048C0009A423E00C22000009A7A3C06C61F
:10814000FC7526C6FA75025020C26400009800A093
:1081500046C6FC75009810A006300634162B80C267
:10816000FE6564A60098A4A06028063C263843C09B
:108170004650728800C2200040840A8820D0211016
:108180004154008EF2FF0634162B80C2FE656084D7
:108190000E8800A820D0011021106154008EEEFF3F
:1081A000063C00C22500009A7A3C0AC0009A7A3C3C
:1081B00000C0009A7A3C008E560006C6B273028454
:1081C000608A360002548634162B80C20438009828
:1081D00018A2863C408A2200162B80C20228009AF0
:1081E0009E2D162B80C20438009A9E2D162B80C21D
:1081F0001228009A9E2D008E0A00162B80C2F427AA
:10820000009A9E2D0AC0009A7A3C00C0009A7A3CDF
:10821000162B80C2206018F004F6162B80C2B062C4
:10822000009800A2408ABE0000C2B06206EEB6739B
:10823000162B06C6B673802800A80084008AEED2EA
:10824000362BA0C2206000C22000009A7A3C00C2F7
:108250002000009A7A3C60C000A80084008A0C00CC
:1082600020D0011021106144008EECFF011000A904
:1082700001100110082A06EEB67370844E8800C201
:108280002000009A7A3C6144008EEEFF4086FF0099
:10829000008A3A0000C25B00009A7A3C00C26F007C
:1082A000009A7A3C00C26E00009A7A3C00C220001C
:1082B000009A7A3C042800464300009A7A3C00C2A7
:1082C0003A00009A7A3C00C25D00009A7A3C0AC0EB
:1082D000009A7A3C00C0009A7A3C162B80C220603B
:1082E00018F0008E4AFF162B80C2063318F0008E5D
:1082F0003CD240180000009880A0011000A8008621
:10830000200026880110008EF2FF0084008A8A0077
:108310008018000000A80084008A7E0000862000EB
:1083200006880110008EECFF00C000D0011000A8EC
:108330000086200026880110008EF2FF0084008A4B
:1083400058000066FF00008661006A8800866700AA
:1083500044880056200000864300608A480000865A
:108360004700408A40000056410006EEB2732018D4
:10837000000006C6B27300560200009804A2408AAC
:10838000300006C6B273009818A0408A3000162B41
:1083900080C2023318F0008E94D1162B80C22C3389
:1083A00018F0008E88D1162B80C2583318F0008E3A
:1083B0007CD1162B80C26C3318F0008E70D1162B36
:1083C00080C29A3318F0008E64D1401800000098E3
:1083D00080A0011000A80086200026880110008ED1
:1083E000F2FF0084008A5C000066FF0000866100E6
:1083F0006A88008667004488005620000086430093
:10840000608A4C0000864700408A440000564100C4
:1084100006EEB2732028F20AE00AE00A2046600263
:1084200000C1822840C000D706C6B27300560200C1
:10843000009808A2408A2400162B80C2023318F04C
:10844000008EEAD0162B80C2D83318F0008EDED012
:10845000162B80C2583318F0008ED2D0162B80C253
:10846000043418F0008EC6D040180000009880A098
:10847000011000A80086200026880110008EF2FF5F
:108480000084008A62008018000000A80084008A2E
:1084900056000086200006880110008EECFF00C008
:1084A00000D0011000A80086200026880110008E50
:1084B000F2FF0084008A30000098ACA0408A3400AB
:1084C00000864000608A380006EEB4732018000071
:1084D00006C6B47300980CA2408A3000162B80C2E6
:1084E000023318F0008E46D0162B80C2263418F0C6
:1084F000008E3AD0162B80C2583418F0008E2ED041
:10850000162B80C2723418F0008E22D0162B80C237
:10851000963418F0008E16D040180000009880A005
:10852000011000A80086200026880110008EF2FFAE
:108530000084008A34008018000000A8008412889B
:1085400000862000268800C000D0068C0110008E16
:10855000E8FF20180000009810A2408A1800162B8F
:1085600080C2023318F0008EC4CF162B80C2C034F4
:1085700018F0008EB8CF162B80C2D63418F0008EBB
:10858000ACCF4F4B0A0028686F7374206469736B1B
:1085900020636F6E74726F6C6C6572206E6F7420E6
:1085A000617661696C61626C65290A007573616747
:1085B000653A206D6F756E74203C6E616D653E206E
:1085C0003C64726976653E202020202064726976C2
:1085D000653D432E2E460A006472697665206D75EE
:1085E000737420626520432E2E460A006D6F756EEF
:1085F000743A206661696C6564202866696C652040
:108600006D697373696E67206F722062617920698A
:108610006E207573653F290A00006D6F756E743AA0
:1086200020626F756E642C20647269766520756EA9
:10863000666F726D61747465642028757365202798
:10864000666F726D61742720746F20696E6974693A
:10865000616C697365290A0075736167653A2075F5
:108660006E6D6F756E74203C64726976653E202075
:10867000202020202020202064726976653D432E32
:108680002E460A00756E6D6F756E743A20666169CC
:108690006C656420286261792077617320656D7054
:1086A00074793F290A0075736167653A206D6B64C0
:1086B00069736B203C6E616D653E203C736563742D
:1086C0006F72733E202028736563746F7273203E4F
:1086D0003D203634290A00006D6B6469736B3A20C3
:1086E00062616420736563746F7220636F756E746A
:1086F0000A006D6B6469736B3A206D696E696D7504
:108700006D20363420736563746F727320283332A2
:10871000204B42290A006D6B6469736B3A206661D5
:10872000696C656420286E616D6520696E207573C3
:10873000652C20626164206E616D653F290A00002E
:1087400075736167653A20726D6469736B203C6E66
:10875000616D653E0A00726D6469736B3A206661F3
:10876000696C656420287374696C6C206D6F756E1C
:108770007465642C206D697373696E673F290A0004
:1087800040180000009880A0011000A8008620007A
:1087900026880110008EF2FF0084008AE000006647
:1087A000FF00008661006A880086670044880056E2
:1087B000200000864300608AD00000864700408A7F
:1087C000C8000056410006EEB273011000A80086F2
:1087D0003A002288011000A8008620002688011097
:1087E000008EF2FF0084008A9400362BA0C2043869
:1087F0002FC02084008A500000A80084008A5800FE
:1088000000862000008A5000008661006A88008689
:108810007B0044880056200000865F001E8800868A
:108820003000608A700000863A007088008641003F
:10883000608A620000865B00408A5A0020D00110E6
:1088400021102154008EAAFF00A800840A88008607
:1088500020000488008E3E0000C020D006C6B273FF
:1088600000560200162B80C20438009814A2408AD9
:108870003000162B80C2023318F0008EB0CC162BBD
:1088800080C20A3718F0008EA4CC162B80C238376D
:1088900018F0008E98CC162B80C2583718F0008E36
:1088A0008CCC162B80C2843718F0008E80CC4018F8
:1088B0000000009880A0011000A8008620002688F3
:1088C0000110008EF2FF0084008A98000066FF000D
:1088D000008661006A880086670044880056200090
:1088E00000864300608A880000864700408A800036
:1088F0000056410006EEB27306C6B273005602007F
:10890000162B80C20438009818A2408A6E0006C652
:10891000B2732028F20AE00AE00A2046600200C191
:10892000822840C000D706C6B273005602000098E5
:1089300008A2408A4600162B80C2043806C6B273CD
:1089400000560200009804A2408A300006C6B273A6
:10895000009818A0408A2400162B80C2023318F019
:10896000008ECACB162B80C2AE3718F0008EBECB5D
:10897000162B80C2D43718F0008EB2CB162B80C2D3
:10898000F437009A063D008EA4CB75736167653A93
:108990002072656E616D65203C64726976653E206B
:1089A0003C6E65776E616D653E202020647269764D
:1089B000653D432E2E460A0072656E616D653A2054
:1089C0006261642064726976652028432E2E4620F9
:1089D0006F6E6C79290A000072656E616D653A20D0
:1089E000626164206E616D65202875736520412E7B
:1089F0002E5A2C20302E2E392C205F206F6E6C7951
:108A0000290A000072656E616D653A206661696CC5
:108A1000656420286E616D6520696E207573652C14
:108A20002062617920656D7074793F290A00757341
:108A30006167653A2072656D6F756E74203C647273
:108A40006976653E20202064726976653D432E2E4E
:108A5000460A000072656D6F756E743A206261643B
:108A60002064726976652028432E2E46206F6E6C36
:108A700079290A0072656D6F756E743A20666169B6
:108A80006C656400000000000000000000000000B1
:108A9000000000006469736B73006D6F756E740085
:108AA000756E6D6F756E74006D6B6469736B00002D
:108AB000726D6469736B000072656E616D650000B4
:108AC00072656D6F756E74002630463022F0162B7D
:108AD00080C2343A18F0162B80C2483A18F0009A37
:108AE0000C3A162B80C2663A18F0009A243A0AC053
:108AF00014F0162B80C2683A18F0162B80C29E3AEA
:108B000018F00AC014F0162B80C2DA3A18F010C61A
:108B10001C02EE08008601000888162B80C2003B6C
:108B2000068C162B80C2E63A18F0162B80C2143B36
:108B300018F0162B80C2363B18F010C62C021EF01F
:108B4000162B80C24C3B18F010C62A021EF0162BC2
:108B500080C25C3B18F0162B80C2683B18F040C204
:108B6000800820C040868027408A180000C18428E1
:108B70000AA6EE08008603002288214440468000B1
:108B8000008EE0FF02281EF0162B80C2743B18F006
:108B900010C63002EE080056020001441EF0162BEB
:108BA00080C27E3B18F010C63002EE08009AD2391F
:108BB000162B80C2923B18F0162B80C2963B18F001
:108BC00040C2800820C040868027408A180000C12B
:108BD00084280AA6EE080086030002882144404645
:108BE0008000008EE0FF02281EF0162B80C2A23B00
:108BF00018F010C63002EE080056020001441EF0C4
:108C0000162B80C2A83B18F0162B80C2BA3B18F076
:108C100010C606A3EE081EF000C2200014F010C615
:108C200004A3EE080154E008E0080046C63B802893
:108C3000162B18F000C2200014F010C602A31EF07C
:108C40000AC014F0162B80C2F63B18F046382638BE
:108C500004F62630463040282428F00A2F642A845F
:108C6000668820463700048C20463000022814F025
:108C700024282F642A84668820463700048C2046E6
:108C80003000022814F04638263804F610C600A337
:108C9000EC081EF000C22E0014F010C600A3EE086F
:108CA0001EF004F610C60AA3002910C608A38028E7
:108CB00018F004F6205F2020202020205F5F5F5FF7
:108CC0005F20205F5F5F0A007C207C5F5F20202F99
:108CD000202F205F205C2F205F5F7C2020206B2FC7
:108CE0004F532020760020007C202F202F202F2083
:108CF0002F20285F29205C5F5F205C2020204D759D
:108D00006C74697461736B696E67204F7065726112
:108D100074696E672053797374656D0A00007C5F17
:108D20005C5F5C2F5F2F205C5F5F5F2F7C5F5F5F0E
:108D30002F2020204B3136204350552050726F6A2F
:108D400065637420286329203230323620506175E3
:108D50006C204265726765720A00486F73743A202E
:108D60002020202000004469676974616C20286419
:108D7000756D622D5454592C20324D42290A000041
:108D8000454D55202856543130302C2031364D4237
:108D9000290A00004B65726E656C3A2020205061F4
:108DA0006765202430302C20737461636B20244667
:108DB0004646450A0000486561703A202020202080
:108DC00050616765202430312C20000020627974C6
:108DD0006573206672656520696E20002072656784
:108DE000696F6E2873290A0050616765733A202005
:108DF000202000002066726565206F6620002075C7
:108E000073657220706167657320282430322E2EBE
:108E10002400290A00005461736B733A202020203B
:108E20000000206F66200000207573657220282BDB
:108E300020312069646C65290A00426F6F743A2002
:108E40002020202000004A616E00466562004D61CE
:108E50007200417072004D6179004A756E004A756A
:108E60006C0041756700536570004F6374004E6F6E
:108E70007600446563002D2D2D2D2D2D2D2D2D2DAE
:108E80002D2D2D2D2D2D2D2D2D2D2D2D2D2D2D2D12
:108E90002D2D2D2D2D2D2D2D2D2D2D2D2D2D2D2D02
:108EA0002D2D2D2D2D2D2D2D2D2D2D2D2D2D2D2DF2
:108EB0000A0026302028F0080F640A8466880046DD
:108EC0003700048C0046300020D0211002280F64A7
:108ED0000A84668800463700048C0046300020D0A3
:108EE0002110263804F646304028EA08009A323C21
:108EF0000428009A323C463804F620D0211004F6AB
:108F000086348018000020A9408620002688211081
:108F1000008EF2FF201800000098B0A0408A3E00AA
:108F2000A24020A940863A00108820280628EE0892
:108F300020180000A0C1008E26002110201800007B
:108F400006300098B0A0408A1200A24020280638BF
:108F5000EE0820180000A0C1008E04004638A1C110
:108F6000863C04F62028162B80C2084200A000840C
:108F70001088028006880410008EF0FF02A6802868
:108F800004F680C004F646306630402818F0042805
:108F9000009AE43C682A362BA0C2206000C2200060
:108FA000009A7A3C00C25B00009A7A3C60840A888E
:108FB000162B8628009A9E2D0A8C162B80C26C4395
:108FC000009A9E2D00C22000009A7A3C00C2240024
:108FD000009A7A3C0428009A663C00C25D00009A20
:108FE0007A3C0AC0009A7A3C00C0009A7A3C162B60
:108FF00080C2206018F06638463804F6162B80C20E
:10900000C06500A800864100608A12000086470003
:10901000408A0A000056410000981CA06C8800C2DB
:109020004200162B80C2C06500D0162B80C2C065DE
:1090300000A8362BA0C2206020D0211000C23A0028
:1090400020D0211000C2240020D0211000C2200016
:1090500020D0211000C020D0162B80C2206018F034
:1090600004F6863400A800864100608A2800008645
:109070005B00708800866100608A1A0000867B00B1
:10908000408A1200011000A800863A0026880112CA
:10909000008E1A000112162B282A80C2C06500A873
:1090A000822820D0211000C23A0020D0211000A830
:1090B00020D00084088801102110008EF0FF863C2B
:1090C00004F646300098B8A00634162B80C2FE6520
:1090D000263046300098A4A0463826384084008ABE
:1090E0004C004284608A220000C22E0000D0011091
:1090F00046300228009804A00046300000D001103D
:109100002046300080D00110463841840A884284CD
:109110000C8800C247000A8C00C24B00048C00C2BD
:109120004D0000D0011000C2420000D00110082AFA
:109130000056FE65063C463840841E886428605010
:10914000448860C0042840C2200060840A8820D17E
:1091500021106154008EF2FF008C0634162B80C261
:10916000FE6500840E8800A920D101102110015451
:10917000008EEEFF063C04F60066FF0000866100EC
:109180006A8800867B0044880056200004F6162B6F
:10919000362B40C2FFFFA0A82066FF002084008A73
:1091A0006A0000A80066FF0000863F0028880110C2
:1091B0002110008EE0FF00862A002A880110482A2C
:1091C0006A2A008ED0FF4630008661006A880086D9
:1091D0007B00448800562000208661006A88208633
:1091E0007B004488205620004638028028880110E1
:1091F0002110008EA0FF4086FFFF008A2A008428ED
:10920000162B6144A628362B008E8AFF00A8006624
:10921000FF0000862A0026880110008EEEFF0084E1
:109220000288048CA0C104F6A1C104F6162B00A884
:109230000066FF000084168800862A000C880086DD
:109240003F0006880110008EE4FFA0C104F6A1C112
:1092500004F6362B8018000000A80066FF00009A74
:10926000F83E00864100608A3C0000865B00408A30
:109270003400282A214406348228162B80A8063C74
:1092800020863A00208A1E0000864100608A340051
:1092900000864700408A2C000056410080180000DC
:1092A0002210A0C104F6362B801800000634162BBD
:1092B00080C2C06500A8063C0066FF000056410061
:1092C000A0C104F6A1C104F606EE20760A2A06EE35
:1092D0002A7646EE267600C006EE227606EE247644
:1092E00006C6207626C62276162B80C22C7680F003
:1092F000408A780006C62A76162B8028362BA0C214
:109300002C76009A0E3F408A540006C6247626C664
:1093100026760280408A5C004028E0086028E00849
:109320006040E008604006C628766040162B80C288
:109330002C76362BA6284DC000A800841288008603
:1093400020000C8820D0011021104154208AE8FF11
:1093500000C020D006C62476014406EE247606C658
:109360002276014406EE2276008E74FF06C624762D
:10937000A0C104F606C62676A1C104F6362B06C6A1
:10938000BE75A02820A800864100608A460000869D
:109390005B00708800866100608A380000867B0070
:1093A000408A3000211020A800863A00208A24003C
:1093B000211020A80084208A1A00162B06C6BC752E
:1093C0000244802800A820D00084088801102110C1
:1093D000008EF0FFA0C104F6900A0100F80A020016
:1093E000BC110300FE0A0600040B07000A0B08006C
:1093F000100B090038140B003E140C00C0110D00B6
:10940000C6110E005E2D0F00622D1000662D11009A
:109410006A2D1200722D1300143814001A3815002A
:10942000203816002838170030381800383819004E
:10943000762D1A007A2D1B007E2D1C0040381D0051
:10944000822D1E00CC111F00000000006B2F4F5317
:10945000207368656C6C0A006B6F73682076312E20
:1094600030202D2074797065202768656C70270A7C
:109470000A003F0A000063643A2063616E6E6F74F5
:109480002073776974636800FFFF6442FEFF7042D7
:10949000FDFF8042FCFF8C42FBFF9642FAFFA24296
:1094A000F9FFAE42F8FFBA42F7FFC842F6FFD642D4
:1094B000F5FFE042E7FFEA42E6FFF442E5FFFE4245
:1094C000E4FF0A43E3FF1843E2FF2443E1FF324392
:1094D000E0FF3E43DFFF4643DEFF5443DDFF6043D2
:1094E000000000004552525F42414443414C4C0051
:1094F0004552525F4255464645525F46554C4C00D8
:109500004552525F494E56414C4944004552525FC4
:109510004E4F4D454D004552525F4E4F534C4F54A8
:1095200053004552525F544F4F4249470000455245
:10953000525F42414441524700004552525F4E4FF4
:10954000544348494C4400004552525F444541440D
:109550004C4F434B00004552525F5045524D000066
:109560004552525F4255535900004552525F4E4F8B
:10957000464400004552525F424144464400455231
:10958000525F42414450415448004552525F4E4F51
:1095900054464F554E4400004552525F455849537A
:1095A000545300004552525F524541444F4E4C596E
:1095B00000004552525F4E4F5350414345004552C3
:1095C000525F494F00004552525F42414444524964
:1095D000564500004552525F4E4F4D4F52450000D8
:1095E0004552525F4E4F5445584543004552525FD5
:1095F000554E4B4E4F574E00423A48454C4C4F2E1D
:10960000434F4D00423A4E4F5445532E5458540048
:10961000001C0A001AF000C036F0008EFCFF4865FE
:109620006C6C6F2066726F6D207379735F657865FF
:109630006321000057656C636F6D6520746F206B4C
:109640002F4F53210A0A547279207468657365207C
:10965000636F6D6D616E64733A0A2020766F6C20C3
:1096600020202020202020202D206C697374206D64
:109670006F756E74656420766F6C756D65730A2006
:10968000206C73202020202020202020202D206CE2
:109690006973742066696C6573206F6E20423A0AA4
:1096A000202063617420423A4E4F5445532E545843
:1096B0005420202D2072652D7265616420746869C4
:1096C000732066696C650A202072756E20423A48E4
:1096D000454C4C4F2E434F4D20202D20657865631F
:1096E000757465207468652064656D6F0A20206854
:1096F000656C7020202020202020202D20616C6CA3
:10970000206B6F736820636F6D6D616E64730A0008
:00000001FF
