:0200000400FFFB
:1000000060C1E0C2FEFFFF982000FF98860300C396
:10001000FF0080C2CA04FF984005FF90927C010255
:1000200006302630463000C2040520C2FF0040C022
:1000300000C1842880C802CE444440862400608ADF
:10004000EEFF00C2FE0420C2FF0000C1842880C869
:1000500002CE444440860002608AEEFF00C180C2A6
:10006000280000C2FF0000C800C2140602CE80C2F1
:100070002C0000C2FF0000C800C2600602CE80C291
:10008000300000C2FF0000C800C2CE0602CE80C20F
:10009000340000C2FF0000C800C2860702CE80C242
:1000A000380000C2FF0000C800C24E0802CE80C265
:1000B000640000C2FF0000C800C2821102CE80C2EC
:1000C000680000C2FF0000C800C2881102CE80C2D2
:1000D0006C0000C2FF0000C800C2DE1102CE80C268
:1000E000700000C2FF0000C800C2C61202CE80C26B
:1000F000740000C2FF0000C800C2B41B02CE80C260
:10010000780000C2FF0000C800C25E1E02CE80C29E
:100110003C0000C2FF0000C800C2C80802CE80C276
:10012000400000C2FF0000C800C2CA0902CE80C25F
:10013000440000C2FF0000C800C2D00A02CE80C244
:10014000480000C2FF0000C800C2BE0B02CE80C241
:100150004C0000C2FF0000C800C2F60C02CE80C2F4
:10016000580000C2FF0000C800C2180D02CE80C2B5
:10017000500000C2FF0000C800C2360E02CE80C28E
:10018000540000C2FF0000C800C2B40E02CE80C2FC
:100190005C0000C2FF0000C800C29A0E02CE80C2FE
:1001A000600000C2FF0000C800C23A0F02CE80C249
:1001B000A00000C2FF0000C800C2E62702CE80C235
:1001C000A40000C2FF0000C800C20C2802CE80C2FA
:1001D000A80000C2FF0000C800C2362802CE80C2BC
:1001E000AC0000C2FF0000C800C25C2802CE80C282
:1001F000B00000C2FF0000C800C2822802CE80C248
:10020000F00000C2FF0000C800C2E06102CE80C260
:10021000F40000C2FF0000C800C2006302CE80C22A
:10022000F80000C2FF0000C800C2826302CE80C294
:10023000FC0000C2FF0000C800C28A6402CE80C277
:10024000000100C2FF0000C800C2F86502CE80C2F3
:100250007C0000C2FF0000C800C2C47002CE80C291
:10026000800000C2FF0000C800C26C1302CE80C232
:100270002C0100C2FF0000C800C2742002CE80C260
:10028000040100C2FF0000C800C2884102CE80C243
:10029000C80000C2FF0000C800C2AC2A02CE80C263
:1002A000CC0000C2FF0000C800C21E2B02CE80C2DC
:1002B000D00000C2FF0000C800C2F82A02CE80C2EF
:1002C000D40000C2FF0000C800C2D22A02CE80C201
:1002D000080100C2FF0000C800C22A6E02CE80C220
:1002E0000C0100C2FF0000C800C2066F02CE80C22F
:1002F000100100C2FF0000C800C2A04002CE80C2B0
:10030000140100C2FF0000C800C2CC4102CE80C26E
:10031000180100C2FF0000C800C2D84202CE80C24D
:100320001C0100C2FF0000C800C2024302CE80C20E
:10033000200100C2FF0000C800C2344302CE80C2C8
:10034000300100C2FF0000C800C2A62F02CE80C24A
:10035000340100C2FF0000C800C2B02B02CE80C230
:10036000380100C2FF0000C800C22E6002CE80C269
:100370003C0100C2FF0000C800C2A00602CE463801
:100380002638063804F6063000C010EE000210EEE3
:10039000020210EE040210EE060210EE1C0210EE35
:1003A000320200C2020110EE00A300C2EA0710EE02
:1003B00002A308C010EE04A309C010EE06A300C2F9
:1003C000E00410EE08A300C2FF0010EE0AA300C272
:1003D000EA0410EE0CA300C2FF0010EE0EA3FF987B
:1003E0005C14FF989604FF98D621FF982822FF9866
:1003F0005274FF98287BFF98A828FF982833FF980D
:100400002838FF980E04FF98C621063804F680C2EB
:10041000CE0500C100C020C2000201162154208A6E
:10042000F8FF00C023C0000000C3FF0080C2D80452
:10043000FF98460401C021C000C3FF0080C2DC0455
:10044000FF98460404F640286228FF986867408AAF
:100450004200A0C2CE0520C100C22000A0A8206694
:10046000FF00008A0C00A04610000154208AECFF17
:1004700004F60A2A80A82066FF00A1162084008ABC
:1004800006000104008EECFFA02820C12428ACD671
:100490002628ADD604F60630063400C3E00080C23C
:1004A000682400A0008668240E8802C010EE1C029A
:1004B00001C010EE3C020C8C01C010EE1C0205C005
:1004C00010EE3C02063C063804F6426F6F74696E0B
:1004D00067206B2F4F530A00524F4D0052414D0081
:1004E00050686173652036312B00323032362D3042
:1004F000382D30392031323A31393A31390000C2A1
:10050000FFFF84F460A000667000F00810441084BF
:100510002288100211842288110212842288120279
:1005200013842288130214842288140215842288DA
:1005300015021684228816021784228817021F02C9
:10054000263086348018000020C000C3DF0080C041
:1005500021120084088800D02144008EF2FF022876
:10056000863C263804F600C3DF0080C000D004F6C5
:1005700026304630202840C000C180C2230220849B
:100580002E88010600C2300000D04144008E2400B5
:100590002084008A1E00022846300634FF98287600
:1005A000063C463820463000010680D041442028D1
:1005B000008EDCFF8018000000C3DF0080C0408494
:1005C0000A88211200D04154008EF2FF46382638A6
:1005D00004F62630463040282428F00A2F642A8466
:1005E000668820463700048C2046300000C3DF00B8
:1005F00080C080D024282F642A8466882046370053
:10060000048C2046300000C3DF0080C080D0463814
:10061000263804F6063086C6000000C112A6006621
:1006200008000638208A0C0000C3DF0080C000D01C
:1006300000C004F4063286340635A6C6000020C188
:1006400030C638022EA72480288840C3DF00C0C0EF
:1006500040D0FF987C30063D863C063A00C004F44A
:10066000008E000086C6000000C112A600661800B9
:10067000008A480A463086C6000000C10EA650C651
:10068000380204800888FF984C11008EE8FFFF981C
:100690009A106888FF981A11008EDAFF463804F421
:1006A00086C6000000C112A600661800008AEA098A
:1006B000463086C6000000C10EA650C6380204802F
:1006C000208A06004638008ED009463884F4063465
:1006D00086C6000000C112A600660800063C208AFB
:1006E0003800263086348018000020C000C3DF00A8
:1006F00080C000F821120084088800D02144008EB8
:10070000F2FF10C63202EE0800860100228800FACD
:100710000228A0C1863C263804F606328634063507
:100720000019000020C0A6C6000020C110C6380273
:10073000AEA70680248861C0028C60C000C3DF00C1
:1007400080C000F841120084008A20006084028882
:1007500000D02630663006340635FF987C30063DE2
:10076000063C663826382144008ED8FF10C6320277
:10077000EE0800860100228800FA0228A0C1063D8A
:10078000863C063A04F6063486C6000000C112A66E
:1007900000660800063C208A400026304630863439
:1007A00080180000211320C000C3DF0080C000F8C3
:1007B00040840C88211200D021444154008EF0FF67
:1007C00010C63202EE0800860100228800FA0228D4
:1007D000A0C1863C4638263804F6063286340635F3
:1007E00000190000411320C0A6C6000020C110C699
:1007F0003802AEA70680248861C0028C60C000C3A6
:10080000DF0080C000F84084008A28004112608424
:10081000028800D026304630663006340635FF9810
:100820007C30063D063C6638463826382144415423
:10083000008ED2FF10C63202EE0800860100228828
:1008400000FA0228A0C1063D863C063A04F60632AC
:100850008634063580180000402820C02630FF98D6
:1008600064062638602860860D00008A4400608691
:100870000A00008A3C006086080014882480408AB0
:10088000DAFF0628FF981406A1172144008ECCFF3A
:100890002084008AC6FF2106215408C0FF98140650
:1008A00000C22000FF98140608C0FF981406008EAE
:1008B000AAFF0AC0FF98140660C0A0D10228A0C1F8
:1008C000063D863C063A04F6063086C6000000C1A6
:1008D00012A60066080080280638063286340635DF
:1008E000682A6084008A020061C0202840C000F8A5
:1008F00000C180C2230220842E88010600C230007D
:1009000000D04144008E28002084008A2200022862
:10091000463066300634FF982876063C66384638FE
:1009200020463000010680D041442028008ED8FFA8
:100930006084208A34008018000000C3DF0080C07B
:10094000642860840A88A11280D06154008EF2FF6E
:1009500010C63202EE0800860100228800FA042840
:10096000A0C1063D863C063A04F624280019000082
:10097000A6C6000020C110C63802AEA70680248893
:1009800061C0028C60C000C3DF0080C04084008A68
:100990001E0041126084028800D0063206340635FB
:1009A000FF987C30063D063C063A4154008EDCFF41
:1009B00010C63202EE0800860100228800FA0228E2
:1009C000A0C1063D863C063A04F6063086C6000005
:1009D00000C112A6006608000638208A4E002630A4
:1009E0004630402800C3DF0080C000F80428EC082F
:1009F000F008FF98940A0428EC080F64FF98940A02
:100A00000428EE08F008FF98940A0428EE080F6402
:100A1000FF98940A10C63202EE0800860100228870
:100A200000FA04C0A0C14638263804F606328634DF
:100A300006354028A6C6000020C110C63802AEA761
:100A40000680248861C0028C60C000C3DF0080C0C3
:100A500000F80428EC08F008FF98A60A0428EC081F
:100A60000F64FF98A60A0428EE08F008FF98A60A6B
:100A70000428EE080F64FF98A60A10C63202EE089A
:100A800000860100228800FA04C0A0C1063D863C11
:100A9000063A04F60A84468800463000048C004674
:100AA000370000D004F60A84468800463000048CE3
:100AB000004637006084028800D046306630063435
:100AC0000635FF987C30063D063C6638463804F60D
:100AD00086C6000000C112A600660800208A4A00EF
:100AE00026304630863400C3DF0080C000F830C6B0
:100AF0001C0220860100148820C3FF00A0C2B60B90
:100B0000211340840A8800D1008EF4FF4CC000D12C
:100B100010C63202EE0800860100228800FA00C0EA
:100B2000A0C1863C4638263804F60632863406359F
:100B3000A6C6000020C100C24C0020A2C02800C2EE
:100B40004E0020A2402940C2401F00C2200742148C
:100B50004154208AF8FF40C22E0000C030CA40C273
:100B6000520000C030CA10C63802AEA70680208AE4
:100B7000380000C3DF0080C000F830C61C022086A9
:100B80000100148820C3FF00A0C2B60B21134084CB
:100B90000A8800D1008EF4FF4CC000D110C632028A
:100BA000EE0800860100228800FA00C0A0C1063DC0
:100BB000863C063A04F61B5B324A1B5B4800063053
:100BC000263086C6000000C112A60066080026383E
:100BD0000638208A540046306630063550C61C025E
:100BE00040860100008A360000C3DF0080C000F8A4
:100BF0005BC000D140C25B0000D1FF98B20C40C284
:100C00003B0000D10228FF98B20C40C2480000D13E
:100C100010C63202EE0800860100228800FA00C0E9
:100C2000A0C1063D6638463804F646306630863444
:100C30000635A6C6000020C1008402880154208425
:100C4000028821546028F20EF20E626840C25200FF
:100C5000B0CB50C63802AEA74680208A4600014479
:100C6000214450C61C0240860100008A360000C3A1
:100C7000DF0080C000F85BC000D140C25B0000D143
:100C8000FF98B20C40C23B0000D10228FF98B20C82
:100C900040C2480000D110C63202EE0800860100B2
:100CA000228800FA00C0A0C1063D863C663846385E
:100CB00004F660C040C0008664006A880056640084
:100CC0004144008EF0FF408408884046300000D147
:100CD00061C040C00A8468880A544144008EF4FF11
:100CE00040842488608406884046300000D1004655
:100CF000300000D004F610C61C02008602003088C6
:100D000000C3DB0000C600002028EE0AEC0804F453
:100D100000C2500038C004F48634063400840488CD
:100D200021C0028C20C0A6C6000020C1422800C2FB
:100D30002A0020CB10C61C0200860100008A320067
:100D400000C3DF0080C01BC000D000C25B0000D029
:100D500000C23F0000D000C2320000D000C2350007
:100D600000D04084068800C26800048C00C26C0079
:100D700000D0063C863C04F4463040280264242817
:100D80002164208402880444242824642084028866
:100D90000144463804F63BC080D020C25B0080D0BE
:100DA00020C2300080D020C23B0080D006302028F6
:100DB000286407642630FF98780D2638208406883A
:100DC00000465A00028C1E44FF98B20C20C23B0021
:100DD00080D00638F208EC080764FF98780D0046CA
:100DE0002800FF98B20C20C26D0080D004F6463077
:100DF0006028F20EE00E4628E00EE00E64406240ED
:100E0000624040C24C0030A34640C42840C24E005D
:100E100030A3442940C22C0030A3EE0CF20CF20C9B
:100E200000C22000046846384084088842144154B7
:100E3000008EF4FF04F6863406350630A6C60000A0
:100E400020C106380630EE0820C22C0028CA32A67F
:100E5000006608000C8810C63802AEA60280208A00
:100E60002C0010C61C0200860100008A200000C36E
:100E7000DF0080C000F806380630EE08FF98960DB7
:100E800010C63202EE0800860100228800FA0638F9
:100E9000063D863C00C0A0C104F68634A6C600000C
:100EA00020C100C2520020A22028EC0AEE08863C95
:100EB000A0C104F686340635A6C6000020C132A6BD
:100EC00000660800008A360000C25200A0A306286F
:100ED000EC0820C22E00A8A20240008664006488AC
:100EE000005664002628EE0A40C250004250FF9887
:100EF000EE0D10C63802AEA60280208A320010C65F
:100F00001C0200860100008A260000C3DF0080C0AA
:100F100000F81BC000D000C25B0000D000C24B0034
:100F200000D010C63202EE0800860100228800FAC6
:100F3000063D863C00C0A0C104F686340635A6C630
:100F4000000020C132A600660800008A760000C2B8
:100F50005200A0A366300628EC0820C22E00A8A2EA
:100F60000240008664006488005664002628EE0A69
:100F700040C250004250FF98EE0D66380628EC083B
:100F8000014420C23000A8A20280408A2A00063014
:100F9000263040C22E0030A30440008664006488DE
:100FA0000056640020C040C25000FF98EE0D263865
:100FB00006380144008ED0FF10C63802AEA602806B
:100FC000208A320010C61C0200860100008A26001A
:100FD00000C3DF0080C000F81BC000D000C25B006F
:100FE00000D000C24A0000D010C63202EE080086CF
:100FF0000100228800FA063D863C00C0A0C104F62C
:10100000EE0800860E00008A2E0000861000008A7E
:10101000380000868100608A420000868B00408A8A
:101020003A0000568000463066300635FF98123090
:10103000063D6638463804F6463066300635FF9879
:10104000242F063D6638463804F6463066300635AD
:10105000FF98582F063D6638463804F6EE0830C62D
:101060000402214420663F0090C606022880008AC0
:101070002600B0C6040220C1A046802720D030EE52
:10108000040230C63E0220840E88A22820C100C07F
:101090002ACE00C010EE3E0204F610C6040230C68E
:1010A00006020280148800C180C2802708AA214459
:1010B00020663F0030EE060204F484F4FF989A1094
:1010C0006888FF981A11008EF2FF04F40630063289
:1010D00006348634063530C60802A22820C12ACE3E
:1010E0000E2A20CE162A22CE60C1E0C2FEFFFF9853
:1010F0002A1810C6080200860008008A1800A028D6
:1011000020C120A6E02822A66029063D863C063C98
:10111000063A063800FCFF90A619A63700F8FF989B
:101120009A10408A1800A639063010C63202EE081E
:1011300000860100228800FA0638A0C104F610C615
:10114000080210EE3E0206C0008E80FFA63700F8AF
:1011500000C0008E76FF06302630863430C63E0250
:1011600020841688A22820C12AA60086060024888A
:1011700000C02ACE00C010EE3E02863C263806385B
:1011800004F606C6040004F4A63700F8063006325A
:1011900006348634063510C60802A02820C10E2A5F
:1011A00020CE162A22CE3CA601443CCE60C1E0C22D
:1011B000FEFFFF982A1810C6080200860008008A61
:1011C0001800A02820C120A6E02822A66029063DFC
:1011D000863C063C063A063800FCFF90A619A63766
:1011E00000F80630063206348634063510C608028A
:1011F000A02820C172A702C02ACE38CF00C024CEBA
:10120000AEA70628FF989C210628FF98FE19608A41
:10121000560010C60802A02820C132A60066180099
:10122000008A0C00FF98081600C2000810EE0802A1
:101230000628FF983A1A60C1E0C2FEFFFF982A18FC
:1012400010C6080200860008008A1800A02820C1E5
:1012500020A6E02822A66029063D863C063C063AE8
:10126000063800FCFF90A619CA2A40C10428FF983E
:10127000721A00C04ACE00C05ACE10C60802A0287A
:1012800020C1FF98081600C2000810EE08020628C8
:10129000FF983A1A60C1E0C2FEFFFF982A1810C6F4
:1012A000080200860008008A1800A02820C120A695
:1012B000E02822A66029063D863C063C063A063810
:1012C00000FCFF90A6190084228804F4A63700F8D9
:1012D0000630063206348634063510C60802A028C9
:1012E00020C10E2A20CE162A22CE3CA601443CCE96
:1012F00072A710C60002044028CE01C02ACE60C1E9
:10130000E0C2FEFFFF982A1810C6080200860008F7
:10131000008A1800A02820C120A6E02822A6602963
:10132000063D863C063C063A063800FCFF90A619AE
:1013300046300635CA2A40C14EA70428FF989C2192
:101340000428FF983A1A0428FF98FE19408A0E00D4
:1013500058A6FF98721A00C02ACE00C03ACEAC2A16
:1013600020C1FF980816063D463804F600F84630BE
:101370006630863406350084008AA00050C6080214
:10138000A42820C12EA70480008A9000FF98B819D5
:10139000408A9200CA2A40C14AA760C04086020023
:1013A000208A020061C040860500008A8C0052A796
:1013B00040660400208A780050C60802A42820C194
:1013C00032A740660200208A0A0056A72EA6408057
:1013D000208A5C006184008A0E0042C04ACF40C26D
:1013E000FFFF58CF40C044CFAC2A20C1FF98301334
:1013F000C0C2800840C140C23E00CAA76086020049
:101400002888AC2A20C1FF983013C0468000415480
:10141000208AE6FF00C0A0C1008E240000C2FDFFAC
:10142000A1C1008E1A0000C2E4FFA1C1008E10000D
:1014300000C2F6FFA1C1008E060000C2F5FFA1C1E7
:10144000A63750C63202EE0C40860100228800FA10
:10145000A639063D863C6638463804F60630263006
:101460008634063520C1A0C2000820C23F0003C058
:101470002ACEA04680002154208AF4FF00C010EE3E
:101480000C0210EE100210EE1A0210EE380210EEEE
:101490003A0220C1A0C2000800C2FEFF20CE00C058
:1014A00022CE00C024CE26CE28CE00C02ACE00C038
:1014B0002CCE2ECE30CE32CE34CE36CE38CE3ACE24
:1014C0003CCE3ECECA2AC046600040C100C2690080
:1014D00040D0C14400C2640040D0C14400C26C008E
:1014E00040D0C14400C2650040D0C14400C040D0DB
:1014F00000C2000810EE0802063D863C2638063879
:1015000004F626304630863420C1A0C2800820C2AE
:101510003E0043C02AA604801088A04680002154C3
:10152000208AF0FF00C0A1C1088C00C02ACE0A2A80
:10153000A0C1863C4638263804F606328634402858
:10154000A0C2800820C120C23E002AA60086030057
:101550000E88A2A74680688824A60640408070882E
:10156000A04680002154208AE0FF0428A0C1048CFA
:101570000428A1C1863C063A04F6063006320084EF
:10158000008A2E0050C63002EE0C414422C060C0DA
:101590000228FF983A155088614466A660806A88E0
:1015A000022806500144148C60C021442480608AC3
:1015B000DEFF063AE24400C0A1C104F6063AE24466
:1015C000A0C104F601C0FF907A15263046300634DB
:1015D0008634802800C130C60C0220842A88482A1C
:1015E00006CF50EE0C020C8CA22820C126A706CFF5
:1015F000482A26CF50C61002414450EE1002863CC5
:10160000063C4638263804F60630063206340635DF
:1016100032A600661800008AC400AEA660C2500060
:1016200038A20084008A0E0000868008608A72005A
:101630000A80208A120000C010EE380210EE3A0232
:10164000FF985611008E5A00C02840C150C058A2C1
:101650000A80008A0C00C0284154208AF0FF008EC6
:10166000400038A258CA10C638020280208A1C00E6
:1016700058A2802800C10EA610EE3802FF9856111D
:10168000A636A82AFF98FE2CA63820C110C63A021A
:101690000280208A0C0058A2802800C10EA610EEFD
:1016A0003A0260C24C0038A2802860C24E0038A2C4
:1016B00000298084008A0400FF981C2300C060C2B7
:1016C000500038CA60C24C0038CA60C24E0038CAE6
:1016D00060C2240038CA32A60066E7FF32CE2EA6CA
:1016E0000084008A08008634FF986E27863C10C666
:1016F0000C020084008A3000802800C1C82A40C142
:1017000006A60A800A8880288C80208AF2FF188C1E
:1017100026A606CE10C60C020A802C8826A60A80B1
:10172000228800C010EE0C0203C02ACE00C026CED4
:10173000063D063C063A063804F626304630863426
:101740000635FF980215408AD200A02820C110C695
:10175000160222CE10C618020084228801C024CEB0
:1017600000C010EE18022CCE30CE32CE34CE38CEA1
:101770003ACE3CCE3ECE28CECA2AC046200040C13A
:1017800040C2300042144154208AF8FFC0C24002D7
:1017900040A80084008A2000122B8A2A804660001C
:1017A0005FC040A800D000840E88C14481444154E9
:1017B000208AEEFF00C000D010C61A0236CE10C636
:1017C000100201442ECE10C616024029C0C2F0FFFE
:1017D00000C2800040C8C0C2F2FF10C6140240C858
:1017E000C0C2F4FF10C6120240C800C0C0C2DCFF75
:1017F0004214C086F0FF608AF6FFC0C00A2A40C8C3
:10180000C4C010C61002014440C800C2DCFF20CE94
:101810000A2AFF98CA150A2AA0C1048C00C0A1C1D7
:10182000063D863C4638263804F626304630863457
:1018300010C6080200860008288850C60C0224281A
:10184000088CA02820C126A72428A22820C12AA6C7
:10185000008600000A88A6A624801088008EEAFF71
:1018600030EE0802863C4638263804F620C20008CE
:1018700030EE0802863C4638263804F6063006323A
:101880000634863470C6000220C2800840C23E0082
:1018900020C1A2282AA600860100308828B6062882
:1018A000085000660080248800C02ACE20468000B0
:1018B0004154208ADCFF863C063C063A063804F692
:1018C0000630863466A600667000F008E00820C383
:1018D000FF00A0C2D8182094E818E818E818E81803
:1018E000E818E818E818E818863C0638063006328A
:1018F00006348634063510C60802A02820C10E2AF8
:1019000020CE162A22CE3EA601443ECE20C2220080
:1019100028A2004C28CA60C1E0C2FEFF10C6000227
:1019200030C63C02024010EE000210C60202004C1B
:1019300010EE020230C60402214420663F0010C6A9
:1019400006022080148800C3DE0080C000A000844E
:101950000888FF980010008EDAFFFF987C18FF9827
:101960002A1810C6080200860008008A1800A0285D
:1019700020C120A6E02822A66029063D863C063C20
:10198000063A063800FC60C1E0C2FEFF01C010EE5E
:10199000320200C2B419063000C2FF00063000C295
:1019A0008000063000FCE0C2FEFF60C101C010EE06
:1019B000320200FA008EFCFF0084008A3A002630D2
:1019C00046304028A0C2800820C120C23E002AA67E
:1019D0000086030006882EA604801488A046800096
:1019E0002154208AE8FF46382638A0C020C184F45C
:1019F00004284638263804F4A0C020C184F42630D8
:101A000046304028A0C2800820C120C23E002AA63D
:101A10000086040026883AA604801688A046800026
:101A20002154208AE8FFA0C020C104284638263867
:101A300084F404284638263804F4263046308634A8
:101A40004028A0C2800820C120C23E002AA60086ED
:101A500003000A8836A60480248800C036CEA0463B
:101A600080002154208AE4FF0428863C463826382A
:101A700004F6063206346028A0A622A7042982288C
:101A8000924480C9824420C2800080C80628063C57
:101A9000063A04F606320634A0A622A704298228B4
:101AA000924460C2DAFF80C9824460C2810080C96A
:101AB000063C063A04F6063400860C00608A2E00C6
:101AC00080460400021000865242208A2000021044
:101AD00000860100208A160002100184608A0E0030
:101AE00080A02080408A0600063CA0C104F6063C87
:101AF00000C2D8FFA1C104F6063446304084008AF3
:101B00008E00408601FE408A86000428009CA6FFC5
:101B1000408A860010EEE60730EEE80710C6E607BA
:101B2000FF987A15408A7C0010EE160210EE14021F
:101B30004638063C10C616024029C0C200020210F8
:101B400042144254208AF6FF00C2000210EE120234
:101B500010C6E60710EE180200C010EE1A0200C10F
:101B600080C2400230C020A800D00084008A0E004D
:101B7000A14481442154208AECFF00C000D0FF988A
:101B80003A17408A280020C1A02846C032CF04F46A
:101B90004638063C00C2FAFF84F44638063C00C2D0
:101BA000D8FF84F44638063C00C2FCFF84F400C22F
:101BB000FBFF84F4A63700F806300632063486347C
:101BC00006356EA60084008AF000008601FE408A79
:101BD0003C0172A600860200608ADE00008640009A
:101BE000408AD60070A6EEA6A0C10240408ACA0074
:101BF00070A60164208AC20072A6002970A68028FF
:101C00006EA6FF98B61A408A000210EEE60730EE84
:101C1000E80710C6E607FF987A15408A440110EEDF
:101C2000160210EE140272A6002970A6802810C6B3
:101C300016022029A0C20002EEA60112211621548C
:101C4000208AF6FF00C2000210EE120210C6E6075C
:101C500010EE180206C6040010EE1A02FF983A179A
:101C6000408A5201A02820C12EA672CE00C2800058
:101C700074CE10C60802A02820C10E2A20CE162A33
:101C800022CE3CA601443CCE60C1E0C2FEFFFF98DC
:101C90002A1810C6080200860008008A1800A0282A
:101CA00020C120A6E02822A66029063D863C063CED
:101CB000063A063800FCFF90A61900C2F9FF72CE62
:101CC00000C2810074CE10C60802A02820C10E2ACE
:101CD00020CE162A22CE3CA601443CCE60C1E0C2F2
:101CE000FEFFFF982A1810C6080200860008008A26
:101CF0001800A02820C120A6E02822A66029063DC1
:101D0000863C063C063A063800FCFF90A61900C245
:101D1000FAFF72CE00C2810074CE10C60802A0285D
:101D200020C10E2A20CE162A22CE3CA601443CCE4B
:101D300060C1E0C2FEFFFF982A1810C608020086A4
:101D40000008008A1800A02820C120A6E02822A6AA
:101D50006029063D863C063C063A063800FCFF90AA
:101D6000A61900C2FCFF72CE00C2810074CE10C65C
:101D70000802A02820C10E2A20CE162A22CE3CA678
:101D800001443CCE60C1E0C2FEFFFF982A1810C695
:101D9000080200860008008A1800A02820C120A69A
:101DA000E02822A66029063D863C063C063A063815
:101DB00000FCFF90A61900C2FBFF72CE00C281009A
:101DC00074CE10C60802A02820C10E2A20CE162AE2
:101DD00022CE3CA601443CCE60C1E0C2FEFFFF988B
:101DE0002A1810C6080200860008008A1800A028D9
:101DF00020C120A6E02822A66029063D863C063C9C
:101E0000063A063800FCFF90A61900C2D8FF72CE31
:101E100000C2810074CE10C60802A02820C10E2A7C
:101E200020CE162A22CE3CA601443CCE60C1E0C2A0
:101E3000FEFFFF982A1810C6080200860008008AD4
:101E40001800A02820C120A6E02822A66029063D6F
:101E5000863C063C063A063800FCFF90A619A637D9
:101E600000F80630063206348634063572A6FF982E
:101E7000B819408A0201CA2A40C136A626C6040003
:101E80000280208A460152A6006640000C8852A6B5
:101E90000066BFFF52CE008ECE0072A6FF98FE19DC
:101EA0004C880A2A30C608020280208A720110C6B5
:101EB0000802A02820C14AA600860200008A4E001F
:101EC00000C2800074CE72A63ACE04C02ACE0E2A7A
:101ED00020CE162A22CE3CA601443CCE60C1E0C2F0
:101EE000FEFFFF982A1810C6080200860008008A24
:101EF0001800A02820C120A6E02822A66029063DBF
:101F0000863C063C063A063800FCFF90A61958A607
:101F100072CE00C2800074CEAC2A20C1FF98081691
:101F200010C60802A02820C10E2A20CE162A22CED2
:101F30003CA601443CCE60C1E0C2FEFFFF982A18D7
:101F400010C6080200860008008A1800A02820C1D8
:101F500020A6E02822A66029063D863C063C063ADB
:101F6000063800FCFF90A61900C2DAFF72CE00C24C
:101F7000810074CE008E0C0000C2F9FF72CE00C248
:101F8000810074CE10C60802A02820C10E2A20CEDF
:101F9000162A22CE3CA601443CCE60C1E0C2FEFF20
:101FA000FF982A1810C6080200860008008A180048
:101FB000A02820C120A6E02822A66029063D863C54
:101FC000063C063A063800FCFF90A61900C2F8FF4E
:101FD00072CE00C2810074CE10C60802A02820C1B3
:101FE0000E2A20CE162A22CE3CA601443CCE60C149
:101FF000E0C2FEFFFF982A1810C6080200860008FB
:10200000008A1800A02820C120A6E02822A6602966
:10201000063D863C063C063A063800FCFF90A619B1
:1020200000C2F7FF72CE00C2810074CE10C6080253
:10203000A02820C10E2A20CE162A22CE3CA601447A
:102040003CCE60C1E0C2FEFFFF982A1810C608020D
:1020500000860008008A1800A02820C120A6E028D9
:1020600022A66029063D863C063C063A063800FC5E
:10207000FF90A61900F84630663086340635008693
:102080000400408AE00050C60802A42820C1AEA780
:1020900050C636020084008A800040840A88468048
:1020A000008A6000008EC80070EE3602B2A6206E74
:1020B0001000B2CEB2A620660800208A3200063098
:1020C0000628FF98FE19408A0C00FF98941A00C059
:1020D0002ACE008E100010C60802A02820C132A609
:1020E000006E400032CE10C60802A02820C106387B
:1020F0000630FF98FE3106384A88AEA630EE380228
:10210000FF98561120C2240028CA80C000C3DD00F9
:1021100000C800C0A0C1008E66004084008A3E0056
:102120004680208A5400B2A62066EFFFB2CE20C2BD
:10213000240000C028CA10EE36022EA630C638028F
:1021400002802888FF98242F008E060000C0FF9888
:10215000BC2110C60802A02820C1FF982C3200C064
:10216000A0C1008E1A0000C2FDFFA1C1008E1000A8
:1021700000C2F5FFA1C1008E060000C2F6FFA1C19A
:10218000A63750C63202EE0C40860100228800FAC3
:10219000A639063D863C6638463804F626300634B5
:1021A00030C6360220802E8820C030EE360280C035
:1021B00000C3DD0080C8063C263804F680C000C39A
:1021C000DD0000C804F600C010EE360280C000C377
:1021D000DD0000C804F6063001C010EE260210EE45
:1021E0002E0200C010EE2A0210EE2C0210C61C02B5
:1021F000008601001A8800C2000110EE240200C20D
:102200003F0010EE300200C2FF0010EE2802148CD6
:1022100000C2200010EE24021FC010EE300201C0E8
:1022200010EE2802063804F60630263001C020C021
:10223000FF98482201C010EE2A0200C2DAFF10EE19
:102240002C022638063804F646300634002980C0B1
:1022500040C2E0FF00CF41C002CF50C004CF86CEC5
:1022600040C2DAFF08CF40C2164B0ECF80461000A6
:1022700040C2DAFF00CF42C002CF40C004CF40C00E
:1022800006CF08CF063C463804F6063286340635BB
:1022900020282086DBFF408A7400208604004288C4
:1022A00024C042284164408402882144FF98682366
:1022B0007088FF988225408A5400FF986823408ADE
:1022C0004C0020A76428625060860A006488FF984A
:1022D000AE23FF98142422A7406E010022CF50C6DF
:1022E000080240840C88063400C184280EA7063CEE
:1022F000028C40C024CF20A74046060070C62C02A6
:10230000645070EE2C02261E0000A0C1068C00C294
:10231000FCFFA1C1063D863C063A04F62630463055
:102320008634302B282A20560600A228A2A642284E
:10233000406601004084008A20002066FEFFA2CE95
:1023400020A74046060030C62C02244030EE2C0266
:10235000FF98582400C0A0C1068C00C2FDFFA1C197
:10236000863C4638263804F64630063410C62E021F
:102370000084008A2E00002980C004A740841688AB
:102380002029A42820A74280568828A740840688B0
:10239000A428008EEEFF06A70428EE08008ED0FFCA
:1023A000A0C1048C00C0A1C1063C463804F64630EA
:1023B0006630063420A7A2A7261E0000082A024085
:1023C0008028042802500056060000CE0628006629
:1023D000020002CE00C004CE26A606CE28A608CE55
:1023E000A0CE06280066FDFF22CE102AEE0826CEDB
:1023F000082A28CE122B88C000A00056060000C86C
:1024000010C62C020056060010EE2C02063C663860
:10241000463804F64630663006340635122B80C046
:1024200004A76A2A4680288828A704CF008E1E00A9
:10243000522BC42848A76A2A46800A8840840E88FE
:10244000C428008EEEFF26A746CF28A748CF063D1A
:10245000063C6638463804F64630663006340635A3
:10246000122B80C004A74084008A22006A2A64805C
:10247000608A2800522BC42848A74084008A2C0078
:102480006A2A4680408A2400C428008EEAFF4A2A2D
:1024900004CF40C026CF28CF008EDC00722AEE0E7B
:1024A000A6CF28CF4A2A04CF008E620046A726CFA7
:1024B00048A728CF522AEE0C46CF4A2A48CF40A739
:1024C000404606006C2A64404A2A4680208A3E0024
:1024D00040A7A0A746404046060040CF26A746CFCB
:1024E00028A748CF22A74066020040840888C2A7D8
:1024F000606E0200C2CF08A74046060008CF50C653
:102500002C024046060050EE2C02C018000022A704
:10251000406602004084208A5E0020A740460600F4
:102520006A2A64406086F0FF408A4C00522BC6281D
:1025300042A76428606601006084208A3A00A0A750
:1025400040A7644060460600A0CFC6A7A6CFC8A794
:10255000A8CF42A74066020040840888A2A7606E08
:102560000200A2CF08A74046060008CF50C62C02A2
:102570004046060050EE2C02063D063C66384638C2
:1025800004F60632063430C62802EE0A50C6260289
:10259000EE0C2480008A660040C240002480608ADD
:1025A0005C0070C62E02EE0E6084168864800C8873
:1025B000062986C080A1EE0E008EECFF4144008EFD
:1025C000DAFF042820C0FF98482270C62E02EE0EC3
:1025D000062986C080A0EE0A208406886228008E24
:1025E000EEFF00C930C62A02214430EE2A0230C66E
:1025F0002C022046DAFF30EE2C02A0C1068C00C26D
:10260000FCFFA1C1063C063A04F6063286340635C4
:102610000084008A8C006028282A502A246820849C
:102620002A880628FF988A22008E7C00302B282AD0
:1026300020560600A228A2A6422840660100408437
:10264000008A5E00A0A626806688A0C1008E580081
:1026500006340628FF988A22408A3A00063D342B29
:102660002C2A20560600A22820A78636C63640848B
:102670000E88C0A880D0C14481444154008EEEFF32
:10268000C638863806348C2A142BFF981C23063C47
:10269000A0C1008E1200063C00C2FCFFA1C1008E4A
:1026A000060000C2FDFFA1C1063D863C063A04F6C5
:1026B00070C62A02EE0E20C0462840840A882046B2
:1026C000DAFF4154008EF2FF10C62C02205040C0A9
:1026D00010C62E02EE080084008A2C002029A0C01B
:1026E00024A60084008A1800522BC02840A64080EF
:1026F0004288402848A600840688C028008EECFF47
:1027000026A6EE08008ECEFF10C62C02A0C104F64D
:1027100010EEF00320C040C010C62E02EE08008468
:10272000008A46002029A0C0522BD0C042A60066D5
:1027300001000084108844A670C6F0030680268835
:10274000214440A6404042A6006602000084208A40
:10275000100040A6004606006C2A6040C628008E85
:10276000CAFF26A6EE08008EB4FFA0C104F610EE44
:10277000F00310C62E02EE080084008A600010EEFE
:10278000F2032029A0C0522BD0C042A6006601004F
:102790000084008A240044A670C6F0030680208AC4
:1027A0001800461E0000FF981C2310C6F2032029C3
:1027B000A0C0522BD0C0008ED0FF42A600660200FF
:1027C0000084208A100040A6004606006C2A604063
:1027D000C628008EB4FF26A6EE08008E9AFF04F6E7
:1027E00010C62C0204F606328634063500F8FF982F
:1027F0008A22A63730C63202EE0A208601002288DD
:1028000000FAA639063D863C063A04F626304630E4
:102810008634063500F8FF981C23A63730C63202EE
:10282000EE0A20860100228800FAA639063D863C81
:102830004638263804F606328634063500F8FF9806
:102840000A26A63730C63202EE0A20860100228808
:1028500000FAA639063D863C063A04F6863406356B
:1028600000F8FF98B026A637063010C63202EE08F0
:10287000008601000638228800FAA639063D863C0B
:1028800004F686340635063000F8FF981027A63780
:1028900010C63202EE0800860100228800FAA6392E
:1028A0000638063D863C04F600C180C2000420C202
:1028B000800000C001162154208AF8FF04F646303B
:1028C0008634402820C1A0C20004A6A620660100CC
:1028D000008A160028042A2A20868004608AEAFFDB
:1028E00000C2FBFFA1C1008E100020CF20C0A2CEED
:1028F000A4CE21C0A6CE0A2AA0C1863C463804F642
:102900008634009C2C00408A2200A2A62084208AC3
:10291000120020C0A0CEA2CEA4CEA6CE00C0A0C1E0
:10292000008E0A0000C2F9FFA1C1028CA1C1863C41
:1029300004F600860004608A200020282086800497
:10294000408A160020282764208A0E0020C1A02873
:10295000A6A620660100028804F400C2FDFF84F4EC
:102960004630663086340635009CC6FF408A5200E9
:10297000A0A62084E08A0C002154A0CE00C0A0C1F3
:10298000008E400030C6080240C1C22840C020C2AC
:10299000200048CB22A740842A884C2A22CF24CF6B
:1029A000008E1000A4A700C186284C2A20C2200057
:1029B00008CB24CF20A7415420CF00C2F6FFA1C1ED
:1029C000028CA1C1063D863C6638463804F6463086
:1029D00086340635009C5AFF408A4E00A2A6208409
:1029E000008A3A0040C1C22820C2200048A322CF5A
:1029F0004084248840C024CF40C048CB20A7414415
:102A000020CF52A7406601002688009C2600088C33
:102A100052A74066FEFF52CF40C04ACF068CA0A608
:102A20002144A0CE00C0A0C1028CA1C1063D863CBD
:102A3000463804F640A6C2A62229A02800C032CEFD
:102A400000C2800034CE04F610C6080220C1A028BF
:102A5000B2A6206E0100B2CE05C02ACE0E2A20CE2C
:102A6000162A22CE3CA601443CCE60C1E0C2FEFF45
:102A7000FF982A1810C6080220C1A02820A6E02826
:102A800022A6602904F6463040280428009CD0FE87
:102A9000608A10000086F6FF208A0C00009CA8FFC8
:102AA000008EE6FF463804F6463804F600F8063590
:102AB0002630009C08FE2638A637063010C63202A3
:102AC000EE08008601000638228800FAA639063D85
:102AD00004F600F806352630009C24FE2638A6377A
:102AE000063010C63202EE08008601000638228841
:102AF00000FAA639063D04F600F806352630009C9B
:102B0000CCFE2638A637063010C63202EE08008604
:102B100001000638228800FAA639063D04F6A637D9
:102B200000F80630063206348634063572A6009C5C
:102B30002EFE608A14000086F6FF008A180072CE0E
:102B400000C2810074CE008E480072CE00C28000A8
:102B500074CE008E3C0010C6080220C1A02805C01B
:102B60002ACE0E2A20CE162A22CE3CA601443CCEE6
:102B700060C1E0C2FEFFFF982A1810C60802008656
:102B80000008008A260020C1A02820A6E02822A64E
:102B9000602930C63202EE0A20860100228800FA3F
:102BA000063D863C063C063A063800FCFF90A61916
:102BB00006328634063500F8A6C6000020C1B2A64B
:102BC000206608002084208A140100C2803EFF98FD
:102BD0008A22408A000100190000A6C6000020C118
:102BE0004018000000C2200760C2401F0214615458
:102BF000208AF8FF0C2A20C24C0028CA142A20C2BE
:102C00004E0028CAB2A6206E0800B2CE00C020C274
:102C1000520028CA01C020C22A0028CA07C020C208
:102C20002C0028CA00C020C22E0028CA10C61C02D0
:102C3000008602002E8800C3DB0000C60000EE08FC
:102C40000084248800C2500020C2300028CA10C668
:102C500038020084008A0C00FF98FE31408A500040
:102C6000008E0A002EA610EE380210EE3A0232A6AE
:102C700000662000008A320032A60066DFFF32CEF6
:102C80002EA6FF98FE197088A6C6000020C132A6A5
:102C9000006E400032CE088CFF98941A00C02ACEF5
:102CA000A6C6000020C1FF98D431A0C1008E340018
:102CB000A42820C1B2A62066F7FFB2CE00C020C271
:102CC0004C0028CA20C24E0028CA40180000FF98B5
:102CD0001C23008E080000C2FCFF008E040000C20E
:102CE000F6FFA1C1A63730C63202EE0A20860100E7
:102CF000228800FAA639063D863C063A04F600C34F
:102D0000DF0080C010C61C0200860100008A560049
:102D10001BC000D000C25B0000D000C2330000D056
:102D200000C24A0000D01BC000D000C25B0000D02F
:102D300000C2320000D000C24A0000D01BC000D048
:102D400000C25B0000D000C2480000D01BC000D011
:102D500000C25B0000D000C2300000D000C26D0095
:102D600000D0008E04000CC000D000C2320027C08A
:102D7000A0CA00C22E0020A30428F208E0082028E0
:102D8000E008E008024020C24C00A8A22040C2286F
:102D900020C24E00A8A2422900C2300020A34084D5
:102DA000248840C2500010C61C02008601003088F2
:102DB00000C2520020A2EC0801440480428840284E
:102DC00010C61C0200860100008A7C0060C0421010
:102DD0000630EC08202800C2320020A220801E8885
:102DE00000C23200A0CA10C61C02008601000E8874
:102DF000463066300228FF98960D66384638063809
:102E0000EE0800D0614460865000608AC0FF4154E3
:102E10004084008A98000C2A20C24C00A8A260C2FC
:102E2000803E26400280688800C24C0020A2C02854
:102E300010C61C0200860100008A90FF0DC000D061
:102E40000AC000D0008E84FF60C020C04210EE088F
:102E50000086200026882144008E1600063020843B
:102E60000C8800C2200000D02154008EF0FF0638EC
:102E700000D0614460865000608AD0FF4154408495
:102E8000008A2A00208404880AC000D00C2A20C2AC
:102E90004C00A8A260C2803E264002804488008E7A
:102EA000A6FF00C24C0020A2C028008E9AFF10C6C8
:102EB0001C0200860100008A680040C25200B0A3D4
:102EC0004628EC0C41440628EE08014406303BC07D
:102ED00080D020C25B0080D00428FF98B20C20C2B2
:102EE0003B0080D00638FF98B20C20C2480080D04A
:102EF00020C22A0028A23BC080D020C25B0080D024
:102F000020C23F0080D020C2320080D020C23500D5
:102F100080D00084068820C26800048C20C26C0027
:102F200080D004F610C638020084008A2800FF987A
:102F3000B819408A200020C2500028A20084008ACC
:102F40001400A02820C1B2A6206618002084008AA0
:102F50000400FF98D43104F610C638020084008AB9
:102F600042006028FF98B819408A380050C020C23B
:102F7000500028A20084008A2A00C02840C14EA622
:102F80000680008A0E00AC2A342B4154008A1400BB
:102F9000008EDAFFB2A6206618002084008A0400A2
:102FA000FF98D43104F606328634063500F84028FE
:102FB000A6C6000020C1B2A6206602002084008AB6
:102FC00020000428FF98B819408A1E00B2A6206687
:102FD00018002084008A1A00FF98D431A0C1008E06
:102FE000160000C2F6FF008E0C0000C2E4FF008E47
:102FF000040000C2FDFFA1C1A63730C63202EE0AAE
:1030000020860100228800FAA639063D863C063A51
:1030100004F60184608A62004028415410C63A02D6
:103020000084008A54002028FF98B819408A4A007A
:1030300032A6006608000084008A3E0070C040840A
:10304000008A26006084008A300000C2500020A25E
:103050000084008A2400A02820C12EA60280008AB5
:10306000180041546154008ED4FF32A60066180047
:103070000084008A0400FF98D43104F68634EE08F8
:1030800020C25200A8A30D84008AAC000A84008AE2
:10309000AE000884008AD0000784008AD40006307D
:1030A0004628EC0C2628EE0A00C22E0020A2404042
:1030B000408664006488405664000428F208E008F2
:1030C0004028E008E00804400240024020C24C00D2
:1030D000A8A22040C22820C24E00A8A2422920C295
:1030E0002C00A8A2EE0AF20AF20A0638EE080268DC
:1030F00040C80628EE08014400865000608A2E0071
:1031000000C04628EC0C414420C23000A8A24280F6
:103110007088FF987C3120C23000A8A22154422838
:1031200000C06428F20EF20E6068008E44006066F3
:1031300000FF6068008E3A00606600FF008E32007B
:103140004628EC0C414420C23000A8A242806E8880
:10315000FF987C3120C23000A8A221544228642864
:10316000F20EF20E008E0A000628EE080084028895
:10317000615420C25200A8CB863C04F620C22E0027
:1031800028A2014400866400628800C028CA20C2C8
:103190003000A8A2024001540086640064880056F2
:1031A00064004028F20CE00C2428E00CE00C4240C3
:1031B00020C24C00A8A22440C22820C24E00A8A2CF
:1031C000422900C2200760C2500042146154208A84
:1031D000F8FF04F62EA610EE3802FF98561132A61C
:1031E000006610002C8800C0FF98BC21FF98FE2CC0
:1031F00004F620C2240028A2FF98BC2104F64A2A23
:1032000010C63802FF98B819408A180060C25000F2
:1032100038A2008422880A2A38CBA42820C138CAC0
:10322000A0C104F6A42820C1A1C104F660C25000C8
:1032300038A20084008A32000A802E8800C010EE76
:10324000380210EE3A02008E1C00C02840C150C067
:1032500058A20A800C88C0284154208AF2FF008EB0
:10326000040038A258CA00C038CA04F630C61C028E
:10327000208601000E8800860008408A280040C28F
:1032800030000A8C00860002408A1A005CC02028A8
:10329000E00AEC0A2440222900667F00EA08E008E0
:1032A000A02800C004F400C2E0FF84F4009CBCFF2E
:1032B000408A120040C20001221002144154208AA8
:1032C000F6FF00C0A0C104F6009CA0FF408A1200D7
:1032D00040C20001021022144154208AF6FF00C0AF
:1032E000A0C104F600860001408A1A002028E00AE6
:1032F000EC0A2046FC00222900667F00EA08E0086C
:10330000A02800C004F400C2E0FF84F4009CD4FFB5
:10331000408A120040C20001221002144154208A47
:10332000F6FF00C0A0C104F610C61C02EE0800861D
:103330000200208A0E0001C0009C82F5408A06002F
:1033400010EE340204F4D2024028063410C63402CF
:10335000009C32F7408A1C00063C042821C0009CD7
:103360004E004028A63710C63402009C60F6A639ED
:10337000042804F6063C00C2E0FF84F4402806342A
:1033800010C63402009CFEF6408A1C00063C04284D
:1033900022C0009C1A004028A63710C63402009CA8
:1033A0002CF6A639042804F6063C00C2E0FF84F49B
:1033B00020C3DA004C2A4056E002F00CE20CE20C8A
:1033C000A4C020C9A6C020C840C0A8C020C9482A9F
:1033D000AAC020C9502AACC020C941C0AEC020C973
:1033E000A0C0A0C8B0C020A140860000248800C0B2
:1033F00004F400C2E0FF84F466300634063010C6E0
:103400001C02EE0800860200208A540010C6340216
:10341000009C72F6408A48000638063C06340630A6
:1034200020C3DA00A4C020C8282AAAC0A0C8302A15
:10343000ACC0A0C821C0B6C0A0C8B0C020A1463052
:1034400010C63402009C86F546380638063C6638BD
:1034500040860000248800C004F400C2E0FF84F429
:103460000638063C663800C2FDFF84F4063010C6FC
:103470001C02EE0800860200208A400010C63402BA
:10348000009C02F6408A34000638063020C3DA0079
:10349000A4C020C822C0B6C0A0C8B0C020A1463079
:1034A00010C63402009C26F54638063840860000D7
:1034B000248800C004F400C2E0FF84F4063800C28F
:1034C000FDFF84F4063410C61C02EE0800860200DC
:1034D000208A480010C63402009CAAF5408A3C00AD
:1034E000063C063420C3DA00282AAAC0A0C8302A25
:1034F000ACC0A0C823C0B6C0A0C8B0C020A1463090
:1035000010C63402009CC6F44638063C40860000D3
:10351000248800C004F400C2E0FF84F4063C00C22A
:10352000FDFF84F40630063410C61C02EE08008647
:103530000200208A520010C63402009C48F5408ADE
:103540004600063C06380630063420C3DA00282A36
:10355000AAC0A0C8302AACC0A0C8AEC020C824C031
:10356000B6C0A0C8B0C020A1463010C63402009C2E
:103570005CF44638063C063840860000248800C0CB
:1035800004F400C2E0FF84F4063C063800C2FDFFEC
:1035900084F4063410C61C02EE0800860200208A5D
:1035A000480010C63402009CDCF4408A3C00063C13
:1035B000063420C3DA00282AAAC0A0C8302AACC02A
:1035C000A0C825C0B6C0A0C8B0C020A1463010C653
:1035D0003402009CF8F34638063C408600002488FC
:1035E00000C004F400C2E0FF84F4063C00C2FDFF0A
:1035F00084F40630063410C61C02EE080086020071
:10360000208A520010C63402009C7AF4408A460098
:10361000063C06380630063420C3DA00A4C020C8B1
:10362000282AAAC0A0C8302AACC0A0C826C0B6C0EC
:10363000A0C8B0C020A1463010C63402009C8EF352
:103640004638063C063840860000248800C004F452
:1036500000C2E0FF84F4063C063800C2FDFF84F49B
:103660000630063410C61C02EE0800860200208ACE
:10367000520010C63402009C0CF4408A4600063CFE
:1036800006380630063420C3DA00A4C020C8282A31
:10369000AAC0A0C8302AACC0A0C827C0B6C0A0C865
:1036A000B0C020A1463010C63402009C20F346383A
:1036B000063C063840860000248800C004F400C29E
:1036C000E0FF84F4063C063800C2FDFF84F4663057
:1036D000063410C61C02EE0800860200208A720022
:1036E00010C63402009C9EF3408A6600063C0634F5
:1036F00020C3DA00282AAAC0A0C8302AACC0A0C8BB
:1037000028C0B6C0A0C8AEC0A0A0B4C020A0B0C0A1
:1037100020A126300630463010C63402009CAEF29E
:10372000463826380638063C663840860000208A2F
:10373000020004F440860800268800C2E4FF84F4F6
:1037400040860900268800C2FDFF84F400C2E0FF25
:1037500084F4063C663800C2FDFF84F4663006340B
:10376000063010C61C02EE0800860200208A5C00AB
:1037700010C63402009C0EF3408A50000638063C06
:103780000634063020C3DA00282AAAC0A0C8302A8E
:10379000ACC0A0C8AEC020C829C0B6C0A0C8AEC0CA
:1037A000A0A0B0C020A12630463010C63402009C34
:1037B0001CF2463826380638063C6638408600003B
:1037C0002488022804F400C2E0FF84F40638063C92
:1037D000663800C2FDFF84F4663010C61C02EE0895
:1037E00000860200208A380010C63402009C96F23F
:1037F000408A2C0020C3DA002AC0B6C0A0C8B0C0DE
:1038000020A1463010C63402009CC2F1463866380A
:1038100040860000248800C004F400C2E0FF84F465
:10382000663800C2FDFF84F420C1A0C2600240C21D
:10383000C00000C022144154208AF8FF00C010EEDE
:10384000EE0300C2FF0010EE7A0200C20C3310EE4D
:103850007C0200C2FF0010EEBA0200C2AC3210EED1
:10386000BC0200C2FF0010EEBE0200C2C83210EE61
:10387000C00200C2FF0010EEFA0210EE3A0310EE92
:103880007A0310EEBA0300C2483310EEFC0210EEC9
:103890003C0310EE7C0310EEBC0300C2FF0010EEF0
:1038A000FE0210EE3E0310EE7E0310EEBE0300C2D9
:1038B0007C3310EE000310EE400310EE800310EE98
:1038C000C003009CD00500C0009C760001C0009C95
:1038D000700000C180C2A00200AE0084208A3A00BD
:1038E00000C3FF0080C2227DFF98400501C000C3D5
:1038F000FF0080C2427DFF98223C408A100000C336
:10390000FF0080C2367DFF984005008E0C0000C38A
:10391000FF0080C23A7DFF98400510C61C02EE08E9
:1039200000860200208A180002C0009C140003C018
:10393000009C0E0004C0009C080005C0009C020012
:1039400004F6663060C2FFFF70EEE40360282028B2
:10395000F20AE00AE00A2046600240C1C2285AA6E4
:10396000DCA640284268008AC8012029A22800C19C
:1039700080C200BC00C0209E408ABE0110C6FEBDB1
:10398000008655AA208ABA0110C636BC0086464178
:10399000208AAE0110C638BC00865431208AA201AC
:1039A00010C63ABC00863620208A960110C63CBC60
:1039B00000862020208A8A0118C60BBC38C60CBCA1
:1039C000EA0A026842CE18C60DBC44CE10C60EBC30
:1039D00046CE48CE10C616BC4ACE18C611BC38C654
:1039E00012BCEA0A2068CECE58C610BC4084008AB9
:1039F00050014384408A4A014AA64184008A020059
:103A0000E00848A704404CCE2F44F00A024050CEB4
:103A100018C613BC38C614BCEA0A02680084208A9F
:103A20000E0010C620BC30C622BC52CED4CE068CAE
:103A300052CE20C0D4CED4A62084208A3C0052A6E8
:103A4000D0A60250C4A62184008A32002284008AB3
:103A500010002484008A10002884008A1200008E3E
:103A60001C00E208008E1600E208E208008E0E003C
:103A7000E208E208E208008E040000C2FFFF56CE12
:103A800020C0D8CE00C23200C0CA18C625BC00660D
:103A9000010041D600C180C22BBC20C22200C81A3E
:103AA00000004BC0011221164154208AF6FF4CA69B
:103AB00000C180C200BC009C9200408A6A0040C0E5
:103AC0000428F208E008004600BC00C1802880A855
:103AD0002066FF002084008A4E002086E500008AD0
:103AE0003E008B4480A82066FF0020860F00008ADD
:103AF0002E0020660800008A26000428F208E0084C
:103B0000004600BC00C1802820C22200C81A000064
:103B10004BC0011221164154208AF6FF008E080086
:103B200041445084608A98FF01C040D600C0A0C1C3
:103B3000168C00C2DFFFA1C10E8C00C2E0FFA1C144
:103B4000068C00C2FDFFA1C1663804F6DAA65CA7A8
:103B5000A228A468008A08002229A428209E04F62E
:103B600000C2DFFF84F4DEA640C2200050A3A228DA
:103B7000A468008A08002229A428209E04F600C216
:103B8000E2FF84F400C180C200BC00C020C200017A
:103B900002142154208AF8FF04F430C61C02EE0AF5
:103BA00020860200208A22000056020020C3DA008C
:103BB000A4C020C843C0A0C020C9B0C020A1408676
:103BC00000002688AEC020A004F400C2E0FF84F408
:103BD0000584608A460020C201FF0280408A3C00C2
:103BE000202840C23800D01A0000208601044688F0
:103BF00040C22000048C40C2000120C9F00C0428FF
:103C000042284046FF00EA0CEE0C4084228841C066
:103C1000044001440280408A020004F400C2FDFF17
:103C200084F46630063560C2FFFF70EEE403008660
:103C30000000008A460200860600408A340260289E
:103C400006342028F20AE00AE00A2046600240C159
:103C5000C22860860100208A380020C2000848C0BF
:103C60000BC070C61C02EE0E60860100288820C2C0
:103C7000000242C005C061C00630263000C23800D4
:103C8000C01A000020C22000A0C826380638008EC6
:103C90002E000628009C02FF408A0C00009C30FF8A
:103CA000408A1000008E1800063C00C2E0FFA1C14F
:103CB000008EDC01063C00C2DFFFA1C1008ED001F6
:103CC000063000C23000C01A0000A0CE22CF063855
:103CD00024CEA6CF009CACFE00C2EB3C10EE00BC94
:103CE00000C2900018EE02BC00C24B0018EE03BCEC
:103CF00000C2310018EE04BC00C2360018EE05BC4C
:103D000000C22D0018EE06BC00C24B0018EE07BC26
:103D100000C24F0018EE08BC00C2530018EE09BCE8
:103D200000C2200018EE0ABC00C018EE0BBC02C096
:103D300018EE0CBC01C018EE0DBC01C010EE0EBC9C
:103D400001C018EE10BC00C23800C01A000020A04C
:103D500018EE11BC2028EA0AEE0A38EE12BC00C2A6
:103D60003000C01A0000A0A638EE13BC0228EA08F2
:103D700018EE14BC00C2F80018EE15BC22A750EED5
:103D800016BC00C2800018EE24BC00C2290018EE48
:103D900026BC10C6000218EE27BC2028EA0A38EE1E
:103DA00028BC10C6000200465A5A18EE29BC20282A
:103DB000EA0A38EE2ABC863C00C180C22BBC0BC08C
:103DC000211301170154208AF6FF00C2464110EE6C
:103DD00036BC00C2543110EE38BC00C2362010EEA2
:103DE0003ABC00C2202010EE3CBC00C255AA10EE26
:103DF000FEBD00C180C200BC00C0009C68FD408ABE
:103E00008400009C7EFD00C2F8FF10EE00BC00C2E2
:103E1000FFFF10EE02BC00C180C200BC01C0009CCC
:103E200044FD408A6000009C5AFD00C23400C01A64
:103E30000000A0A142C046805A8800C180C200BCD8
:103E400004284630009C1EFD4638408A3800414414
:103E5000008EE2FF009C3E0000C23600C01A000047
:103E600020A0009CDCFA408A200000C0A0C1008E87
:103E70001E0000C2DFFFA1C1008E140000C2E2FFDD
:103E8000A1C1008E0A00008E060000C2FDFFA1C184
:103E9000063D663804F600C2FFFF10EEE00310EEA8
:103EA000E40310EEE80300C018EEE20304F418C6C1
:103EB000E2030084008A2C00063518C6E30300667E
:103EC000FF00FF986867408A220010C6E00300C127
:103ED00080C200BE009C8EFC408A0C00063D00C0E3
:103EE00018EEE20300C004F4063D84F4063D00C26F
:103EF000E0FF84F406302630009CB2FF408A2400A4
:103F00002638063810EEE00338EEE30300C180C225
:103F100000BE009C36FC408A100000C018EEE20390
:103F200000C004F42638263804F600C2FFFF10EE65
:103F3000E00300C2E0FF84F44028EE0CE00CEC0843
:103F4000C8A6204010C6E0030280288818C6E303F4
:103F500006801088022826284630009C96FF4638A6
:103F6000408A0A0000C180C200BE10A204F484F49A
:103F7000263006304028EE0CE00C2028EC0A48A63B
:103F8000204010C6E0030280288818C6E30306809C
:103F90001088022826284630009C58FF4638408A60
:103FA00016000638263800C180C200BE90CA01C083
:103FB00018EEE20300C004F44638463804F622C086
:103FC00056A6004602002080408A4C002630022877
:103FD000009C64FF408A3C00008600000888263868
:103FE0002144008EDAFF0638063020C2FFFF009C15
:103FF0007EFF408A1A0040C23200D0A220840A8884
:1040000040C23000D0A22154D0CA0638A0C104F664
:10401000263804F6263804F600C2E1FF84F4463060
:1040200020C0009C4AFF4638408A1E0006302630D9
:1040300000C23200C0A220840A8800C23000C0A2A0
:104040002144C0CA26380638A0C104F600C010EECC
:10405000F60302C010EEF40356A60046020010EE6E
:10406000F80310C6F40330C6F8030280408A260025
:10407000009CC4FE408A2600008600002A8810C6E4
:10408000F603014410EEF60310C6F403014410EEEB
:10409000F403008ECCFF10C6F603A0C104F604F6AC
:1040A00000F866300634863406356028FF98686765
:1040B000408A3A0020C2320048A20084008A0800E8
:1040C00020C2300048A2168CFF984C40408A1E0047
:1040D00020C2300048CA20C2320041C048CBD6A618
:1040E00044A7F20CF20CE00CA0C1008E0200A1C1AA
:1040F000A637263030C63202EE0A2086010022881A
:1041000000FA2638A639063D863C063C663804F699
:10411000202820860200608A3E002086F8FF408A20
:10412000360002282630009C0EFE408A24004028DB
:1041300026380228009CE6FE408A1E00242820869D
:10414000F8FF408A120020860200608A0A00008E72
:10415000D0FF2638008E020004F400C2E0FF84F491
:1041600000860200608A180000560200C4A621845E
:10417000068800C2FDFF84F4D0A60240A0C104F668
:1041800000C2FDFFA1C104F600F846308634263097
:10419000663006356028009C88FA408A0C0006309C
:1041A0000628009CFA1F0638A0C1A637063010C6A4
:1041B0003202EE08008601000638228800FAA6398D
:1041C000063D66382638863C463804F600F8263028
:1041D0004630663086340635009CB81A408ACC00DA
:1041E000602830EE72050628009C7C25408ABC00C1
:1041F0005EA620C22000C8A20268288800C2E2FF92
:10420000008EA80010C6720510EEEE03009C581236
:10421000608A8E000086E4FF208A9000009C9EFD4C
:10422000408A8800063030C67205009C9808408A93
:104230005A0010C6720510EEEE0300C180C2EE04F3
:10424000009C600E408A44000084208A1A0000C14D
:1042500080C2A2052638263010C040C0009C7809D4
:10426000408A2800008E1A00009CA41300C180C25E
:10427000A2052638263010C040C0009C0015408A98
:104280000A00263800C0A0C1008E20000630063883
:10429000263806300228009C84FD0638A1C1008E15
:1042A0000A0000C2E3FFA1C1008E0000063000C07A
:1042B00010EEEE030638A637063010C63202EE08BE
:1042C000008601000638228800FAA639063D863CA1
:1042D00066384638263804F600F8663086340635E7
:1042E000009CA419063D863CA637063010C6320253
:1042F000EE08008601000638228800FAA6396638E2
:1043000004F600F826304630663086340635009CC8
:104310003C1B063D863CA637063010C63202EE082E
:10432000008601000638228800FAA6396638463829
:10433000263804F600F826304630663086340635D6
:10434000009C2200063D863CA637063010C632028D
:10435000EE08008601000638228800FAA639663881
:104360004638263804F60635009C2819408AAC00E9
:10437000602830EE72050628009CEC23408A9C00E1
:104380005EA620C22000C8A20268288800C2E2FF00
:10439000008E880010C6720510EEEE03009CC81057
:1043A000408A780020282F64F20AE00A204600BCE8
:1043B00000C182280BAE00661000288800C2DCFF16
:1043C000008E58001AA610EECC040284488800C261
:1043D000FDFF008E460010C6CC04009C4E00408AB3
:1043E0003A0010C6CC04009C26FD408A2E00062808
:1043F00030C6CC04009C681D009CB2FA408A1C00A8
:1044000010C6720510EEEE03009C0E15408A0C00DB
:1044100000C010EEEE03063DA0C104F6063000C059
:1044200010EEEE030638063DA1C104F610EEEE03D1
:1044300000C020C1A0C25205009C7E02408A5A00E2
:10444000063000C180C2520580A82066FF00208689
:104450000000008A38002086E500008A2A002086B5
:104460002E00008A22008BAE2066FF0020860F00FF
:10447000008A1400422840660800208A0A00063894
:1044800000C2DBFFA1C104F60638008EA4FF063887
:1044900000C010EEEE03A0C104F60086DEFF248803
:1044A000008EECFF063000C010EEEE030638A1C10E
:1044B00004F600C2A65C04F600C004F6663086343A
:1044C00000C220002BC021162154208AF8FF863C10
:1044D000863460C000A80066FF00008A5400008691
:1044E0002E00008A1800009C7600408A66006884CE
:1044F000408A600038D261448144008ED6FF6084D7
:10450000008A5000814468C000A80066FF00008A4D
:104510002A0000862E00008A3A00009C4200408A51
:1045200032006B84408A2C0038D261448144008E72
:10453000D6FF6084008A1C00008E0000863C20A804
:104540000066FF000086E500008A0A0000C0A0C1E6
:10455000663804F6863C00C2FDFFA1C1663804F649
:1045600000862000608AA60000867F00008A9E00E8
:1045700000862000008A960000862E00008A8E00A9
:1045800000862200008A860000862A00008A7E00BB
:1045900000862B00008A760000862C00008A6E00C0
:1045A00000862F00008A660000863A00008A5E00BE
:1045B00000863B00008A560000863C00008A4E00C0
:1045C00000863D00008A460000863E00008A3E00CC
:1045D00000863F00008A360000865B00008A2E00BD
:1045E00000865C00008A260000865D00008A1E00AE
:1045F00000867C00008A160000866100608A0C003C
:1046000000867B00408A04000056200004F400C2AB
:10461000FDFF84F4663040C028C06228615418AAA7
:104620000066FF0000862000208A0A002154208AAC
:10463000E8FF008E0200422860C02BC0022801540F
:104640000884608A180000AA0066FF000086200027
:10465000208A06002154008EE2FF6228685420C0A0
:104660002480408A0A0008AA28D22144008EF0FF44
:104670006084008A200000C22E0028D2214440C05D
:104680004680408A10000428084400AA28D2214409
:104690004144008EEAFF00C028D20228A0C166383B
:1046A00004F640AE0066FF00008A040000C004F477
:1046B00000C2DFFF84F400C004F466308634202892
:1046C000F00A40284F6410C6EE030084208A1400CC
:1046D0004EA60F44F0082080408ACE004CA602402F
:1046E000008E42004630263050C6EE032084008AF9
:1046F000260026300428009C3EF82638408AB40064
:104700000086F7FF008AAC000086F8FF408AB400FC
:1047100040282154008ED4FF0428009C42FA408A8D
:104720009200263846382630463050C6E403408092
:10473000288858C6E6034680168810EEE40378EE13
:10474000E60300C180C200BC009C00F4408A440023
:10475000463826380428F208E008004600BC863CAB
:10476000863400C1802800C22000011321170154A3
:10477000208AF6FF482A405600BCF00CE20C508418
:10478000608A040040C021440228F2080468863C84
:10479000663804F400C2FFFF10EEE4034638263802
:1047A000863C663800C2E0FF84F4863C663800C26E
:1047B000DEFF84F426384638863C663800C2E0FFC7
:1047C000A1C104F626384638863C663800C2DEFFB2
:1047D000A1C104F620C030EE9E0530EE9C05009C81
:1047E000D8FE408A4A00A0A82066FF00008A3A004E
:1047F0002086E500008A28004BC0B0AA2066FF0092
:1048000020860F00008A100020660800208A100011
:10481000009C8C0AA0C104F6009C4609008EBEFFD5
:1048200040C050EE9E05008EB4FF00C2DEFF84F44F
:1048300084F46630063420C010C6EE030084208A5B
:1048400014004EA60F44F0082080408AF2004CA6C7
:104850000240008E3E00263050C6EE032084008ABF
:10486000260026300428009CCEF62638408AF20026
:104870000086F7FF008AEA000086F8FF408AF00011
:1048800040282154008ED4FF0428009CD2F8408A8E
:10489000D0002638263050C6E4034080288858C609
:1048A000E6034680168810EEE40378EEE60300C1C6
:1048B00080C200BC009C94F2408A9000263840C020
:1048C0000428F208E008004600BC20C1A02820A867
:1048D0000066FF0000860000008A64000086E50094
:1048E000008A4E000BC020AA0066FF0000860F0061
:1048F000008A3E0000660800208A3600063C063426
:10490000263046302BC001120066FF00211340669E
:10491000FF000480208A16002154208AE8FF4638D0
:1049200026380228F2080468063C663804F4463843
:10493000263841445084608A86FF2144008EF8FE68
:10494000063C663800C2E4FFA1C104F600C2FFFFC6
:1049500010EEE4032638063C663800C2E0FFA1C131
:1049600004F62638063C663800C2E0FFA1C104F612
:104970002638063C663800C2E4FFA1C104F610C622
:10498000EE030084208A1C004EA60F44F00820800D
:10499000408A08004CA60240A0C104F600C2DEFF17
:1049A000A1C104F62630463050C6EE032084008AAA
:1049B000260026300428009C7EF52638408A2A00EE
:1049C0000086F7FF008A22000086F8FF408A260052
:1049D00040282154008ED4FF0428009C82F7408A8E
:1049E000080046382638A0C104F64638263800C2EA
:1049F000E0FFA1C104F64638263800C2DEFFA1C19F
:104A000004F650C6EE0304284630009C2AF54638CA
:104A1000408AAE000086F7FF008AA2000086F8FFF9
:104A2000408A06004028008EDCFF46300428009CA7
:104A30002EF7408A8200063000C180C200BC009C74
:104A40000AF1408A700020C1A0C200BC30C020A87A
:104A50000066FF0000860000208A060000C2E50014
:104A600020D0A04620002154208AE2FF063800C151
:104A700080C200BC009CEEF0408A3C00009C3EF5E9
:104A8000408A340026380630022826382630009C1A
:104A9000DEF4408A2200009CEAF00638009CC0F652
:104AA000408A1E0000C180C200BC009CB8F0408A51
:104AB0001000A0C104F626382638A1C104F600C2B1
:104AC000E0FFA1C104F66630AC2AA0463000342BCA
:104AD00020CEA2CE009C88F6408ABC00AC2AA0461C
:104AE0003400342B20CE009C9AF020C1A0C200BC20
:104AF00000C22E00211600C220004AC021164154D7
:104B0000208AF8FF10C02116009C9A00AC2AA0460B
:104B10003000342B20A620C1A0C200BCBA4420C85B
:104B2000A24400C020C8A24420C820C1A0C200BC2A
:104B3000A046200000C22E002116211600C220002F
:104B400049C021164154208AF8FF10C02116009C4C
:104B50005400AC2AA0463200342B20A620C1A0C2AB
:104B600000BCA0462000BA4420C8A24400C020C80F
:104B7000A24420C8AC2AA0463400342B20A600C191
:104B800080C200BC009CDEEF408A1600009C12022E
:104B900000C0A0C1663804F600C2FDFF6638A1C19E
:104BA00004F6663804F600C021162116009C08F9A8
:104BB00020C8A244009CFAF820C8A24420C8A244FD
:104BC00000C020C8A244009CEEF820C8A244009C6B
:104BD000E0F820C8A24404F666300634AC2AA046A9
:104BE0003000342B20CEA2CE24CF20C0009C8EFDDE
:104BF000408A8800263000C180C200BC009C4CEF77
:104C0000408A7600263840C00428F208E0080046B2
:104C100000BC20C1A02820A80066FF00008600007C
:104C2000008A16000086E500008A0E004144508488
:104C3000608AD4FF2144008EB2FF063C0634263041
:104C4000009C7A002638009C34FD408A62000630C1
:104C500000C180C200BC009C0CEF408A580006389E
:104C600010EEE40378EEE60300C2FFFF10EEE80367
:104C700000C0A0C1063C663804F626380086DEFF78
:104C8000208A220010C6EE030084008A1800263015
:104C9000009C6EFD2638408A0400008E4EFF063CC4
:104CA0006638A1C104F6063C663800C2E1FF84F410
:104CB000063C663804F62638063C663804F60BC017
:104CC000011321170154208AF6FF8C2A80463000F8
:104CD000142B00A620D0A14400C020D0A14420D095
:104CE000A144009CD2F720C8A244009CC4F720C86D
:104CF000A24420C8A24400C020C8A244009CB8F727
:104D000020C8A244009CAAF720C8A24402A620C83A
:104D1000A24404A620C8A24400C020C804F6AC2ABD
:104D2000A0463E00342BA0A82066FF000240F208F7
:104D3000E008004600BC20C1A02804F60634009C10
:104D4000F0FA408A58002028F00A40284F640428CE
:104D5000F208E008004600BC20C1A02800C2E5001F
:104D600020D0009C18FC408A2A00063000C180C276
:104D700000BC009CF0ED408A1E00063810EEE403F3
:104D800078EEE60300C2FFFF10EEE80300C0A0C10A
:104D9000063C04F6063C04F62638063C04F6063CBF
:104DA00004F600C2FFFF10EEE40304F600C018EEA4
:104DB000B90520C02B84408A140000C2200020C105
:104DC000A0C2AE05A24020D02144008EE6FF00A87C
:104DD0000066FF0000862000008A0C0000862E007E
:104DE000008A0400008E0C0001C018EEB905814451
:104DF000008EDAFF00C2FFFF10EEBA0520C008AA3D
:104E00000066FF000084008A120000862E00208ABF
:104E1000040030EEBA052144008EE2FF30EEBC05FE
:104E200050C6BA054086FFFF208A040050C6BC0564
:104E300020C060C02480408A460008AA0066FF00A7
:104E4000214400862000008A2C0000862E00008A63
:104E50002400009CA8006884408A100020C1A0C2E1
:104E6000AE05A64020D06144008EC8FF01C018EEF8
:104E7000B905008EBEFF01C018EEB905008EB4FF63
:104E80006084208A120000C25F0020C1A0C2AE056B
:104E900020D001C018EEB90510C6BA050086FFFF84
:104EA000008A4E002028214450C6BC0568C02480DA
:104EB000408A3E0008AA0066FF00214400862000C8
:104EC000008A2400009C36006B84408A100020C1B8
:104ED000A0C2AE05A64020D06144008ED0FF01C024
:104EE00018EEB905008EC6FF01C018EEB905008E98
:104EF000BCFF18C6B9050066FF00A0C104F6008615
:104F00006100608A180000867B00408A100006302D
:104F100001C018EEB90506380056200004F6009CC2
:104F20003EF6608A0A0001C018EEB90500C25F00B3
:104F300004F620C02B84408A140000C2200020C147
:104F4000A0C2A205A24020D02144008EE6FF20C0CE
:104F50002884408A1C0000C180C2AE05824000A89F
:104F60000066FF0000862000008A06002144008EB3
:104F7000DEFF263060C000C040866400608A0A0000
:104F8000405664000144008EEEFF0084008A0E004B
:104F90000046300020C1A0C2BE0520D0614400C040
:104FA0004A84608A08004A540144008EF2FF00845B
:104FB000208A06006084008A140006300046300013
:104FC00020C1A0C2BE05A64020D0614406380428F6
:104FD0000046300020C1A0C2BE05A64020D06144DA
:104FE00026384628414408C004502080608A0200C8
:104FF000202840C04280408A1A0000C180C2AE050D
:10500000844000A820C1A0C2A205A44020D04144F1
:10501000008EE0FF00C27E0020C1A0C2A205A44015
:1050200020D0414420C02680408A1C0000C180C29C
:10503000BE05824000A820C1A0C2A205A44020D085
:1050400021444144008EDEFF28C02B84408A1A0090
:1050500000C180C2AE05824000A820C1A0C2A20546
:10506000A24020D02144008EE0FF04F6063400C0A8
:1050700020C02B84408A28004028E20C602861640C
:105080006084008A0400406E8000622898AB6066ED
:10509000FF0046404066FF0004282144008ED2FFF6
:1050A000063C04F678EEC205063420C1A0C2A20573
:1050B000009C08F4408A1200063C009C760078C6EA
:1050C000C2056066FF00A0C104F6063C009CDCFC43
:1050D00041C04630009C5AFE78C6C2056066FF009B
:1050E00000C180C2A205009C48F7608A18000086B3
:1050F000E0FF008A2C00463878C6C2056066FF00D3
:1051000001C0A0C104F6463841444086E803608AE5
:10511000C0FF78C6C2056066FF0000C2E1FFA1C102
:1051200004F6463878C6C2056066FF0000C2E0FF9C
:10513000A1C104F6063401120066FF000084008A53
:105140001A0000866100608A0E0000867B00408A9B
:105150000600063C01C004F6008EDAFF063C00C0E3
:1051600004F606306630A0A82066FF00422840669C
:1051700040004084008A3C00422840661F00408472
:10518000008A0E0143840488408A060150EE9E0581
:105190004DC030AB4066FF0050EEA00500C180C29C
:1051A0007C0540C2200020C081164154208AF6FFB1
:1051B000008E2E0050C69E0540860080408AD20098
:1051C000022800661F000480208AC6000DC020AAA5
:1051D0000066FF0050C6A0054066FF000480208ADC
:1051E000B000A0A820661F0021540228E00AE00AAF
:1051F0004228E00A24402040622800C180C27C0589
:10520000824020C02D84408A64002584608A120078
:105210002B84608A160042284B54E00C5C44008EBC
:1052200012004228E00C4144008E080042284554F8
:10523000E00C4E4430AA0066FF004144063030AB1B
:105240004066FF004084208A0C0006380084008AF3
:105250001C00008E06000638008E360060861F0097
:10526000408A2E00011661442144008E96FFA0A8BA
:1052700020661F002184208A0C0020C2008030EEAE
:105280009E05008E0600215430EE9E0566380638D5
:1052900004F620C2FFFF30EE9E056638063804F69D
:1052A0000630663020C030EE9C0550C69E05408614
:1052B0000080208A660000C020C02B84408A28001D
:1052C0004028E20C602861646084008A0400406E1B
:1052D00080006228B8AB6066FF0046404066FF0071
:1052E00004282144008ED2FF50C6A0054066FF006E
:1052F0000480208A260000C180C27C0520C0208650
:105300001F00408A120001120066FF000084008A1C
:1053100006002144008EE6FF30EE9C056638063814
:1053200004F606302084008A0400006E400020C18C
:10533000A0C2AE0520D00FC0A0C2B90520D000C0C9
:10534000A0C2BA0520D00428A0C2BB0520D000C04E
:10535000A0C2C80520D0A0C2C90520D0063801547B
:105360006028E00EE00E4628E00E6440604020C059
:105370002D84408A7E002584608A12002B84608AF6
:10538000160042284B54E00C5C44008E1200422868
:10539000E00C4144008E080042284554E00C4E4485
:1053A00020C1A0C2AE05A4400628024050C69C05FC
:1053B0000480608A1600008A2C0000C2FF0020D002
:1053C000A14400C2FF0020D0008E220000C180C294
:1053D0007C05804000A80066FF0020D0A14400C0EA
:1053E00020D0008E080000C020D0A14420D021444D
:1053F000008E7CFF04F626304630863440C000C163
:1054000080C2EE04844000A80066FF0000866100B0
:10541000608A0C0000867B00408A04000056200051
:1054200020C1A0C27C05A440A0A82066FF00208661
:105430006100608A0C0020867B00408A04002056B0
:1054400020000280208A16000084008A0600414461
:10545000008EAAFF863C46382638A0C104F6863C5A
:1054600046382638A1C104F6663000C010EE9E050D
:1054700010EE9C0520C010C6EE030084208A1400A4
:105480004EA60F44F0082080408A4E014CA60240F0
:10549000008E3E00263050C6EE032084008A26008F
:1054A00026300428009C90EA2638408A4A0100866B
:1054B000F7FF008A42010086F8FF408A4601402833
:1054C0002154008ED4FF0428009C94EC408A2801CB
:1054D0002638263050C6E4034080208A0A0058C689
:1054E000E6034680008A160010EEE40378EEE60339
:1054F00000C180C200BC009C52E6408AE60026380B
:1055000040C00428F208E008004600BC20C1A028E2
:1055100020A80066FF0000860000008ABC0000860C
:10552000E500008A92000BC020AA0066FF000086FA
:105530000F00008A720000660800208A7A00263078
:105540004630009C5AFD4638263810C69C0500841B
:10555000008A0800009C9EFE608A740018C61B0525
:105560000066FF000084008A300000C180C20E0582
:10557000263046302BC001120066FF002113406622
:10558000FF000480208A0E002154208AE8FF46385C
:105590002638008E3A004638263800C010EE9E05A8
:1055A00010EE9C05008E1A0026304630009CB2FB9F
:1055B00046382638008E0A0000C010EE9E0510EE18
:1055C0009C0541445084608A38FF2144008EA6FE29
:1055D0000228F2080468663804F4663800C2E4FF62
:1055E000A1C104F600C2FFFF10EEE40326386638BE
:1055F00000C2E0FFA1C104F62638663800C2E0FF11
:10560000A1C104F62638663800C2E4FFA1C104F641
:1056100000C180C2EE0420C1A0C27C0520C000A849
:105620000066FF0020D00084008A0A008144A14463
:105630002144008EE8FF30EE9C0504F6AC2AA0461B
:105640003600342B20D020C0AC2AA0463800342BA2
:10565000A0C8009C28F3408AEA00263000C180C21E
:1056600000BC009CE6E4408A0E01263820C040C001
:105670000228F208E008004600BC20C1A02820A8AB
:105680000066FF000086E500008A0E00008600002C
:10569000008A060040C0008E2A004144AC2AA04681
:1056A0003600342B20A80066FF004080608A14007A
:1056B000015442284050AC2AA0463800342BA0A008
:1056C000A0C104F621443084608AA4FF4084008A8B
:1056D0005E0010C0045040C01084408A2C00063088
:1056E000F208E008004600BC20C1A02820A80066FF
:1056F000FF0000860000208A080000C2E50020D0DC
:1057000041C006380144008ECEFF4084008A20004C
:10571000AC2AA0463800342BA0A0009C60F2408A3E
:105720001E0000C180C200BC009C3AE4408A100008
:10573000AC2AA0463800342BA0A02144008E08FFDC
:10574000A1C104F60086DEFF208A240010C6EE0305
:105750000084008A1A00009CA8F2408A0E00AC2A3D
:10576000A0463800342BA0A0008EDCFEA1C104F6B8
:1057700000C2E1FFA1C104F62638A1C104F6AC2A9B
:10578000A0463000342B20CEA2CE24CFAC2AA04697
:105790003700342BA0D100C180C2A205009CCCF8F8
:1057A0000066FF00AC2AA0463A00342B20D010C679
:1057B0009C050C4420C00D84608A08000D542144CF
:1057C000008EF2FFAC2AA0463B00342BA0D002286A
:1057D0000144AC2AA0463700342BA0A96066FF0024
:1057E000009C58FE408A1C01AC2AA0463C00342B89
:1057F000A0C8AC2AA0463E00342B20D100C0AC2A61
:10580000A0463F00342B20D08C2A80463F00142B2A
:1058100000A80066FF008C2A80463B00142B80A85D
:105820002066FF0002800488408A7200008A4200DD
:1058300006304228405020C00084208A020021C047
:105840000428AC2AA0463A00342B20A94066FF0069
:10585000009CCEFA0638009CC4F400C180C2AE059C
:1058600040C220008112A1164154208AF6FF008E0A
:105870000E00009CA8F400C180C2A205009C3EF46A
:105880008C2A80463F00142B00A80066FF000144CC
:10589000AC2AA0463F00342B20D0008E6AFFAC2AF1
:1058A000A0463700342BA0A96066FF008C2A8046F2
:1058B0003C00142B80A0009CC4F0408A46000630B7
:1058C00000C180C200BC009C9CE2408A34000638C3
:1058D00010EEE403AC2AA0463700342BA0A9606682
:1058E000FF0078EEE60300C2FFFF10EEE803AC2AEB
:1058F000A0463700342BA0A96066FF0000C0A0C1FD
:1059000004F626380630AC2AA0463700342BA0A96E
:105910006066FF000638A1C104F66630009C48FBB3
:10592000408AB60040284F64F00806300428F20888
:10593000E008004600BC00C180284630009C2CF7DF
:105940000066FF006028463800C2E50000D04084B1
:10595000008A480041540428F208E008004600BCD0
:1059600020C1A0280BC020AA0066FF0000860F00FF
:10597000208A28000DC020AA0066FF000680208A29
:105980001A0020A80066FF0020C2E500A0D0006633
:1059900040000084208A0400008EB2FF263866385A
:1059A000009CDAEF408A2E00063000C180C200BCA5
:1059B000009CB2E1408A1800063810EEE40378EE4D
:1059C000E60300C2FFFF10EEE80300C0A0C104F62A
:1059D0002638A1C104F6A1C104F66638A1C104F6B7
:1059E0000228009C7AE7408A1E0000C180C200BCE9
:1059F000009C58E1408A1000009CA6F300C180C2C0
:105A00003ABC80A0A0C104F6A1C104F6482A50EE19
:105A1000E404502A58EEE60418EEE70430EEE804F9
:105A200050C050EEEA04009C760200A80066FF0019
:105A3000009C7A02408ABE00010480A82066FF0014
:105A400020863A00208A2000009C820200564100F5
:105A500018EEE70440C050EEE80450C6E4044244A7
:105A600050EEE404008EAA00009C340200C2CE076F
:105A7000A02800C0202960C000A80066FF000086A2
:105A80003A00008A1E0000862F00008A640000840D
:105A9000008A5E006B84408A58002116010461442C
:105AA000008ED4FF6284608A480000C0211600C2C4
:105AB000CE0780286630009C2205408A24002DAF46
:105AC00040660400208A200018EEE70430EEE80467
:105AD000663850C6E4044640414450EEE404008E6B
:105AE00030006638008E7E01663800C2E4FF008E0A
:105AF0008801008E1C0000862F00208A140040C000
:105B000050EEE80450C6E404414450EEE404008E34
:105B1000000018C6E7040066FF00009C4A0C408A9B
:105B2000440178C6E7046066FF00009CB201009C57
:105B30006E0100A80066FF000084008A0A01009C34
:105B4000BC01408A280110C6EC040184208A3C0074
:105B5000009C6202408A340000C180C2EE0420C171
:105B6000A0C20E05009C54E9408A0A0001C018EE4C
:105B70001B05008E060000C018EE1B0518C6E704C2
:105B80000066FF0030C6E804008ECC0000C180C271
:105B9000EE0400A80066FF0000862E00208A440064
:105BA000010480A82066FF002084008A7CFF2086F4
:105BB0002E00208A2E00010480A82066FF00208489
:105BC000208A200030C6E8042084008A5CFF009C04
:105BD0000EFE408AA40030EEE80410C010EEEA0485
:105BE000008E46FF10C6EA0400661000008A860098
:105BF00000C180C2EE0420C1A0C20E05009CBCE81A
:105C0000408A0A0001C018EE1B05008E060000C085
:105C100018EE1B0510C6E80410EEEE03009C48F8D1
:105C2000408A3E0020282F64F20AE00A204600BC89
:105C300000C182281AA610EEE8040BAE0066FF0031
:105C400010EEEA04008EE2FE18C6E7040066FF00CC
:105C500030C6E80450C6EA0460C070EEEE03A0C18E
:105C600004F6008E140000C2DFFF008E0C0000C29C
:105C7000E5FF008E040000C2DCFF063000C010EE1D
:105C8000EE030638A1C104F640C050EEEC04009CBF
:105C90007AFD04F641C050EEEC04009C6EFD04F663
:105CA00018C6E604002910C6E404802804F600861D
:105CB0004100768800865B006C88008661006A88F7
:105CC00000867B004488A0C104F6A1C104F60086CA
:105CD00061006A8800867B0044880056200004F634
:105CE000009CBCFF00A80066FF0000862F002688ED
:105CF0000104008EEEFF082A10EEE40404F6009C76
:105D00009EFF20C1A0C2EE0440C000A80066FF00B4
:105D10000084168800862F00108840861F00428865
:105D2000211641440104008EE0FF00C020D0082A63
:105D300010EEE40440861F0062885FC000C180C28C
:105D4000EE0401120066FF000084008A1400009C2B
:105D50001400408A0400008EE8FF00C2E5FFA1C1E4
:105D600004F6A0C104F600862000608A4400008684
:105D70002200008A3C0000862A00008A3400008647
:105D80003A00008A2C0000863C00008A240000862D
:105D90003E00008A1C0000863F00008A1400008636
:105DA0005C00008A0C0000867C00008A0400A0C110
:105DB00004F6A1C104F6009CE6FE00A80066FF0000
:105DC00000862F0026880104008EEEFF00840488E0
:105DD000A1C104F6A0C104F630EE3E0510EEEE03BC
:105DE00000C020C1A0C25205009CE8E9408A5000D2
:105DF000063000C180C2520580A82066FF002086C0
:105E00002E00008A34009AA650C63E052480208ABF
:105E10002800063810C69C050084008A060001C0D0
:105E2000A0C104F600C180C2520520C1A0C2440531
:105E3000009CE0E700C0A0C104F60638008EA2FF77
:105E40000086DEFF248800C2E4FFA1C104F6482AD0
:105E500050EE4005502A58EE420518EEE70430EEA9
:105E6000E804009C0209408A140178C6E7046066D1
:105E7000FF00009C1E0118C6E7040066FF000046F4
:105E80004100211600C23A002116009C140100C0F6
:105E900010EE3C0518EE430530C6E8042084008A65
:105EA0002A0010C63C051084408ACC004028E00C33
:105EB00000C180C21C05844080C8014410EE3C052E
:105EC000009C1CFB408ABE00008ED0FF10C63C0523
:105ED0000084008A900010C63C050084008A860079
:105EE000015406304028E00C00C180C21C058440EB
:105EF00080A050C63C0541540480248800C0108C0A
:105F000040284144E00C00C180C21C05844000A030
:105F1000009CC4FE408A6C000630009C760018C6C7
:105F200043050066FF00008A060000C22F0021160C
:105F300001C018EE430506380084088800C180C2FD
:105F40007C05068C00C180C2440501120066FF007A
:105F50000084008A06002116008EEEFF009C42009D
:105F60000638008E74FF009C2A0000C020D000C0BC
:105F700010EEEE03A0C104F600C2FDFF088C00C2C3
:105F8000DFFF028C2638063000C010EEEE03063824
:105F9000A1C104F618C64205202910C64005A02854
:105FA00004F60A2A10EE400504F600C00029202954
:105FB0004BC000A80066FF00009C12FDA0A8206650
:105FC000FF000280328800840A88010421044154C1
:105FD000208ADEFFA0C104F6A1C104F6082AC02869
:105FE00060C00628F2080046CE05A02800C020297F
:105FF000A0A82066FF000A880C2A8028009CAAFF1F
:106000007288614460862000608AD6FF00C2DFFF8C
:10601000A1C104F60628F2080046CE05A02800C05B
:1060200020292CAE0066FF00AEA6A0C104F600F841
:106030008634063518EEDB0730EEDE0758EEDC0757
:1060400078EEDA07A0C2CE0720C140C000A80066E3
:10605000FF00008A1C0000863A00008A1400009CA1
:106060006CFC4B84408AB000211601044144008E30
:10607000DAFF00C020D04284608A9C0080C2CE0734
:10608000009C58FF408A1A002DAE00660100208A4D
:10609000720018C6DA070066FF00208A5200008EE0
:1060A000140018C6DA070066FF00208A4C00009C26
:1060B0008800408A58006A2A80C2CE0700C14CC0BE
:1060C00001120066FF0021160084008A0600415478
:1060D000208AECFFA62820C118C6DB072CD618C6DC
:1060E000DC072DD610C6DE072ECEA0C1008E2E00F6
:1060F00000C020D0A0C1008E240000C2E4FFA1C1D6
:10610000008E1A0000C2D9FFA1C1008E100000C28B
:10611000E1FFA1C1008E060000C2FDFFA1C1063D46
:10612000863CA637063010C63202EE080086010013
:106130000638228800FAA63904F640C22000A0C220
:10614000CE0520C120A80066FF00008A0E00A046F0
:1061500010004154208AECFFA1C104F6A0C104F64E
:1061600060C22000A0C2CE0520C120A94066FF0069
:10617000008A20002CAF4066FF004080208A140077
:106180002EA74280208A0C002DAF4066FF00406E93
:1061900004002DD7A04610006154208ACCFF04F6DD
:1061A00060C22000A0C2CE0520C120A94066FF0029
:1061B000008A20002CAF4066FF004080208A140037
:1061C000AEA62084008A0C002DAF4066FF00406E12
:1061D00004002DD7A04610006154208ACCFF04F69D
:1061E00000F84630663086340635263010EE8004DE
:1061F0004086FF00208A140010C60802A02820C193
:1062000000C2260020A300C22800A0A20428009CEF
:1062100082FA408ABC0018EE8204602830EE9A04AC
:10622000009C10050628009C3E05408AA40010C66C
:1062300080040E64008A120041AE0066FF00008AEE
:10624000080000C2E2FF008E880010C69A0410EE1B
:10625000EE03009C12F2408A300010EE8404009C91
:10626000A005408A6C0010C6800400660800008A01
:10627000140010C6800400660200008A0800009C1A
:106280003606408A4C00008E24000086E4FF208AF7
:10629000400010C6800400660400008A2A0010C670
:1062A0009A0410EEEE03009CB205408A2400009C84
:1062B000DE04408A1C00009CDE0618C683040066CB
:1062C000FF00A0C1008E0C0000C2E4FFA1C1008E3F
:1062D0000200A1C1063000C010EEEE030638A6375A
:1062E000063010C63202EE08008601000638228809
:1062F00000FAA6392638063D863C6638463804F64C
:1063000000F846306630863406352630009CCC04D2
:10631000408A4A0020AE0066FF0000660800008A3E
:106320003000A1AF6066FF000628009C3A04408A56
:106330002C0018C683040066FF00009C8404009CA7
:106340008E09408A180018C683040066FF00009C6E
:10635000700400C020D600C0A0C1008E0200A1C100
:10636000A637063010C63202EE0800860100063855
:10637000228800FAA6392638063D863C663846381B
:1063800004F600F8463066308634063530EE8C046C
:1063900090EE9004302A38EE920420C030EE8E0445
:1063A000009C3804408ABA0020AE0066FF000066F8
:1063B0000200008AA200A1AF6066FF000628009CD0
:1063C000A603408A9C0018C683040066FF00009C58
:1063D000F003009C2806408A880018C683040066E3
:1063E000FF00009CDC0310C68C040084008A780047
:1063F000009C2606408A6A000084008A6A0010EE2B
:106400009404009C7206408A580018C683040066F3
:10641000FF00009CAC03009CA80618C6830400661D
:10642000FF00009C9C0310C69404009C5E07408AF9
:10643000300010C6940430C68C04205030EE8C041A
:1064400030C68E04204030EE8E0430C690042040CA
:1064500030EE9004008E8EFF00C2E6FFA1C1008ED8
:106460000C00A1C1008E060010C68E04A0C1A63784
:1064700030C63202EE0A20860100228800FAA639D0
:10648000063D863C6638463804F600F846306630ED
:106490008634063530EE8C0490EE9004302A38EEC7
:1064A000920420C030EE8E04009C3003408A180114
:1064B00020AE0066FF0000660400008AEC00A1AF79
:1064C0006066FF000628009C9E02408AFA0018C6FB
:1064D00083040066FF00009CE80241AE0066FF00F6
:1064E000208AD000009C1605408ADC0018C6830470
:1064F0000066FF00009CCA0210C68C040084008A5B
:10650000CC002AA600860001408AB200009CEA0660
:10651000408AB40018C683040066FF00009CA202F3
:10652000009C3A0510EE9404009C4C05408A9800AB
:1065300018C683040066FF00009C8602009CDC05F0
:1065400018C683040066FF00009C7602009C4C0580
:10655000408A740018C683040066FF00009C620233
:1065600010C69404009C6E06408A5C0018C6830422
:106570000066FF00009C4A0220AE0066FF00006E2D
:10658000080020D610C6940430C68C04205030EE8B
:106590008C0430C68E04204030EE8E0430C6900449
:1065A000204030EE9004008E4EFF00C2E6FFA1C1F5
:1065B000008E200000C2E2FFA1C1008E160000C2C2
:1065C000FAFFA1C1008E0C00A1C1008E060010C60A
:1065D0008E04A0C130C68E04A637263030C63202E3
:1065E000EE0A20860100228800FA2638A639063DE8
:1065F000863C6638463804F600F866308634063540
:1066000018EE820430EE960450EEEE0390EE900405
:10661000502A58EE920418C682040066FF00009CBF
:106620004601408A960078C682046066FF0010C664
:10663000E8030086FFFF008A2E0058C6EC03468060
:10664000208A240050C6740530C6EE034280208A9A
:10665000160050C6EA03414430C696044280208AA0
:10666000060021C0008E080000C030C696042144F8
:1066700020C1A0C2AC042630009C58E1408A2C0006
:1066800026382154208AE8FF10EEE80330C696042D
:1066900030EEEA0378EEEC0330C6EE0330EE74051C
:1066A000009C920600C0A0C1008E1200263840C295
:1066B000FFFF50EEE803A1C1008E0200A1C1A63782
:1066C00030C63202EE0A20860100228800FAA6397E
:1066D000063000C010EEEE030638063D863C6638F4
:1066E00004F600A80066FF00008A420000866100F0
:1066F0006A8800867B00448800562000008641009E
:10670000608A2A0000864700408A22000056410025
:106710006028814400A80066FF0000863A00208AB5
:106720000C008144009C94DD408A020004F400C205
:10673000E5FF84F400C180C20E0520C1A0C2A00400
:106740002BC0011221162154208AF6FF04F600C145
:1067500080C20E0520C1A0C2CC042BC0011221169C
:106760002154208AF6FF04F600860600408A1A00AB
:10677000F208E008E008C028C046600240C140AE10
:106780000066FF00008A020004F400C2DFFF84F408
:1067900000C0362BACC0A0AE2066FF002066010012
:1067A000008A1200014400860800408A0E00A046BC
:1067B0000E00008EE0FF18EE830404F400C2E7FF31
:1067C00084F4362BACC006302EC00084008A08004A
:1067D000A2400154008EF2FF063804F6008608003D
:1067E000408A180018EE8304009CD6FFA0AE2066F5
:1067F000FF0020660100008A020004F400C2E6FFE8
:1068000084F42028F00A40284F64009C70E1408AFC
:1068100044000630463000C180C200BC009C2CD32E
:10682000408A2E004638063810EEE40378EEE60380
:106830000428F208E008004600BC20C1A0283AA6BF
:1068400010EE86043CA610EE88043EA610EE8A04E4
:1068500004F44638063800C2E0FF84F400C180C268
:10686000EE04009C3EE8408A4C000084208A180018
:1068700000C180C2A20500C020C040C0009C58E3F7
:10688000408A3200008E1200009C84ED00C020C0BF
:1068900040C0009CE8EE408A1C00009CCAEB408A85
:1068A000140010EE840400C010EE860410EE88047C
:1068B00010EE8A0404F484F430C6860420860200B4
:1068C000608A360002282630009C6CD6408A24005C
:1068D000402826380228009C44D7408A3C002428BF
:1068E0002086F8FF408A120020860200608A0A0093
:1068F000008ED0FF2638008E2000009CB0D5408A44
:10690000180000C010EE860410EE880410EE8A0411
:10691000009C0C00408A020004F400C2E0FF84F4F2
:1069200010C684042028F00A40284F64009C4EE0E2
:10693000408A580010EE9804463000C180C200BC66
:10694000009C08D2408A4200463810C6980410EED7
:10695000E40378EEE6030428F208E008004600BCF1
:1069600020C1A02810C686043ACE10C688043CCEAA
:1069700010C68A043ECE10C6980400C180C200BC76
:10698000009CE2D1408A0A0004F4463800C2E0FFCD
:1069900084F400C2E0FF84F421C010C680040066C5
:1069A00001000488206E020010C680040066020008
:1069B0000488206E040041AE0066FF000488206E4B
:1069C0008000A0D638C68204A1D630C68604A2CEE6
:1069D000A4CE30C68404A6CE30C69A04ACCE10C66F
:1069E000800400661000288820C0A8CEAACE04F635
:1069F00030C68804A8CE30C68A04AACE04F62CA6D7
:106A000010EEEE0326A610EE8404009CF4FD063082
:106A100000C010EEEE03063804F610C68C04A8A6DB
:106A200042284066FF0120C2000224502080428894
:106A30000228009C4201408A200030C6880428A712
:106A40002450263030C68A042AA7245820842638A9
:106A5000268820804288022804F400C004F410C66E
:106A60008C04A8A642284066FF0120C200022450E0
:106A700020804288022804F424A6009CE2D6408AA2
:106A8000140000C180C200BC009CC0D0408A060037
:106A9000009C0EE304F400C2E0FF84F424A6009CF2
:106AA000BED6408A140000C180C200BC009CB6D093
:106AB000408A0C00009CEAE204F400C2E0FF84F487
:106AC00084F450C694044084008A420028A60066DC
:106AD000FF01004600BC00C1802830C69004A228F7
:106AE000026838C6920422290164208A22002428E0
:106AF0002164E20C4084008A0A00021022144154EE
:106B0000208AF6FF2084008A040000A820D004F424
:106B1000011221164154208AF6FF04F450C6940451
:106B20004084008A4400A8A62066FF01204600BCDD
:106B300020C1A228022830C690048228026838C6E4
:106B4000920402290164208A220024282164E20C94
:106B50004084008A0A00021022144154208AF6FF61
:106B60002084008A040000A820D004F40112211619
:106B70004154208AF6FF04F4AAA650C68A04248051
:106B80002888A8A650C68804248004F6A8A642280F
:106B900040402AA6004C2ACE0228EC08E20824280D
:106BA000EC0AE20A28CF0280008A220024A6009C78
:106BB00086D3408A1A00063018C683040066FF0098
:106BC000009CFEFB06380086F8FF428824CE04F4C1
:106BD00000C2E0FF84F4009CB2FF408A1A00009CCF
:106BE00096FF008A1000608A0C00A8A630EE880488
:106BF000AAA630EE8A0404F484F422A600860200D9
:106C0000608AA00028A60066FF01208AB80028A696
:106C1000AAA60268008AAE00009C5CFF608A5E0043
:106C200024A6009C12D3408AA000063018C6830414
:106C30000066FF00009C8AFB06380086F8FF608A29
:106C40003800009C78D3408A7E002028263018C661
:106C500083040066FF00009C68FB263824A6009C85
:106C60000ED3408A6400263018C683040066FF00F5
:106C7000009C4EFB2638A4CE04F424CE04F424A6B3
:106C8000009CB4D2408A4200063018C683040066D5
:106C9000FF00009C2CFB06380086F8FF408A260087
:106CA00024CE04F4009C16D3408A1C00063018C67B
:106CB00083040066FF00009C08FB063822CE24CE29
:106CC00010EE860404F404F484F400C2E0FF84F4BB
:106CD0002CA610EEEE0326A610EE8404009C22FBE8
:106CE000408A440018C683040066FF00009CD2FA64
:106CF000009C84FE008A1000608A0C0028A610EE1A
:106D000088042AA610EE8A0422A610EE8604009CAF
:106D10000EFC408A1200009C94D1408A0A0000C0F8
:106D200010EEEE03A0C104F600C010EEEE0300C2A8
:106D3000E0FFA1C104F630C69004A22838C6920430
:106D4000222900C040C2400021164154208AF8FF89
:106D500000C180C2AC0430C69004A22838C6920498
:106D60002229009CAED800C180C2B70400A80066EA
:106D7000FF0030C69004A22838C692042229AC44F1
:106D800020D000C180C2C60400A030C69004A22852
:106D900038C692042229AE4420C800C180C2C8046B
:106DA00000A030C69004A22838C692042229B0441C
:106DB00020C800C180C2CA0400A030C69004A22826
:106DC00038C692042229B24420C800C180C2C4043B
:106DD00000A030C69004A22838C692042229B444E8
:106DE00020C800C180C2C20400A030C69004A228FE
:106DF00038C692042229B64420C850C69C05408457
:106E0000008A240030C69004A22838C692042229A1
:106E1000A046200000C180C27C0501122116415409
:106E2000208AF6FF00C020D004F400F84630663017
:106E3000863406352630009C2200A637063010C660
:106E40003202EE08008601000638228800FAA639D0
:106E50002638063D863C6638463804F60635042852
:106E6000009C30EE408A8E00602830EE9A04009C30
:106E7000C2F80628009CF0F8408A7A005EA620C27C
:106E80002000C8A20268288800C2E2FF008E6600C7
:106E900010C69A0410EEEE03009CCCE5408A560022
:106EA00020282F64F20AE00A204600BC00C1822894
:106EB0001AA610EECC040BAE00661000088800C2C3
:106EC000DCFF008E300010C6CC04009C42D2408A09
:106ED0002400009CD8CF408A1C0010C69A0410EEF3
:106EE000EE03009C34EA408A0C0000C010EEEE0372
:106EF000063DA0C104F6063000C010EEEE030638D1
:106F0000063DA1C104F600F846306630063526304D
:106F1000009C2000A637063010C63202EE0800861C
:106F200001000638228800FAA6392638063D663860
:106F3000463804F606350634863430EE760550EED3
:106F400078050428009C4CED408A540118EE820418
:106F500030EE7A05009C10F8408A440110C67A058C
:106F600010EEEE0378C682046066FF00009CF8E431
:106F7000408A2C0120282F64F20AE00A204600BC37
:106F800000C182280BAE0066FF0018EECC041AA6E2
:106F900010EE86041CA610EE88041EA610EE8A04CD
:106FA000063C063410C6780530C67605009CE4EC35
:106FB000408AEC0058C682044066FF000480208AA4
:106FC000D20050C67A052480208AC80010C67A05EF
:106FD00010EEEE0378C682046066FF00009C88E431
:106FE000608AB8000086E4FF208AB40000C180C235
:106FF000EE04009CAEE0408AA6000084208A2200B5
:1070000000C180C2A20518C6CC040066FF0030C6CD
:10701000860450C68804009CBEDB408A8200008E35
:107020001C00009CEAE518C6CC040066FF0030C6D0
:10703000860450C68804009C44E7408A620010C65B
:107040008A040084008A1400009C1CE4408A5000DA
:1070500010EE8404009CC8F8408A4400863C063C3C
:1070600010C6780530C67605009C28EC408A44009E
:1070700010C67A0510EEEE0378C682046066FF0043
:10708000009C96E8408A2C0000C010EEEE03063DFE
:10709000A0C104F600C2FDFF008E040000C2E3FFA1
:1070A000063000C010EEEE030638863C863C063DF6
:1070B000A1C104F6063000C010EEEE030638063D0E
:1070C000A1C104F600F84630663086340635263015
:1070D00010EEDA0430EEE40750EEE20700C010EEE6
:1070E000E00710C6DA0400660400008A06000A2AD7
:1070F00010EEE0070428009C9AEB408A3C0118EE51
:107100008204602830EE9A04009C28F60628009C31
:1071100056F6408A240110C69A0410EEEE03009C35
:1071200046E3408AE80010EE8404009C7601009C4F
:107130009801408A040110C68404009CC4F6408A69
:10714000F80010C68A040084208AD00010C6880483
:107150000084008ABC0020C200FE2080608ABC003F
:1071600010C6860400860200608AA600009CF80013
:10717000408AC60010C6E607FF987A15408AA60026
:1071800018EED80478C682046066FF000628009CCA
:10719000D6F5408AA400009C6E01408A9C0000C283
:1071A000000210EE120218C6D8040066FF0010EEAE
:1071B000140210EE160210C6E60710EE180210C6F2
:1071C000080220C1A0282EA610EE1A02009CFE0183
:1071D000009C3E02FF983A17408A540020C1A02824
:1071E00060C2260010C6E20738CA60C2280010C676
:1071F000E40738CA10C6DA0400660200088832A61E
:10720000006E200032CE2EA6A0C1008E2E00008E71
:10721000280000C2DDFFA1C1008E200000C2DDFFFA
:10722000A1C1008E160000C2FCFFA1C1008E0C009F
:1072300000C2FBFFA1C1008E0200A1C1063000C048
:1072400010EEEE030638A637063010C63202EE08FE
:10725000008601000638228800FAA6392638063D45
:10726000863C6638463804F6009C36DB10C6860439
:10727000009CECCE408A2A0000C180C200BC009C69
:10728000CAC8408A1C0000C180C200BC10C6880465
:10729000FF98B61A408A0A0010EEE60730EEE807BB
:1072A00004F484F410C684040F64F208E008004675
:1072B00000BC00C1802820C1A0C2A0042BC00112C4
:1072C00021162154208AF6FF04F600C180C2A004D2
:1072D000884400A80066FF0000864300208A220040
:1072E000814400A80066FF0000864F00208A12003B
:1072F000814400A80066FF0000864D00208A02003D
:1073000004F400C2DDFF84F4009C96DA00C200029F
:1073100010EEDC0410C6880410EEDE0410C68604ED
:1073200010EEE00410C6DE040084008A560010C689
:10733000E0040086F8FF408A4C0000860200608A64
:107340004400009C1ACE408A420000C180C200BCAA
:10735000009CF8C7408A3400009C320030C6DC0430
:10736000204030EEDC0430C6DE04205030EEDE0477
:1073700010C6E004009CC0CB408A100010EEE00470
:10738000008EA0FF04F400C2DDFF84F484F410C674
:10739000DE0420C2000202806288022810EEE204AD
:1073A00000C180C200BC38C6D8042066FF00222974
:1073B00030C6DC04A22840284084008A0A0001125A
:1073C00021164154008EF0FF10C6E20404F600C1FD
:1073D00080C2A00420C1A0C2400248C04084008AEC
:1073E0002A0000A80066FF0000862000008A1C001A
:1073F000008641006A8800865B00448800462000C1
:1074000020D08144A1444154008ED0FF00C020D040
:1074100004F618C6D8040066FF002029A0C20001A7
:1074200010C6E0070084008A2200162B802840C284
:107430007F004084008A140001120066FF0000846F
:10744000008A080021164154008EE6FF00C020D0BB
:1074500004F62630863420C3FF00A0C2C27400C1E7
:1074600080C200A020C28000221002142154208A71
:10747000F6FF00C2E1AC10EEFE9F863C263804F613
:1074800000C3FF0080C28E74FF9840051B022A2AA9
:107490002A204B4C49423A206261642063616C6C43
:1074A0002028756E696D706C656D656E74656420FD
:1074B000736C6F7429202A2A2A0A000000C2010175
:1074C00004F4FF90C275FF902876FF907C79FF90BE
:1074D000EA79FF901A7AFF908074FF904239FF900A
:1074E0006867FF908074FF908074FF908074FF90B5
:1074F0008074FF908074FF908074FF908074FF9080
:107500008074FF908074FF908074FF908074FF906F
:107510008074FF908074FF908074FF908074FF905F
:107520008074FF908074FF908074FF908074FF904F
:107530008074FF908074FF908074FF908074FF903F
:107540008074FF905076FF901078FF902E78FF9017
:10755000C078FF906078FF906A76FF908676FF9003
:107560009078FF902877FF90F276FF90A676FF90B4
:107570005077FF905677FF90547AFF90907AFF9063
:107580008074FF90F478FF902079FF90A076FF90B0
:107590002C79FF908074FF908074FF908074FF902E
:1075A0008074FF908074FF908074FF908074FF90CF
:1075B0008074FF908074FF908074FF908074FF90BF
:1075C000BC744028EC0CEE086228EC0EEE0A663023
:1075D000463026300630EA0A0268F808063066A609
:1075E000E4A6EA0A0268F808402862A6E8A6EA0AC1
:1075F0000268F8080440422100002164402866A681
:10760000E8A7EA0E0668F8086428EE0EEC0C0440C1
:10761000EA0A02402028EA0E06380640442100000B
:1076200041642440E84404F6063020C2CDCCFF98E3
:10763000C2750228E208E208E20840282028E00A91
:10764000E008E008E008024026382050042804F64C
:10765000263020C000A80084088821440104008E40
:10766000F2FF0228A0C1263804F606302630008436
:107670000C882028211201162154208AF6FFA0C16F
:107680002638063804F60630463000840A8840283A
:1076900081164154208AF8FFA0C14638063804F606
:1076A00010C6000204F4063240282428EC0AF00A2E
:1076B0002F64FF98E0762428EC0A2F64FF98E07688
:1076C0002428EE0AF00A2F64FF98E07624282F641D
:1076D000FF98E07620C080D004C0A0C1063A04F62E
:1076E0002A84668820463700048C204630008116A4
:1076F00004F60632FF98047720C080D00428A0C189
:10770000063A04F60A847688FF9828762630FF9891
:1077100004772638204630008116414404F600469E
:107720003000011641C004F62630463040C00084C7
:10773000CC8820C22D00811641C0007C0144463017
:10774000FF98F27646380440A0C14638263804F641
:107750006AC0008E020070C04630663086348018E1
:10776000000040C000A800862D00248841C001040C
:10777000463000A800862400248870C0010400C0A0
:1077800040C080A82084008A5E0020863000608A85
:10779000560020863A00488820563000008E30007F
:1077A0007084208A420020864100608A3A00208648
:1077B0004700488820563700008E1400208661005C
:1077C000608A240020866700408A1C0020565700EB
:1077D000663026302628FF98C27526386638024063
:1077E00041C00104008E9AFF663840841688608488
:1077F0000488007C0144282A2A50A0C1863C6638AF
:10780000463804F620C0A1C1863C6638463804F6E6
:1078100026300634863400C0A1128116014420842B
:10782000208AF4FFA0C1863C063C263804F62630A8
:10783000463006348634811221132480288820841F
:107840001088008EF0FF648801C0088C00C2FFFF22
:10785000028C00C00084863C063C4638263804F67C
:10786000263086348018000080A820800A88208472
:1078700012880104008EF0FF082A0A50A0C1863C3D
:10788000263804F600C2FFFFA1C1863C263804F664
:1078900006320084008A200060288112211324808F
:1078A0002A886154208AF2FF00C00E8C648801C0CF
:1078B000088C00C2FFFF028C00C00084063A04F668
:1078C000263046300634863440C080A8208408889C
:1078D00001044144008EF2FFA11281162084068823
:1078E0004144008EF2FF0428A0C1863C063C463885
:1078F000263804F6263010C6FE9F2028F20AE00A39
:10790000E00AE00A02702028EC0AE20A027020284D
:10791000EE0AEA0A027010EEFE9FA0C1263804F6B5
:107920000084228801C010EEFE9F04F42630463009
:1079300030C6320220860100208A34003A2A2066AE
:107940008000008A2A000084008A1C00F008E208F7
:107950000084228801C030C6000250C60002425096
:1079600040804488008EF2FFA0C14638263804F6D5
:1079700000C2FDFFA1C14638263804F64630663005
:107980002084008A580060C00084CA8840C04050EB
:1079900004286174626C2084C88840C04250242846
:1079A000617440C0663070C00040444842806488C2
:1079B0004250016C6154208AEEFF66382428462824
:1079C0004164068840C04050042846284264068826
:1079D00040C042502428A0C16638463804F600C290
:1079E000FDFFA1C16638463804F62084008A2400D1
:1079F0004630663040C070C00040444842806488D1
:107A00004250016C6154208AEEFF2428A0C16638E0
:107A1000463804F600C2FDFF84F44084008A2E003C
:107A20006630463060C22000663040C000402248C8
:107A30004448E2A7468064884650016CE0A7615440
:107A4000E0CF208AE6FF66386638663804F400C264
:107A5000FDFF84F40632FF98667A20C080D00428A7
:107A6000A0C1063A04F620842E880A844A8800467B
:107A70003000011641C004F64AC0FF981A7A463019
:107A8000FF98667A6638604630008117414404F6F4
:107A900020842C8800860004468820C040C004F45E
:107AA00040C20004009810A02084208A2400008690
:107AB0000004408A1C000630042820C2640000989C
:107AC00000A040C20004009810A02028063841C041
:107AD00004F440C20004009810A02084208A2400EE
:107AE00000860004408A1C000630042820C264007E
:107AF000009800A040C20004009810A0202806387A
:107B000042C004F440C20004009810A006300428CB
:107B100020C26400009800A040C20004009810A099
:107B20002028063843C004F42630863420C3FF00E2
:107B3000A0C2927B00C180C200A220C2800022109D
:107B400002142154208AF6FF863C263804F600C32E
:107B5000FF0080C25C7BFF9840051C022A2A2A2075
:107B6000454D554C49423A206261642063616C6C1A
:107B70002028756E696D706C656D656E7465642026
:107B8000736C6F7429202A2A2A0A000000C200019F
:107B900004F4FF90C434FF90F833FF906C34FF90EE
:107BA0002435FF909235FF90F235FF906036FF90BC
:107BB000CE36FF90D837FF905C37FF904E7BFF901A
:107BC0004E7BFF904E7BFF904E7BFF904E7BFF9055
:107BD0004E7BFF904E7BFF904E7BFF904E7BFF9045
:107BE0004E7BFF904E7BFF904E7BFF904E7BFF9035
:107BF0004E7BFF904E7BFF904E7BFF904E7BFF9025
:107C00004E7BFF904E7BFF904E7BFF904E7BFF9014
:107C10004E7BFF904E7BFF904E7BFF904E7BFF9004
:107C20004E7BFF904E7BFF904E7BFF904E7BFF90F4
:107C30004E7BFF904E7BFF904E7BFF904E7BFF90E4
:107C40004E7BFF904E7BFF904E7BFF904E7BFF90D4
:107C50004E7BFF904E7BFF904E7BFF904E7BFF90C4
:107C60004E7BFF904E7BFF904E7BFF904E7BFF90B4
:107C70004E7BFF904E7BFF904E7BFF904E7BFF90A4
:107C80004E7BFF904E7BFF904E7BFF904E7BFF9094
:107C90008C7B60C1E0C2FEFF00C180C000C2FF005B
:107CA00000C800C2C01802CE00C3FF0080C2547DCD
:107CB00040C2365820C3FF00A0C24E7DFF98F81A7C
:107CC000408A100000C3FF0080C2E47CFF9840059A
:107CD000FF90A61900C3FF0080C2FC7CFF984005FE
:107CE000FF90A6194C6F6164696E67206B2F4F532C
:107CF000207368656C6C202E2E2E0A00424F4F5464
:107D0000204641494C3A20636F756C64206E6F7455
:107D1000206275696C64206B6F7368207461736B8B
:107D20000A00466F726D617474696E6720423A2072
:107D30002E2E2E2000004F4B0A004641494C454450
:107D40000A0052414D4449534B20202020006B6FC4
:107D50007368000000920C02524201000100000012
:107D60009AF06488008EFCFF80C20088162B00C049
:107D700020C24E0002142154208AF8FF00C24200A3
:107D8000162B80C2008000D000C080C2028000C8D4
:107D9000009A4245162B80C2525818F0162B80C20A
:107DA0005E5818F0162B80C26A5818F001C006EE13
:107DB0008688009AEA4B009A8249608A1000009AED
:107DC000A04D162B80C2008100C24F001CF0362B44
:107DD000A0C2008120282084008A100020A94086AB
:107DE00020002C8821042154008EEAFF008EC6FF5B
:107DF0002019000020A940841288408620000688AF
:107E00002104008EEEFF40C020D1068C210440C02A
:107E100020D14018000000A80084008A18000086C5
:107E200041006C8800865B0046880046200000D038
:107E30000104008EE0FF4018000000A800866100E9
:107E4000608A520000867B00408A4A00010480A8B4
:107E500020863A00208A3E00010480A82084208ADF
:107E600034006028605620000056610000981CA075
:107E7000408A1400162B80C2008080D100C080C2CE
:107E8000028000C8008E2EFF162B80C28058009AF8
:107E90002A4D008E20FF4018000000A80066FF0059
:107EA000008A1C0000863A00008A06000104008E49
:107EB000E8FF01C006EE048040180000008EA826EE
:107EC000C018000060C2C657162B862800A0008488
:107ED000008AF200162B8028009888A0008406886B
:107EE0006444008EE2FF162B8628824400A00184A1
:107EF000008A4E010284008A560B0384008AD20B4A
:107F00000684008A560B0784008A6A0B0884008A5C
:107F10006A0B0984008A6E0B0B84008A14140C848B
:107F2000008AD0140D84008AD60E0E84008A941024
:107F30000F84008A72161084008A9E161184008AAB
:107F4000AA1B1284008A581D1384008A721F14848D
:107F5000008A0E391584008AE4391684008A8C3A26
:107F60001784008A243B1884008AA43B1984008A61
:107F7000DE3D1A84008A1E201B84008AF2231C84A2
:107F8000008A7C281D84008AF23E1E84008A0C2C04
:107F90001F84008ABE0D00862000008A48250086C6
:107FA0002100008A942500862200008A2C26008663
:107FB0002300008AF62700862400008AEC0D008644
:107FC0002500008A642640180000009880A0010463
:107FD0008018000020A8008406882104008EF4FF89
:107FE00060C0A880248830811888210620A80086D7
:107FF0002000008AECFF00862600268861C000C0B1
:1080000020D000A80066FF000084008A0800010656
:1080100000C2200000D040180000009A2255608A5B
:1080200094FD0086E4FF2C88162B80C27C5818F043
:10803000008E82FD162B80C24835009A2A4D008E94
:1080400074FD162B80C2FA0418F0008E68FD736868
:10805000656C6C3A2020202068656C702020202000
:10806000202020202020202D2074686973206C6936
:1080700073740A2020202020202020202065786989
:108080007420202020202020202020202D206C65FE
:10809000617665207368656C6C0A202020202020A2
:1080A00020202020636C6561722020202020202069
:1080B0002020202D20636C656172207363726565DA
:1080C0006E0A202020202020202020206563686F59
:1080D00020544558542020202020202D20707269E3
:1080E0006E7420544558540A20202020202020203F
:1080F000202068616C742020202020202020202057
:10810000202D2073746F7020746865204350550AC9
:10811000202020202020202020207265626F6F7494
:108120002020202020202020202D207265737461C3
:108130007274207468652073797374656D0A2020E9
:108140002020202020202020423A2020433A2020B6
:108150002E2E2E202020202D207377697463682016
:1081600063757272656E742064726976650A0A734B
:10817000797374656D3A202020696E666F20202027
:1081800020202020202020202D2076657273696F0A
:108190006E202B2073797374656D20737461746520
:1081A0000A20202020202020202020707320202042
:1081B000202020202020202020202D206C69737476
:1081C00020616374697665207461736B730A202083
:1081D00020202020202020207461736B20544944EB
:1081E000202020202020202D2073686F77207461AC
:1081F000736B2064657461696C730A2020202020F1
:1082000020202020206B696C6C20544944202020C1
:10821000202020202D207465726D696E61746520A8
:108220007461736B206279205449440A2020202015
:108230002020202020206667205449442020202030
:1082400020202020202D206272696E6720746173C7
:108250006B2054494420746F20666F726567726F9B
:10826000756E640A0A6D656D6F72793A2020207010
:1082700065656B20412020202020202020202D20FB
:1082800072656164206279746520617420413D5B90
:10829000245D70703A5B245D6F6F6F6F206F72208A
:1082A000413D6F6F6F6F0A2020202020202020206A
:1082B0002064756D702041205B4E5D2020202020C1
:1082C0002D206865782B41534349492064756D70B2
:1082D00020284E2062797465732C20646566617570
:1082E0006C74203634290A0A6469736B733A20204F
:1082F00020206469736B7320202020202020202000
:10830000202D206C69737420686F73742064697306
:108310006B20696D616765730A2020202020202072
:108320002020206D6F756E74204E414D45204420F5
:1083300020202D206D6F756E74204E414D452E4BC3
:108340004F53206F6E206472697665204420284365
:108350002E2E46290A202020202020202020207593
:108360006E6D6F756E7420442020202020202D20FB
:10837000756E6D6F756E7420647269766520440A3F
:10838000202020202020202020206D6B6469736B2A
:10839000204E414D45204E20202D20637265617492
:1083A0006520626C616E6B204E2D736563746F7215
:1083B00020696D6167650A20202020202020202070
:1083C00020726D6469736B204E414D452020202042
:1083D0002D2064656C65746520696D616765202872
:1083E0006D75737420626520756E6D6F756E746542
:1083F00064290A2020202020202020202072656E61
:10840000616D652044204E414D4520202D20726530
:108410006E616D65206D6F756E7465642064726940
:1084200076652044277320686F73742066696C65D5
:108430000A2020202020202020202072656D6F75CA
:108440006E7420442020202020202D2072656C6F27
:10845000616420647269766520442066726F6D20C5
:108460006469736B2028666F722065787465726E1C
:10847000616C206564697473290A20202020202003
:10848000202020206C6F6164204E414D45205B2DE3
:10849000665D202D20636F707920686F7374206C87
:1084A0006F61642F4E414D4520746F206375727269
:1084B000656E742064726976650A0A66696C657314
:1084C0003A20202020766F6C2020202020202020A1
:1084D000202020202D206469736B207573616765EF
:1084E00020286C6162656C2C20746F74616C2C2088
:1084F000757365642C20667265652C20757365251F
:10850000290A202020202020202020206C73205B9E
:10851000706174685D2020202020202D206C6973FC
:1085200074206469726563746F727920286465666B
:1085300061756C74203D2063757272656E742920BC
:108540005B2A3F5D0A20202020202020202020635D
:1085500061742070617468202020202020202D204C
:108560007072696E742066696C6520636F6E7465E5
:108570006E7473205B2A3F5D0A202020202020207B
:108580002020206370205352432044535420202045
:1085900020202D20636F70792066696C6520287219
:1085A0006566757365732069662044535420657849
:1085B0006973747329205B2A3F202D3E2064726901
:1085C00076655D0A20202020202020202020726D4A
:1085D000207061746820202020202020202D20641D
:1085E000656C6574652066696C65205B2A3F5D0A71
:1085F000202020202020202020206D6B6469722004
:108600007061746820202020202D206372656174C1
:1086100065206469726563746F72790A2020202076
:10862000202020202020726D64697220706174689F
:1086300020202020202D2072656D6F766520656DCD
:10864000707479206469726563746F72790A20208E
:1086500020202020202020206364205B706174682B
:108660005D2020202020202D206368616E6765201A
:1086700063757272656E74206469726563746F727B
:108680007920286E6F20617267203D20726F6F74B1
:10869000290A2020202020202020202070776420FC
:1086A00020202020202020202020202D20707269D2
:1086B0006E742063757272656E742064697265638E
:1086C000746F72790A202020202020202020206131
:1086D000737369676E2020202020202020202D2009
:1086E0006C6973742C2073657420284E4D205041A2
:1086F0005448292C206F7220636C65617220284ECB
:108700004D292061206E616D656420766F6C756DFA
:10871000650A202020202020202020206D76205354
:1087200052432044535420202020202D2072656E77
:10873000616D65206F72206D6F76652066696C656E
:10874000205B2A3F202D3E2064726976655D0A20F9
:10875000202020202020202020666F726D61742050
:1087600044205B4C424C5D202D20666F726D61741D
:1087700020647269766520442028422E2E462920E6
:1087800077697468206F7074696F6E616C206C61BA
:1087900062656C0A20202020202020202020727575
:1087A0006E204E414D45205B265D2020202D2072FD
:1087B000756E204E414D455B2E636F6D5D206F726F
:1087C0002061204E414D452E6B73682073637269A2
:1087D00070743B2061207368656C6C0A2020202037
:1087E0002020202020202020202020202020202089
:1087F000202020202020206C61756E636820737714
:1088000069746368657320746F2069742C20262056
:108810006C61756E6368657320696E207468650AA3
:108820002020202020202020202020202020202048
:1088300020202020202020202020206261636B67E0
:10884000726F756E642028796F752073746179205A
:10885000696E206B6F7368290A0A70617468733AD5
:108860002020202072656C617469766520746F2009
:1088700063757272656E74206469723B20737562F1
:108880002F6E616D65203D207375626469723B20B7
:10889000583A203D20647269766520726F6F743B90
:1088A0000A2020202020202020202063702F6D7699
:1088B00020696E746F2061206469726563746F72E1
:1088C00079206B656570732074686520736F7572AD
:1088D0006365206E616D650A202020202020202005
:1088E0002020612062617265204E414D45206F72EB
:1088F00020583A4E414D452072756E73204E414DC1
:10890000455B2E636F6D5D206F72204E414D452E8D
:108910006B7368202D202772756E27206973206F76
:108920007074696F6E616C0A0A7363726970747334
:108930003A20204E414D452E6B73682072756E7340
:1089400020617320612073637269707420286F6ED8
:108950006520636F6D6D616E6420706572206C6957
:108960006E65293B20273B2720636F6D6D656E7414
:10897000730A20202020202020202020616E6420E7
:10898000626C616E6B206C696E657320617265202C
:10899000736B69707065643B205354415254555059
:1089A0002E4B5348206F6E20413A2F423A2F433AC4
:1089B0002072756E7320617420626F6F740A2020BC
:1089C00020202020202020204E414D452E6B736812
:1089D000202D62202020202D2062726965663A20B9
:1089E0006563686F20616E6420636F6D6D616E6496
:1089F000206F7574707574207368617265206F6E76
:108A000065206C696E650A2020202020202020200F
:108A1000206563686F202D62202F202D7620202076
:108A20002D207365742062726965662F6E6F726D9A
:108A3000616C2066726F6D20696E73696465206178
:108A4000207363726970740A000068656C700000BE
:108A5000162B80C2400F18F000C036F040180000FE
:108A6000009880A0010400A80084028818F00AC0C1
:108A700014F0008E40F322F0008E3AF3162B80C2E1
:108A8000460F18F00002162B80C2500F18F000F8A5
:108A9000FF9000006279650A000068616C7465648B
:108AA0002E0A00007265626F6F74696E672E2E2E3B
:108AB0000A006578697400006563686F0000636C84
:108AC0006561720068616C7400007265626F6F743A
:108AD0000000162B80C2461618F040C200084086DF
:108AE0008027408A660200C184280AA6EE08008614
:108AF0000300008A4E02162B80C2821618F000C1B5
:108B000084280EA61EF000C184280EA600866400EC
:108B1000568800C2200014F000C184280EA60A84E2
:108B2000468800C2200014F000C2200014F000C1EA
:108B3000842816A61EF000C2200014F000C184286C
:108B400016A600866400568800C2200014F000C1FA
:108B5000842816A60A84468800C2200014F000C2A9
:108B6000200014F024282046600068C000C182283C
:108B700000A800840A8814F021446154208AECFF84
:108B800060840C8800C2200014F06154208AF4FF35
:108B900000C2200014F000C184280AA6EE08162B9B
:108BA00080C20A17804000A814F000C2200014F010
:108BB00000C2200014F000C1842812A6006608003C
:108BC00000841A8800C184280EA630C638020280AC
:108BD000268800C22A000A8C00C27300048C00C2DE
:108BE0002D0014F000C2200014F000C2200014F088
:108BF00000C184280EA630C636022084008A2E00CA
:108C00000280208A280000C24D0014F000C1842890
:108C100020C2240008A2EE080046300014F000C272
:108C2000200014F000C2200014F0008E180000C2D2
:108C30002D0014F000C2200014F000C2200014F037
:108C400000C2200014F000C1842802A6EE086028AB
:108C500004A6EE080084008A4A000630362BA0C223
:108C6000508100C22400009AA04C0628009A5C4C57
:108C700006380284608A2000063000C22D00009A67
:108C8000A04C063806400154009A5C4C00C0009A83
:108C9000A04C62C0008E220000C0009AA04C65C0AB
:108CA000008E1600362BA0C2508100C22D00009A03
:108CB000A04C00C0009AA04C67C0162B80C2508107
:108CC00018F060840C8800C2200014F06154008EFB
:108CD000F0FF463000C184280EA658F04630022826
:108CE0001EF027C0205020840C8800C2200014F001
:108CF0002154008EF0FF06381EF027C0205020843B
:108D00000C8800C2200014F02154008EF0FF463879
:108D100000C184281EA620C2220088A2162B80C271
:108D2000508146300098B4A0463820C25081162B9E
:108D3000822800A80084088814F02144008EEEFFE9
:108D40000AC014F040468000008E92FD009AE04F69
:108D5000008E62F040180000009880A0010400A876
:108D60000086200026880104008EF2FF0084008A1D
:108D700012000098ACA0408A160040F0408A1C0007
:108D8000008E32F0162B80C2861618F0008E26F068
:108D9000162B80C2A01618F0008E1AF0162B80C277
:108DA000C616009A2A4D008E0CF04018000000985C
:108DB00080A0010400A80086200026880104008EFF
:108DC000F2FF0084008A12000098ACA0408A1600CE
:108DD00098F0408A1C00008EDCEF162B80C2CC1667
:108DE00018F0008ED0EF162B80C2E21618F0008E1D
:108DF000C4EF162B80C20617009A2A4D008EB6EFDC
:108E0000162B80C20C1618F0009ADA46162B80C278
:108E1000524718F0009A0047162B80C2241618F00B
:108E2000009A1047162B80C2441618F00AC014F09E
:108E3000162B80C2181618F0162B80C25E5818F038
:108E4000162B80C2321618F0162B80C2B24818F0CA
:108E5000162B80C2441618F00AC014F0162B80C2DC
:108E6000C64718F010C61C02EE08008601000888EC
:108E7000162B80C2EC47068C162B80C2D24718F006
:108E8000162B80C2004818F0162B80C2224818F01A
:108E900010C62C021EF0162B80C2384818F010C6DF
:108EA0002A021EF0162B80C2484818F0162B80C2EA
:108EB000544818F040C2800860C040868027408A2D
:108EC000180000C184280AA6EE0800860300228844
:108ED000614440468000008EE0FF06281EF0162BFD
:108EE00080C2604818F010C63002EE08005602003A
:108EF00001441EF0162B80C26A4818F010C63002DA
:108F0000EE08009AA046162B80C27E4818F0162B59
:108F100080C2824818F040C2800860C04086802726
:108F2000408A180000C184280AA6EE0800860300C3
:108F30000288614440468000008EE0FF06281EF053
:108F4000162B80C28E4818F010C63002EE0800566C
:108F5000020001441EF0162B80C2944818F0162B14
:108F600080C2101718F010C6000230C60202063088
:108F70002630162B80C250810098B4A0162B80C2D8
:108F8000508118F000C2200014F000C2280014F034
:108F9000263806385EC0009810A0162B80C250817B
:108FA0000098B4A0162B80C2508118F000C2730044
:108FB00014F000C2290014F00AC014F0009AE04F27
:108FC000008EF2ED40180000009880A0010400A877
:108FD00000842C88162B80C21C1718F0008ED6ED4A
:108FE00000A80086200026880104008EF2FF009869
:108FF000ACA0408A5E0100863F00408A56014028AE
:1090000060C2000840840A88604680004154008E97
:10901000F2FF66EE008800C186280AA6EE080086E8
:1090200003002C88162B80C23E1718F0008E86EDA8
:10903000162B80C2521718F000C106C6008880287F
:109040000EA61EF0162B80C2601718F0162B80C2D9
:10905000621718F000C106C6008880280AA6EE082C
:10906000162B80C20A17804000A814F00AC014F022
:10907000162B80C2701718F000C106C60088802821
:1090800002A6EE08362BA0C25081402800C2240060
:10909000009AA04C0428009A5C4C0AC0009AA04C8C
:1090A00000C0009AA04C162B80C2508118F0162BDD
:1090B00080C27E1718F000C106C60088802800A66E
:1090C000362BA0C25081402800C22400009AA04C38
:1090D0000428009A8C4C0AC0009AA04C00C0009A48
:1090E000A04C162B80C2508118F0162B80C28C1712
:1090F00018F000C106C60088802816A61EF00AC017
:1091000014F0162B80C29A1718F000C106C600880A
:1091100080281CA61EF00AC014F0162B80C2A817C7
:1091200018F000C106C6008880281EA61EF00AC0DE
:1091300014F0162B80C2B61718F006C60088004639
:10914000600000C1802818F00AC014F0009AE04FB7
:10915000008E62EC162B80C21C1718F0008E56ECA5
:109160006B2F4F533A202020202076005368656CE7
:109170006C3A202020200000202020202842756901
:109180006C743A200000202020202020202020285D
:109190004275696C743A200029002020544944200B
:1091A00050544944204E414D452020202020535406
:1091B000204647204746582050414745532020200D
:1091C000424C4F434B53204259544553202054495D
:1091D000434B530A0000202000006B696C6C3A205E
:1091E00075736167653A206B696C6C203C746964C7
:1091F0003E0A00006B696C6C3A206261642054493D
:109200004420286E65656420646563696D616C2027
:109210006E756D626572290A00006B696C6C3A00AC
:1092200066673A2075736167653A206667203C740B
:1092300069643E0A000066673A206261642054490E
:109240004420286E65656420646563696D616C20E7
:109250006E756D626572290A000066673A005242B7
:10926000445557535469636B733A20202020000003
:1092700075736167653A207461736B2054494420AB
:109280002028646563696D616C20302E2E3632298A
:109290000A00202028736C6F7420697320756E7526
:1092A000736564290A0020207461736B2049443A75
:1092B000202000000A00202073746174653A202089
:1092C000202000002020706167653A2020202020A7
:1092D00000002020736176656420783A2020000029
:1092E0002020706172656E743A20202000002020DA
:1092F0007969656C64733A20202000002020707228
:1093000065656D7074733A20000020206E616D6594
:109310003A2020202020000070730000696E666FE4
:1093200000007461736B00006B696C6C0000666711
:10933000000040180000009880A0010400A80084EC
:109340002C88162B80C2F61918F0008E68EA762A4F
:10935000009AA44C408A900040286228042986285C
:1093600000A82028362BA0C2508100C22400009AF9
:10937000A04C0428009A5C4C00C23A00009AA04C11
:109380000628009A8C4C00C22000009AA04C009A3B
:10939000A04C0228009A5C4C00C22000009AA04C0D
:1093A000009AA04C00C22700009AA04C0228008618
:1093B0002000688800867F004288048C00C22E004E
:1093C000009AA04C00C22700009AA04C0AC0009A44
:1093D000A04C00C0009AA04C162B80C2508118F0FF
:1093E000009AE04F008ECEE9162B80C2F61918F0D5
:1093F000008EC2E940180000009880A0010400A877
:1094000000842C88162B80C2241A18F0008EA6E93E
:10941000762A009AA44C408A240106EE008826EEA3
:1094200002888018000020A80086200026882104D9
:10943000008EF2FF00841888201800000098B0A069
:10944000408A0C0000860010648800C20010048C62
:1094500000C2400006EE048806C604880084008A24
:10946000D40006C60088002906C602888028362B4C
:10947000A0C2B08170C0011221166154208AF6FF8B
:10948000362BA0C2508100C22400009AA04C06C610
:109490000088EE08009A5C4C00C23A00009AA04C8A
:1094A00006C60288009A8C4C00C22000009AA04C8C
:1094B000009AA04C60C0162B80C2B081864000A8E4
:1094C000009A5C4C00C22000009AA04C6144708459
:1094D000608AE2FF00C22000009AA04C60C0162BF8
:1094E00080C2B081864000A800862000688800867F
:1094F0007F004288048C00C22E00009AA04C614478
:109500007084608AD8FF0AC0009AA04C00C0009AFC
:10951000A04C162B80C2508118F006C60288104459
:1095200006EE028806C6048810846A88105406EE87
:109530000488008E22FF009AE04F008E78E8162BF8
:1095400080C2241A18F0008E6CE875736167653A62
:10955000207065656B205B245D70703A5B245D6FE5
:109560006F6F6F20206F7220207065656B205B2409
:109570005D6F6F6F6F0A000075736167653A2064F5
:10958000756D70205B245D70703A5B245D6F6F6F4A
:109590006F205B6C656E6774685D0A007065656B53
:1095A000000064756D700000162B80C20C3318F03B
:1095B00000C006EE368806C6368800860600528849
:1095C000009A003B06C63688014406EE3688008EB7
:1095D000E4FF009AE04F008EDCE74018000000989E
:1095E00080A00104009A7C54408A60012018000089
:1095F000082A06EE228800A80084008A4E0120C2B4
:10960000FFFF00A80066FF0000840E8800862F0080
:109610002288282A0104008EE8FF2086FFFF0888A0
:1096200042284144008E340006C622888028162B2A
:1096300000A80066FF00009ADA1E408A1A000104A2
:1096400000A80066FF0000863A00208A0A0046C68D
:1096500022884244008E040046C6228846EE1E88B8
:109660008428162B00A80066FF000084008A9A0058
:1096700000862A00008A0E0000863F00008A06004D
:109680000104008EDEFF06C61E8806EE32882086A4
:10969000FFFF008A140006C622888028162B009A35
:1096A000061F408A8600008EC60006C622888028D3
:1096B000162B00A80066FF00009ADA1E408A2E00D2
:1096C000010400A80066FF0000863A00208A1E0000
:1096D00006C622888028162B00A8009AEA50005659
:1096E0004100402800C006EE2088008E8200162B24
:1096F00080C2008000A800564100402880C202803D
:1097000000A006EE2088008E6600162B80C2E8338B
:1097100086EE328806C622888028162B20C2FFFFDC
:10972000009A061F408A0400008E44000086DCFF79
:109730002C88162B80C2A43318F0008E78E6162BE6
:1097400080C2BA33009A2A4D008E6AE6162B80C278
:10975000008000A8005641004028162B80C20280DD
:1097600000A006EE2088162B80C2E83386EE3288F1
:1097700046EE1C88162B80C2508100C220000116C4
:10978000011606C61C8826C620888EF0408A160060
:10979000162B80C25081009880A00AC0011600C01C
:1097A00000D0008E3A00362BA0C2508100C22000AB
:1097B000009AA04C009AA04C06C61C8800464100A6
:1097C000009AA04C00C23A00009AA04C00C22F00A0
:1097D000009AA04C0AC0009AA04C00C0009AA04C6D
:1097E000162B80C24A3318F0162B80C25081824457
:1097F000009A7A4E00C006EE148806EE308806EE17
:10980000168806EE188860C066EE1E8806C61C889C
:1098100026C61E8846C62088162B80C2728780F016
:10982000408A100100C27287009A725206EE348894
:10983000402820C2728706C63288009A9052408A19
:10984000E400362BA0C2508100C22000009AA04C38
:1098500000C22000009AA04C162B06C6348880282F
:1098600040C22000009ACC3A00C22000009AA04CCE
:10987000009AA04C162B80C2828700A180C28487E8
:1098800080A1162B80C27E8700A800661000008A87
:109890004A0000C22000009AA04C009AA04C009AF6
:1098A000A04C009AA04C00C23C00009AA04C00C200
:1098B0004400009AA04C00C24900009AA04C00C28B
:1098C0005200009AA04C00C23E00009AA04C06C66E
:1098D0003088014406EE3088008E280006C61488C1
:1098E000014406EE148806C6168826C61888044069
:1098F000264806EE168826EE18880428262849C031
:10990000009A44500AC0009AA04C00C0009AA04C93
:10991000162B80C2508118F006C61E88014406EE40
:109920001E88008EE6FE06C61E88014406EE1E88CE
:10993000008ED8FE362BA0C2508100C22000009AB3
:10994000A04C009AA04C06C6148843C0009A5A3A0C
:1099500006C614880184208A0A00162B80C2C633EA
:10996000008E0600162B80C2CC3346C0009A983A6F
:1099700006C6168826C6188849C0009A445000C2F8
:109980002000009AA04C162B80C2DC33009A843A47
:1099900000C0009AA04C162B80C2508118F0362BC4
:1099A000A0C2508100C22000009AA04C009AA04C96
:1099B00006C6308843C0009A5A3A06C630880184E9
:1099C000208A0A00162B80C2D233008E0600162B86
:1099D00080C2D63346C0009A983A06C61C8888F0E2
:1099E000408A22002428009800A049C0009A4450D0
:1099F00000C22000009AA04C162B80C2E233009ACD
:109A0000843A008E06000AC0009AA04C00C0009A5A
:109A1000A04C162B80C2508118F0009AE04F008EA7
:109A200094E3162B80C26E3318F0008E88E3263044
:109A300020282066FF0020864100788820865B0071
:109A40006C88208661006C8820867B0046882638DA
:109A5000A0C104F62638A1C104F6482A46EE24889F
:109A600026EE26882086FFFF0E88A228362B20A906
:109A700046EE288840C020D106C624888028162BB0
:109A8000362BA0C2008020A800564100A0C2028050
:109A9000A0A08CF006EE2A8826EE2C8846EE2E88B2
:109AA000408A2600009A821F46C62E884066100013
:109AB000108846C62A8806C62C8806EE2088A0C1D3
:109AC00004F600C2DCFFA1C104F6009A821F06C69C
:109AD0002A88A1C104F626C626882086FFFF0A88A8
:109AE000A228362B06C6288820D004F6401800008D
:109AF000009880A00104009A7C54408A44012018F8
:109B0000000000A80084008A380180180000009A34
:109B10009E5120180000608A2C00362BA0C20080C5
:109B200020A940564100A0C20280A0A0009AFA20BD
:109B3000408A0400008E7EE2162B80C22034009AF8
:109B40002A4D008E70E2009AC451408AC20006EE8F
:109B5000688826EE76884028F20CE00CE00C40463F
:109B6000600200C1842880460E0000A10428F2088B
:109B7000E00806EE7488E0500E2A06EE708806C6ED
:109B80006888009AD852408AA6000084008A8E0015
:109B900006EE6C8800C006EE6A8806C66A8826C68D
:109BA0006C880280408A5A00009ACA52362BA0C2A2
:109BB000D081162B862820C25000009AEA4F408A96
:109BC0001600162B80C2D08126C6768846C66888C5
:109BD000009AFA20608A1C000630162B80C2D081C1
:109BE00018F000C2200014F00638162B80C2203472
:109BF000009A2A4D06C66A88014406EE6A88008EDD
:109C000098FF06C67488E040009AE04F008EA6E1F7
:109C1000162B80C29C37009A2A4D008E98E106C60A
:109C20007488E040162B80C2FE3618F0008E86E164
:109C300006C67488E040162B80C20A3718F0008EE2
:109C400074E1162B80C2EA3318F0008E68E101C07F
:109C500078F0408A46004028042820C20002162BD3
:109C600080C270827CF0408A26000084008A18003E
:109C7000162B80C27082804020C080D0162B80C2FC
:109C8000708218F0008ED0FF04287AF0A0C104F68C
:109C9000602804287AF00628A1C104F6A1C104F6C0
:109CA00040180000009880A0010400A80086200051
:109CB00026880104008EF2FF0084008ADC01008601
:109CC00061006A880086670044880056200000868C
:109CD0004100008AD00100864200608AC8010086E7
:109CE0004700408AC001005641004028010400A8F6
:109CF00000863A002288010400A8008620002688F9
:109D00000104008EF2FF0084008A7C00362BA0C282
:109D100006352BC02084008A600000A80084008AD9
:109D2000460000862000008A3E00008661006A88A6
:109D300000867B0044880056200000865F001E8855
:109D400000863000608A460100863A0070880086EE
:109D50004100608A380100865B00408A300121168C
:109D600001042154008EACFF2084008A0C0000C244
:109D7000200021162154008EEEFF362BA0C218358C
:109D800001C020D0008E9C00362BA0C2183500C028
:109D900020D040860100008A4A0046300428005640
:109DA0000200162B80C20635009818A24638408A59
:109DB0003200362BA0C2063520C02B844E8820A846
:109DC00000840C8821042144008EEEFF008E540094
:109DD0002B844C8800C2200021162144008EF0FF05
:109DE000008E4000362BA0C2063500C25500211659
:109DF00000C25300211600C24500211600C25200C5
:109E0000211600C24400211600C24100211600C2E2
:109E10005400211600C24100211600C22000211664
:109E2000211620D00428162B80C2063582F0408AE5
:109E30008000362BA0C2183520A80084008A32008A
:109E4000362BA0C210352BC020A800862000288801
:109E5000A1542154208AF0FF210400C020D00428FE
:109E600000560200162B80C20635009814A2408AC4
:109E70001000162B80C2023518F0009AE04F008EB9
:109E800034DF162B80C2CE3418F0008E28DF162B5C
:109E900080C2923418F0008E1CDF162B80C236343C
:109EA00018F0008E10DF162B80C2623418F0008E7E
:109EB00004DF162B80C2BE34009A2A4D008EF6DED7
:109EC00040180000009880A0010400A8008620002F
:109ED00026880104008EF2FF0084008AAC0060C076
:109EE000A82A302B20A94084008A06002104008E75
:109EF000F2FFA88026883081008A3800210620A938
:109F000040862000008AEAFF40862600208A24003E
:109F100040C020D161C0A88026883081008A14000A
:109F2000210620A940862000208A080040C020D1B8
:109F3000008EE2FF00A80066FF0000862200208A53
:109F4000320001048018000020A80066FF00008491
:109F5000008A06002104008EEEFFA880008A14000B
:109F6000210620A80066FF0000862200208A040047
:109F700000C020D0009A2255608A0A00162B80C2A9
:109F80004835009A2A4D008E2CDE162B80C21A35D9
:109F900018F0008E20DE40180000009880A0010418
:109FA000009A7C54408A86020A2A06EE4088009A6B
:109FB0007C54408A78020A2A06EE4288162B06C68E
:109FC00040888028009A9E51608A5E00009AB253B1
:109FD000009ACE53408A1400009AF226408A0C0060
:109FE000162B80C2183618F0008ECADD008601805C
:109FF000008A460200860280008A160000860480DD
:10A00000008A1A00162B80C20836009A2A4D008E4C
:10A01000A4DD162B80C2E03518F0008E98DD162BDB
:10A0200080C2F83518F0008E8CDD162B06C64288EB
:10A030008028009A9E51608A9001009AB25306C609
:10A04000428806EE4688162B802806C64C8826C60F
:10A050004A888CF0408A7E0140661000008A8401A4
:10A06000162B06C640888028009AC451408A800179
:10A0700006EE688826EE76880A2A06EE728806C6FC
:10A080007888162B8028362BA0C2D081042820C2C5
:10A090005000009A1250408A64010A2A06EE7C8819
:10A0A00026EE7E8846C66888F20CE00CE00C40463E
:10A0B000600200C1842880460E0000A10428F20836
:10A0C000E00806EE7488E0500E2A06EE708806C698
:10A0D0007288362BA02806C66888009AD852408A13
:10A0E0003A010084008A220106EE6C8800C006EE68
:10A0F0006A8806C66A8826C66C880280408AC000C4
:10A10000009ACA5266EE488806C64888162B8028F0
:10A1100006C67C88362BA02826C67E88009AEA4F81
:10A12000408A4A0000C2D08106EE408806C64688B2
:10A1300006EE4288009ACE53408A3200009AF226F8
:10A14000408A2A00162B80C2D08118F0162B80C2BC
:10A15000B23718F0162B80C2208218F00AC014F013
:10A1600006C66A88014406EE6A88008E84FF60286D
:10A1700006C67488E04006280630162B80C2D081BF
:10A1800018F000C2200014F0063800860280008A11
:10A19000160000860180008A1A00162B80C208363D
:10A1A000009A2A4D008E0EDC162B80C2E03518F086
:10A1B000008E02DC162B80C2B63518F0008EF6DB5E
:10A1C00006C67488E040008EECDB162B80C2363762
:10A1D00018F0008EE0DB162B80C27C37009A2A4DE7
:10A1E000008ED2DB162B80C25C3718F0008EC6DBE7
:10A1F000162B80C29C37009A2A4D008EB8DB162B96
:10A2000080C2F83518F0008EACDB06C67488E040DA
:10A21000162B80C2FE3618F0008E9ADB06C67488B4
:10A22000E040162B80C20A3718F0008E88DB162B10
:10A2300080C2763518F0008E7CDB162B80C2B635D6
:10A2400018F0008E70DB162B06C640888028362B4F
:10A2500006C64288A0280112A112008661006A8801
:10A2600000867B00448800562000208661006A88B2
:10A2700020867B004488205620000280328800849B
:10A28000008A0400008ECEFF00C20180A1C104F646
:10A29000162B06C64088802801C026C64A8846C6B6
:10A2A0004C8878F0408A8E0006EE3C88162B06C655
:10A2B0004288802801C026C64A8846C64C8878F065
:10A2C00050887AF006C63C887AF000C20280A1C1AC
:10A2D00004F6162B06C6428880280EC026C64A8879
:10A2E00046C64C8878F0408A500006EE3E8806C686
:10A2F0003C8820C20002162B80C272857CF0408A06
:10A3000046000084008A1E00602806C63E88262873
:10A31000162B80C272857EF0408A2C000680208A2F
:10A320003A00008EC8FF06C63E887AF006C63C8812
:10A330007AF0A0C104F6A1C104F6402806C63C8804
:10A340007AF00428A1C104F6402806C63C887AF0B9
:10A3500006C63E887AF00428A1C104F6402806C645
:10A360003C887AF006C63E887AF00428A1C104F63B
:10A3700040180000009880A00104009A7C54408A94
:10A3800046012018000080180000009A9E512018F5
:10A390000000608A2600362BA0C2008020A940560B
:10A3A0004100A0C20280A0A0009A8E29408A240108
:10A3B000162B80C2023518F0008EFAD9009AC451CB
:10A3C000408AD20006EE688826EE76884028F20C95
:10A3D000E00CE00C4046600200C1842880460E007C
:10A3E00000A10428F208E00806EE7488E0500E2A66
:10A3F00006EE708806C66888009AD852408AB60071
:10A400000084008A9E0006EE6C8800C006EE6A8812
:10A4100006C66A8826C66C880280408A6E00009A4A
:10A42000CA52362BA0C2D081162B862820C25000DB
:10A43000009AEA4F408A1600162B80C2D08126C6A9
:10A44000768846C66888009A8E29608A2000063081
:10A45000162B80C2D08118F000C2200014F00638FC
:10A46000162B80C25036009A2A4D008E1000162BF3
:10A4700080C2D08118F0162B80C22C3718F006C687
:10A480006A88014406EE6A88008E84FF06C67488D6
:10A49000E040008E20D9162B80C29C37009A2A4DAE
:10A4A000008E12D906C67488E040162B80C2FE3694
:10A4B00018F0008E00D906C67488E040162B80C2C2
:10A4C0000A3718F0008EEED8162B80C21C3618F012
:10A4D000008EE2D8162B80C25036009A2A4D008E8C
:10A4E000D4D884F004F640180000009880A001043D
:10A4F000009A7C54408A280020180000362BA0C205
:10A50000008020A800564100A0C20280A0A08AF0CE
:10A51000408A1800162B80C2023518F0008E96D89B
:10A52000162B80C25C3618F0008E8AD8162B80C29B
:10A530008836009A2A4D008E7CD84018000000987A
:10A5400080A00104009A7C54408A0E00201800006C
:10A5500000C006EE0480008E0E0000C0362BA0C2A4
:10A56000028020C8008E4ED8362BA0C2008020A8C2
:10A5700000564100A0C20280A0A08CF0408A3600A4
:10A58000642860661000008A160000464100362BE1
:10A59000A0C2008020D0A0C20280A0C8008E16D821
:10A5A00006C604800084208A16D9162B80C29636EF
:10A5B00018F0008E00D8602806C604800084008A47
:10A5C00008006086E4FF008AF6D80628162B80C2B1
:10A5D000AC36009A2A4D008EDCD7362BA0C2008004
:10A5E00020A800564100A0C20280A0A0162B80C265
:10A5F00050818EF0408A2400162B80C25081009832
:10A6000080A00AC0011600C000D0162B80C2508165
:10A61000009A7A4E009AE04F008E9AD7162B80C28D
:10A62000B836009A2A4D008E8CD74018000000984A
:10A6300080A00104009A7C54408A86000A2A06EE13
:10A640000888009A7C54408A440020180000362B69
:10A65000A0C2008020A800564100A0C20280A0A095
:10A660008CF0408A4E00642860661000008A40002A
:10A6700066C608888628162B40C060C09CF0408AB9
:10A680003200162B80C2123A18F0008E28D706C668
:10A6900008888028162B00C020C040C061C09CF0F4
:10A6A000408A1000162B80C2123A18F0008E06D78E
:10A6B00000C2DCFF162B80C2163A009A2A4D008E8B
:10A6C000F4D660C066EE0A880628F2080046CE0579
:10A6D000802800C180A82066FF00008AB800162BE1
:10A6E00080C24A3318F066C60A880628F208004677
:10A6F000CE05802800C118F0162B80C2DC4F18F060
:10A7000066C60A880628F2080046CE05802800C1E1
:10A7100040C001120066FF00008A080041444B84DB
:10A72000608AEEFF162B80C2F839844018F0162B91
:10A7300080C2F43918F066C60A880628F208004676
:10A74000CE05802800C10DAE00660400208A3200CC
:10A750000CAE0066FF008EA6162B80C250818EF0D4
:10A76000408A2A00162B80C25081009880A00AC01F
:10A77000011600C000D0162B80C2508118F0008E48
:10A780001400162B80C2063A18F0008E0800162B13
:10A7900080C2263A18F066C60A88614460862000A6
:10A7A000608A20FF009AE04F008E0AD64018000011
:10A7B000009880A00104009A7C54408A2800201848
:10A7C0000000362BA0C2008020A800564100A0C285
:10A7D0000280A0A090F0408A1800162B80C202359B
:10A7E00018F0008ED0D5162B80C2C43618F0008E1B
:10A7F000C4D5162B80C2F036009A2A4D008EB6D5ED
:10A8000040180000009880A00104009A7C54408AFF
:10A8100010030A2A06EE4088009A7C54408A0203FC
:10A820000A2A06EE4288162B06C640888028009A1F
:10A830009E51608A9800009AB253009ACE53408A83
:10A840001400009ADA2F408A0C00162B80C20235C1
:10A8500018F0008E60D500860380008A40000086D4
:10A860000180008A500000860280008A3C00008639
:10A870000480008A4C0000860580008A0E00162B9A
:10A8800080C2FA37009A2A4D008E2AD506C64E8815
:10A89000162B80C21E38009A2A4D008E18D5162B12
:10A8A00080C23C3818F0008E0CD5162B80C20638BA
:10A8B00018F0008E00D5162B80C2B63518F0008E29
:10A8C000F4D4162B80C2F83518F0008EE8D4162B7D
:10A8D00006C642888028009A9E51608AE001009A4C
:10A8E000B25306C6428806EE4688162B802806C656
:10A8F0004C8826C64A888CF0408ACE0140661000FB
:10A90000008AD401162B06C640888028009AC451BC
:10A91000408AD00106EE688826EE76880A2A06EE7E
:10A92000728806C67888162B8028362BA0C2D08164
:10A93000042820C25000009A1250408AB4010A2A0A
:10A9400006EE7C8826EE7E8846C66888F20CE00C0F
:10A95000E00C4046600200C1842880460E0000A141
:10A960000428F208E00806EE7488E0500E2A06EE8D
:10A97000708806C67288362BA02806C66888009A9A
:10A98000D852408A8A010084008A720106EE6C88DF
:10A9900000C006EE6A8806C66A8826C66C880280F1
:10A9A000408A1001009ACA5266EE488806C6488856
:10A9B000162B802806C67C88362BA02826C67E88C3
:10A9C000009AEA4F408A800000C2D08106EE40889B
:10A9D00006C6468806EE4288009ACE53408A680032
:10A9E000009ADA2F408A2A00162B80C2D08118F0F4
:10A9F000162B80C2B23718F0162B80C2208218F0B6
:10AA00000AC014F006C66A88014406EE6A88008E01
:10AA100084FF00860380208A2E00162B80C2D081FE
:10AA200018F0162B80C2B23718F0162B80C2208285
:10AA300018F0162B80C2663818F006C66A880144E2
:10AA400006EE6A88008E4EFF602806C67488E040D5
:10AA500006280630162B80C2D08118F000C22000D4
:10AA600014F0063800860280008A300000860180DB
:10AA7000008A340000860580008A0E00162B80C2F2
:10AA8000FA37009A2A4D008E2CD306C64E88162B14
:10AA900080C21E38009A2A4D008E1AD3162B80C20F
:10AAA000063818F0008E0ED3162B80C2B63518F07B
:10AAB000008E02D306C67488E040008EF8D2162BB2
:10AAC00080C2363718F0008EECD2162B80C27C374D
:10AAD000009A2A4D008EDED2162B80C25C3718F009
:10AAE000008ED2D2162B80C29C37009A2A4D008E3F
:10AAF000C4D2162B80C2F83518F0008EB8D206C624
:10AB00007488E040162B80C2FE3618F0008EA6D264
:10AB100006C67488E040162B80C20A3718F0008EF3
:10AB200094D2162B80C2B83718F0008E88D2162B1C
:10AB300006C640888028362B06C64288A02826C62E
:10AB40004A8846C64C8886F0608A0C000086FDFF65
:10AB5000008A0800A1C104F6A0C104F6009AF226FA
:10AB6000408A1A00162B06C64088802826C64A88C6
:10AB700046C64C8884F0408A0800A0C104F6A1C1F2
:10AB800004F60086E2FF288800C20380A1C104F613
:10AB900006EE4E8800C20580A1C104F610C61C0254
:10ABA000EE0800860100008A0CD2401800000098D0
:10ABB00080A0010440C046EE5488009A7C54408A2C
:10ABC000D2010A2A06EE50884028362BA02820A859
:10ABD0000084008A1000210400862F00208AEEFFE6
:10ABE0004A2A008EE8FF46EE528800A80084008AB8
:10ABF0002800008620001C8800862D00368801046D
:10AC000000A800866600068800864600268801C0E7
:10AC100006EE54880104008ED0FF162B06C650881D
:10AC2000802800981CA2408A760106EE588826EEFD
:10AC30005A88162B06C65288802806C65488008477
:10AC4000208A2A00362BA0C2008020A9405641004D
:10AC5000A0C20280A0A001C078F052887AF0162B22
:10AC600080C2C23818F0009820A2008E48D1162B5E
:10AC700006C652888028362BA0C2008020A94056E4
:10AC80004100A0C20280A0A00EC078F0408A1E0140
:10AC900006EE568800C006EE5C8806EE5E88162B2F
:10ACA00080C2728500C20002009824A2408A14016A
:10ACB0000084008A3200602806C656882628162B93
:10ACC00080C272857EF0408A16010680208A7A0151
:10ACD00026C65C88204026EE5C8826C65E88204C0E
:10ACE00026EE5E88008EB6FF06C656887AF000987B
:10ACF00020A206C65C8826C658880280208A4600A4
:10AD000006C65E8826C65A880280208A3800362BFE
:10AD1000A0C25081162B80C26A39009A843A06C6B6
:10AD20005C8826C65E88009A483A162B80C2923903
:10AD3000009A843A00C0009AA04C162B80C2508121
:10AD400018F0008E70D0362BA0C25081162B80C216
:10AD50007239009A843A06C65C8826C65E88009AD4
:10AD6000483A162B80C28C39009A843A06C6588815
:10AD700026C65A88009A483A162B80C29239009A01
:10AD8000843A00C0009AA04C162B80C2508118F063
:10AD9000008E22D0162B80C28A3818F0008E16D072
:10ADA000162B80C2F238009A2A4D008E08D06028F7
:10ADB000009820A20628162B80C20E39009A2A4D30
:10ADC000008EF2CF602806C656887AF0009820A23E
:10ADD0000628162B80C22E39009A2A4D008ED6CF17
:10ADE00006EE608806C65C88024006EE5C8806C6F1
:10ADF0005E88004C06EE5E8806C656887AF000989B
:10AE000020A2362BA0C25081162B80C29A39009AFC
:10AE1000843A06C65C8826C65E8840C0009A4450C4
:10AE2000162B80C2A839009A843A00C0009AA04C20
:10AE3000162B80C2508118F006C66088162B80C27F
:10AE40004439009A2A4D008E6CCF06C656887AF097
:10AE5000009820A2162B80C2563918F0008E56CFCB
:10AE6000447269766520204C6162656C2020202048
:10AE70002020204E616D652020202020202020549D
:10AE80006F74616C20202020205573656420202081
:10AE900020204672656520557365250A0000202034
:10AEA0000000286E6F74206D6F756E7465642900E4
:10AEB00028756E666F726D61747465643A20000067
:10AEC000290075736167653A206C73205B7061744B
:10AED000685D5B7061747465726E5D2020652E67BD
:10AEE0002E206C7320206C7320464F4F20206C73F3
:10AEF000202A2E434F4D0A006C733A206E6F742047
:10AF000061206469726563746F72790A00006C7302
:10AF10003A206661696C6564000066696C650000D2
:10AF200066696C657300646972006469727300001D
:10AF3000757365640A00667265650A002A00757398
:10AF40006167653A20636174203C706174683E20DB
:10AF5000202020652E672E2063617420423A4E4FD8
:10AF60005445532E5458542020636174202A2E5483
:10AF700058540A006361743A2063616E6E6F7420E6
:10AF80006F70656E2066696C650075736167653A00
:10AF900020666F726D6174203C64726976653E2034
:10AFA0005B6C6162656C5D20202064726976653D32
:10AFB000422E2E460A00666F726D61743A206261FD
:10AFC000642064726976652028422E2E46206F6EBA
:10AFD0006C793B20413A20697320726561642D6F62
:10AFE0006E6C79290A00666F726D61743A20626135
:10AFF00064206C6162656C202875736520412E2E7B
:10B000005A2C20302E2E392C205F206F6E6C79291F
:10B010000A00666F726D61743A206661696C6564DE
:10B020000000666F726D61743A204F4B2028776183
:10B03000726E696E673A20686F73742066696C651A
:10B040006E616D652072656E616D65206661696C0B
:10B050006564290A00004F4B0A005553455244418C
:10B060005441202020000000000000000000757303
:10B070006167653A2072756E203C706174683E208D
:10B080005B265D202020652E672E2072756E204184
:10B090003A48454C4C4F2E434F4D0A0072756E3A5C
:10B0A0002063616E6E6F7420657865630000727551
:10B0B0006E3A2077616974206661696C656400008E
:10B0C0006578697420006267200075736167653A6E
:10B0D000206370203C7372633E203C6473743E2096
:10B0E0002020652E672E20637020413A48492E4368
:10B0F0004F4D20423A48492E434F4D202063702047
:10B100002A2E434F4D20423A0A0063703A20736F53
:10B110007572636520616E642064657374696E6125
:10B1200074696F6E20617265207468652073616D4B
:10B13000650A000063703A2064657374696E617417
:10B14000696F6E206578697374730A007061746842
:10B1500020746F6F206C6F6E670A000063703A2076
:10B160007772697465206572726F72004F4B0A00C6
:10B1700075736167653A20726D203C706174683E3A
:10B180002020202020652E672E20726D20423A4814
:10B19000454C4C4F2E434F4D2020726D202A2E548B
:10B1A0004D500A00726D3A206661696C656400005A
:10B1B00075736167653A206D6B646972203C7061DC
:10B1C00074683E2020202020652E672E206D6B6441
:10B1D000697220423A53545546460A006D6B6469C1
:10B1E000723A206661696C65640063643A206E6F30
:10B1F000742061206469726563746F72790A00005B
:10B2000063643A206661696C656400007077643A33
:10B21000206661696C65640075736167653A2072C8
:10B220006D646972203C706174683E20202020208B
:10B23000652E672E20726D64697220423A53545510
:10B2400046460A00726D6469723A206661696C65EF
:10B2500064006E6F206D6174636865730A00746FBB
:10B260006F206D616E79206D6174636865733B203A
:10B27000726566696E65207061747465726E0A002D
:10B280002072656D6F7665640A0064657374696E1B
:10B290006174696F6E2063616E6E6F7420636F6E90
:10B2A0007461696E2077696C6463617264730A000B
:10B2B00064657374696E6174696F6E206973206E62
:10B2C0006F742061206469726563746F72790A001B
:10B2D00064657374696E6174696F6E206469726508
:10B2E00063746F7279206E6F7420666F756E640080
:10B2F00062616420736F757263652064697265634F
:10B30000746F72790000202D3E2000007573616714
:10B31000653A206D76203C7372633E203C64737402
:10B320003E202020652E672E206D7620423A4F4C1D
:10B33000442E54585420423A4E45572E54585420C7
:10B34000206D76202A2E54585420433A0A006D76F8
:10B350003A206661696C656400006D763A20646528
:10B360007374696E6174696F6E2065786973747344
:10B370000A006D763A20636F7079204F4B2062751A
:10B380007420756E6C696E6B206661696C65640013
:10B390006D6F7665642028736F75726365207265C2
:10B3A00061642D6F6E6C792C206C65667420696EFB
:10B3B00020706C616365290A00002028736F757224
:10B3C000636520726561642D6F6E6C792C206C65ED
:10B3D000667420696E20706C616365290A0075735C
:10B3E0006167653A206C6F6164203C6E616D653EFB
:10B3F000205B2D665D20202072656164732066727B
:10B400006F6D20686F7374206C6F61642F20666F9E
:10B410006C6465720A006C6F61643A2064657374D1
:10B42000696E6174696F6E20657869737473202822
:10B43000757365202D6620746F206F766572777244
:10B44000697465290A006C6F61643A2063616E6EED
:10B450006F74206F70656E20686F73742066696CFE
:10B4600065006C6F61643A2063616E6E6F74206377
:10B4700072656174652064657374696E6174696F67
:10B480006E006C6F61643A20686F7374207265613E
:10B4900064206572726F72006C6F61643A2077721B
:10B4A000697465206572726F72006C6F61643A2016
:10B4B00073686F72742077726974650A00006C6F2C
:10B4C0006164656420006C6F61643A2073686F7218
:10B4D0007420636F7079202D2077726F746520005F
:10B4E000206F662000002062797465730A006C6F1B
:10B4F00061643A2077726F7465200000207468657B
:10B500006E206661696C65643A0A0000766F6C00B3
:10B510006C73000063617400666F726D617400008B
:10B5200072756E0063700000726D00006D6B64696F
:10B5300072006364000070776400726D6469720069
:10B5400061737369676E00002D3E2000202020206B
:10B55000202020202020202000005B64656C657482
:10B5600065645D0A00004F4B0A0061737369676E82
:10B570003A206661696C656400000A006D7600001F
:10B580006C6F6164000006340632201800000098D9
:10B59000A4A080180000063A063C04F606342018E1
:10B5A00000000098B4A080180000063C04F664284F
:10B5B0002A2A009A323A0A2A025046284050608AC3
:10B5C00014004084008A0E0000C22000009AA04CA3
:10B5D0004154008EECFF04F6063401120084008A08
:10B5E00006002116008EF2FF063C04F606342630D3
:10B5F00024282084008A220001120084008A080086
:10B6000021162154008EEAFF2084008A0C0000C21B
:10B61000200021162154008EEEFF2638063C04F649
:10B6200006342630242801120084008A0E002116D8
:10B630002084008AF0FF2154008EEAFF2084008AD3
:10B640000C0000C2200021162154008EEEFF263887
:10B65000063C04F606EE3688362BA0C2508106C69C
:10B66000368800464100009AA04C00C23A00009A79
:10B67000A04C00C22000009AA04C009AA04C009A56
:10B68000A04C009AA04C009AA04C06C6368888F0C0
:10B69000408AEE0006EE628826EE648846EE6688F2
:10B6A00046C63688F20CE00CE00C4046600200C151
:10B6B0008428804622002BC0011221162154208AA2
:10B6C000F6FF00C22000009AA04C06C6368849C08A
:10B6D000009A8E3C06C6648826C66688009800A03C
:10B6E00049C006C6648826C66288025026C6668897
:10B6F000009800A049C0009A445006C6628826C639
:10B700006688009800A049C0009A445006C6648824
:10B7100026C66288025020C26400009800A046C677
:10B720006488009810A006300634162B80C2C081B1
:10B7300064A60098A4A06028063C263843C0465062
:10B74000708800C220004084088821164154008E71
:10B75000F4FF0634162B80C2C08160840A8801126F
:10B7600021166154008EF2FF063C00C22500009AAB
:10B77000A04C0AC0009AA04C00C0009AA04C008EB9
:10B78000560006C636880284608A36000254863423
:10B79000162B80C2FE44009818A2863C408A2200E4
:10B7A000162B80C25C33009A843A162B80C2FE446A
:10B7B000009A843A162B80C26C33009A843A008E29
:10B7C0000A00162B80C24E33009A843A0AC0009AAF
:10B7D000A04C00C0009AA04C162B80C2508118F0DB
:10B7E00004F64630602840C2200080C2CE0500C169
:10B7F00000A80066FF00008A14008EA62084208A1C
:10B800000C008CAE2066FF002680008A2000804657
:10B8100010004154208AD8FF26382084008A0C006A
:10B8200000C2200021162154008EEEFF04F62638B7
:10B8300040C06BC001120066FF00008A0A0021169A
:10B8400041446154208AECFF00C23A002116414471
:10B850004280408AD6FF00C2200021164144008E5B
:10B86000EEFF162B80C27284009800A2408AC200AC
:10B8700000C2728406EE3A88162B06C63A888028E3
:10B8800000A80084008AA200362BA0C2508100C20A
:10B890002000009AA04C00C22000009AA04C60C07A
:10B8A00000A80084008A0A00211601046144008E69
:10B8B000EEFF010401130104082A06EE3A887084A1
:10B8C0004E8800C22000009AA04C6144008EEEFF1A
:10B8D0004086FF00008A3A0000C25B00009AA04C3C
:10B8E00000C26F00009AA04C00C26E00009AA04CEB
:10B8F00000C22000009AA04C042800464300009A91
:10B90000A04C00C23A00009AA04C00C25D00009A10
:10B91000A04C0AC0009AA04C00C0009AA04C162B64
:10B9200080C2508118F0008E4EFF009AE04F008ECA
:10B9300084C4162B80C2024018F0008E78C44018D0
:10B940000000009880A00104009A7C54408A6C009A
:10B9500000A80086200026880104008EF2FF0084E3
:10B96000008A58000066FF00008661006A88008631
:10B97000670044880056200000864300608A480023
:10B9800000864700408A40000056410006EE368897
:10B990002018000006C6368800560200009804A24F
:10B9A000408A300006C63688009818A0408A3000C9
:10B9B000162B80C2FE3F18F0008EFAC3162B80C2F1
:10B9C000284018F0008EEEC3162B80C2544018F0A9
:10B9D000008EE2C3162B80C2684018F0008ED6C3DA
:10B9E000162B80C2964018F0008ECAC34018000083
:10B9F000009880A0010400A8008620002688010489
:10BA0000008EF2FF0084008A5C000066FF00008662
:10BA100061006A880086670044880056200000861E
:10BA20004300608A4C0000864700408A440000566C
:10BA3000410006EE36882028F20AE00AE00A204695
:10BA4000600200C1822840C000D706C63688005672
:10BA50000200009808A2408A2400162B80C2FE3FF4
:10BA600018F0008E50C3162B80C2D44018F0008E00
:10BA700044C3162B80C2544018F0008E38C3162BD6
:10BA800080C2004118F0008E2CC3401800000098BE
:10BA900080A00104009A7C54408A440000A80086DB
:10BAA000200026880104008EF2FF0084008A300006
:10BAB0000098ACA0408A340000864000608A3800BC
:10BAC00006EE38882018000006C6388800980CA2B8
:10BAD000408A3000162B80C2FE3F18F0008ED6C27E
:10BAE000162B80C2224118F0008ECAC2162B80C2CB
:10BAF000544118F0008EBEC2162B80C26E4118F061
:10BB0000008EB2C2162B80C2924118F0008EA6C2DF
:10BB100040180000009880A00104009A7C54408ADC
:10BB2000180020180000009810A2408A1800162B58
:10BB300080C2FE3F18F0008E7CC2162B80C2BC4132
:10BB400018F0008E70C2162B80C2D24118F0008E01
:10BB500064C24F4B0A0028686F7374206469736B6A
:10BB600020636F6E74726F6C6C6572206E6F7420E0
:10BB7000617661696C61626C65290A007573616741
:10BB8000653A206D6F756E74203C6E616D653E2068
:10BB90003C64726976653E202020202064726976BC
:10BBA000653D432E2E460A006472697665206D75E8
:10BBB000737420626520432E2E460A006D6F756EE9
:10BBC000743A206661696C6564202866696C65203A
:10BBD0006D697373696E67206F7220626179206985
:10BBE0006E207573653F290A00006D6F756E743A9B
:10BBF00020626F756E642C20647269766520756EA4
:10BC0000666F726D61747465642028757365202792
:10BC1000666F726D61742720746F20696E69746934
:10BC2000616C697365290A0075736167653A2075EF
:10BC30006E6D6F756E74203C64726976653E20206F
:10BC4000202020202020202064726976653D432E2C
:10BC50002E460A00756E6D6F756E743A20666169C6
:10BC60006C656420286261792077617320656D704E
:10BC700074793F290A0075736167653A206D6B64BA
:10BC800069736B203C6E616D653E203C7365637427
:10BC90006F72733E202028736563746F7273203E49
:10BCA0003D203634290A00006D6B6469736B3A20BD
:10BCB00062616420736563746F7220636F756E7464
:10BCC0000A006D6B6469736B3A206D696E696D75FE
:10BCD0006D20363420736563746F7273202833329D
:10BCE000204B42290A006D6B6469736B3A206661D0
:10BCF000696C656420286E616D6520696E207573BE
:10BD0000652C20626164206E616D653F290A000028
:10BD100075736167653A20726D6469736B203C6E60
:10BD2000616D653E0A00726D6469736B3A206661ED
:10BD3000696C656420287374696C6C206D6F756E16
:10BD40007465642C206D697373696E673F290A00FE
:10BD500040180000009880A0010400A80086200080
:10BD600026880104008EF2FF0084008ADE0000664F
:10BD7000FF00008661006A880086670044880056DC
:10BD8000200000864300608ACE0000864700408A7B
:10BD9000C6000056410006EE3688010400A8008661
:10BDA0003A002288010400A80086200026880104A9
:10BDB000008EF2FF0084008A9200362BA0C2FE445F
:10BDC0002FC02084008A4E0000A80084008A5600FC
:10BDD00000862000008A4E00008661006A88008686
:10BDE0007B0044880056200000865F001E88008685
:10BDF0003000608A6E0000863A007088008641003C
:10BE0000608A600000865B00408A580021160104A9
:10BE10002154008EACFF00A800840A880086200010
:10BE20000488008E3E0000C020D006C6368800562A
:10BE30000200162B80C2FE44009814A2408A3000F3
:10BE4000162B80C2FE3F18F0008E6ABF162B80C2F0
:10BE5000044418F0008E5EBF162B80C2324418F0E6
:10BE6000008E52BF162B80C2524418F0008E46BF7F
:10BE7000162B80C27E4418F0008E3ABF4018000096
:10BE8000009880A0010400A80086200026880104F4
:10BE9000008EF2FF0084008A98000066FF00008692
:10BEA00061006A880086670044880056200000868A
:10BEB0004300608A880000864700408A8000005660
:10BEC000410006EE368806C6368800560200162B5C
:10BED00080C2FE44009818A2408A6E0006C63688CA
:10BEE0002028F20AE00AE00A2046600200C1822807
:10BEF00040C000D706C6368800560200009808A247
:10BF0000408A4600162B80C2FE4406C6368800567C
:10BF10000200009804A2408A300006C636880098C5
:10BF200018A0408A2400162B80C2FE3F18F0008E15
:10BF300084BE162B80C2A84418F0008E78BE162B43
:10BF400080C2CE4418F0008E6CBE162B80C2EE4428
:10BF5000009A2A4D008E5EBE75736167653A207245
:10BF6000656E616D65203C64726976653E203C6E4D
:10BF700065776E616D653E20202064726976653D4F
:10BF8000432E2E460A0072656E616D653A2062612D
:10BF9000642064726976652028432E2E46206F6ED9
:10BFA0006C79290A000072656E616D653A206261E4
:10BFB00064206E616D65202875736520412E2E5AB0
:10BFC0002C20302E2E392C205F206F6E6C79290AA0
:10BFD000000072656E616D653A206661696C65642A
:10BFE00020286E616D6520696E207573652C206256
:10BFF000617920656D7074793F290A0075736167F6
:10C00000653A2072656D6F756E74203C6472697656
:10C01000653E20202064726976653D432E2E460AD7
:10C02000000072656D6F756E743A20626164206401
:10C03000726976652028432E2E46206F6E6C792912
:10C040000A0072656D6F756E743A206661696C6581
:10C05000640000000000000000000000000000007C
:10C0600000006469736B73006D6F756E7400756E9C
:10C070006D6F756E74006D6B6469736B0000726D2B
:10C080006469736B000072656E616D6500007265B6
:10C090006D6F756E74002630463022F0162B80C20C
:10C0A000204718F0162B80C2344718F0009ADA4661
:10C0B000162B80C2524718F0009A00470AC014F0AD
:10C0C000162B80C2544718F0162B80C28A4718F0EE
:10C0D0000AC014F0162B80C2C64718F010C61C0206
:10C0E000EE08008601000888162B80C2EC47068CFB
:10C0F000162B80C2D24718F0162B80C2004818F0C9
:10C10000162B80C2224818F010C62C021EF0162BE7
:10C1100080C2384818F010C62A021EF0162B80C2C2
:10C12000484818F0162B80C2544818F040C28008C6
:10C1300020C040868027408A180000C184280AA6B3
:10C14000EE08008603002288214440468000008ECD
:10C15000E0FF02281EF0162B80C2604818F010C6BF
:10C160003002EE080056020001441EF0162B80C279
:10C170006A4818F010C63002EE08009AA046162B46
:10C1800080C27E4818F0162B80C2824818F040C248
:10C19000800820C040868027408A180000C184287B
:10C1A0000AA6EE080086030002882144404680006B
:10C1B000008EE0FF02281EF0162B80C28E4818F079
:10C1C00010C63002EE080056020001441EF0162B85
:10C1D00080C2944818F0162B80C2A64818F0009A26
:10C1E00010470AC014F0162B80C2F64818F04638E3
:10C1F000263804F62630463040282428F00A2F64DA
:10C200002A84668820463700048C204630000228A5
:10C2100014F024282F642A84668820463700048C72
:10C2200020463000022814F04638263804F610C69E
:10C2300000A3EC081EF000C22E0014F010C600A3EC
:10C24000EE080A844A88063000C2300014F006382E
:10C250001EF004F610C60AA3002910C608A3802801
:10C2600018F004F610C60EA3002910C60CA38028EF
:10C2700018F004F6205F2020202020205F5F5F5F01
:10C280005F20205F5F5F0A007C207C5F5F20202FA3
:10C29000202F205F205C2F205F5F7C2020206B2FD1
:10C2A0004F532020760020007C202F202F202F208D
:10C2B0002F20285F29205C5F5F205C2020204D75A7
:10C2C0006C74697461736B696E67204F706572611D
:10C2D00074696E672053797374656D0A00007C5F22
:10C2E0005C5F5C2F5F2F205C5F5F5F2F7C5F5F5F19
:10C2F0002F2020204B3136204350552050726F6A3A
:10C3000065637420286329203230323620506175ED
:10C310006C204265726765720A00486F73743A2038
:10C320002020202000004469676974616C20286423
:10C33000756D622D5454592C20324D42290A00004B
:10C34000454D55202856543130302C2031364D4241
:10C35000290A00004B65726E656C3A2020205061FE
:10C360006765202430302C20737461636B20244671
:10C370004646450A0000486561703A20202020208A
:10C3800050616765202430312C20000020627974D0
:10C390006573206672656520696E2000207265678E
:10C3A000696F6E2873290A0050616765733A20200F
:10C3B000202000002066726565206F6620002075D1
:10C3C00073657220706167657320282430322E2EC9
:10C3D0002400290A00005461736B733A2020202046
:10C3E0000000206F66200000207573657220282BE6
:10C3F00020312069646C65290A004275696C743AC1
:10C40000202020200000323032362D30382D3039B7
:10C410002031323A31393A3037004A616E00466590
:10C4200062004D617200417072004D6179004A7581
:10C430006E004A756C0041756700536570004F636C
:10C4400074004E6F7600446563002D2D2D2D2D2D2B
:10C450002D2D2D2D2D2D2D2D2D2D2D2D2D2D2D2D0C
:10C460002D2D2D2D2D2D2D2D2D2D2D2D2D2D2D2DFC
:10C470002D2D2D2D2D2D2D2D2D2D2D2D2D2D2D2DEC
:10C480002D2D2D2D0A0006C6828800860400608AA4
:10C49000080000C2FCFFA1C104F601C078F0408A88
:10C4A0003000402806C682880040162B80C288884B
:10C4B000804000C906C682880040162B80C2928840
:10C4C000804080C906C68288014406EE8288A0C1E9
:10C4D00004F6A1C104F606C682880084008A84019D
:10C4E000362BA0C2008160C0009A3C4B408A1E00DF
:10C4F0000D84008AF2FF00860A00008A2C00608604
:10C500004F00408AE2FF21166144008EDAFF60840A
:10C51000208A1600009A6A4B06C682880084208A08
:10C52000B4FF009AEA4B008EACFF00C020D0162B5F
:10C5300080C2008100A80066FF0000862000008AFB
:10C54000080000860900208A06000104008EE4FF2E
:10C550000084008A80FF00863B00008A78FF302B31
:10C56000A82AA0A82066FF00206E20002086650073
:10C57000208AAE002104A0A82066FF00206E2000C3
:10C5800020866300208A9A002104A0A82066FF006C
:10C59000206E200020866800208A86002104A0A842
:10C5A0002066FF00206E200020866F00208A720027
:10C5B0002104A0A82066FF0020862000008A080031
:10C5C00020860900208A5A002104A0A82066FF00C6
:10C5D00020862000008AF0FF20860900008AE8FFFC
:10C5E00020862D00208A3A002104A0A82066FF00A2
:10C5F000206E200020866200008A0E0020867600D1
:10C60000208A1E0020C0008E020021C006C682883B
:10C6100001540040162B80C29288804080C8008E52
:10C62000B4FE009AA04D162B80C2008118F0009A2B
:10C63000284B00660100008A1200162B80C2464C6F
:10C6400018F02EF006EE9088008E0A0000C006EE6C
:10C6500090880AC014F0162B80C20081009880A038
:10C66000A0C104F6A1C104F606C6828801540040A8
:10C67000162B80C28888804000A104F606C68288F6
:10C6800001540040162B80C29288804000A004F61E
:10C69000009A144B042821C0162B80C284887CF099
:10C6A000408A16000084008A1000162B80C28488FD
:10C6B00000A80066FF00A0C104F6A1C104F6009A1C
:10C6C000144B04287AF006C68288015406EE82884C
:10C6D00004F680180000A0A82066FF002084008ACD
:10C6E00006002104008EEEFF2A2A082A2050248406
:10C6F000608A4600245480180000A240A0A820862A
:10C700002E00208A34002104A0A8206E200020865C
:10C710006B00208A24002104A0A8206E200020861F
:10C720007300208A14002104A0A8206E2000208617
:10C730006800208A0400A0C104F6A1C104F606C660
:10C7400086880084008A44000484408A3800402897
:10C75000014406EE86884154162B80C23A4C20C014
:10C7600060C0009A3249408AD4FF00C25B0014F0D6
:10C7700006C6868802540046410014F0162B80C27B
:10C780004C4C18F004F600C006EE868804F65354AC
:10C7900041525455502E4B534800202D3E2000004E
:10C7A0003A535441525455502E4B53485D0A0000A1
:10C7B00026302028F0080F640A8466880046370077
:10C7C000048C00463000211602280F640A84668813
:10C7D00000463700048C004630002116263804F647
:10C7E00046304028EA08009A5C4C0428009A5C4CC9
:10C7F000463804F6211604F686348018000020A975
:10C800004086200026882104008EF2FF20180000B8
:10C810000098B0A0408A3E00A24020A940863A007D
:10C82000108820280628EE0820180000A0C1008EDD
:10C83000260021042018000006300098B0A0408A8D
:10C840001200A24020280638EE0820180000A0C1DF
:10C85000008E04004638A1C1863C04F62028162B21
:10C8600080C2925800A000841088028006880404C8
:10C87000008EF0FF02A6802804F680C004F6463041
:10C880006630402818F00428009A084D682A362B94
:10C89000A0C2508100C22000009AA04C00C25B00E0
:10C8A000009AA04C60840A88162B8628009A843A45
:10C8B0000A8C162B80C22A5A009A843A00C22000A1
:10C8C000009AA04C00C22400009AA04C0428009AB0
:10C8D0008C4C00C25D00009AA04C0AC0009AA04C8B
:10C8E00000C0009AA04C162B80C2508118F0663808
:10C8F000463804F62EF00084008A2E0026C6908862
:10C900000280208A1A00463044C008C014F000C2D9
:10C91000200014F008C014F04154208AECFF46387F
:10C9200000C006EE90880AC014F0162B80C200806A
:10C9300000A800864100608A120000864700408AF5
:10C940000A000056410000981CA06C8800C24200FA
:10C95000162B80C2008000D0162B80C2008000A859
:10C9600000564100362BA0C20280A0A0162B80C228
:10C9700050818EF0408A2600162B80C2508100988C
:10C9800080A000C22400011600C22000011600C0D1
:10C9900000D0162B80C25081009A7A4E04F6162BD6
:10C9A00080C2008000A8362BA0C25081211600C290
:10C9B0003A00211600C22400211600C220002116D0
:10C9C00000C020D0162B80C2508118F004F6082A2F
:10C9D00006EE0C8800C2FFFF06EE108800C006EECF
:10C9E0000E8806EE128866C6128860862000408A8D
:10C9F0009C000628F2080046CE05A02820C120A8E9
:10CA00000066FF00008A78002EA60084008A70006D
:10CA10002CAE0066FF00AEA6162B80C270828EF090
:10CA2000408A5C0080C27082162B06C60C88C02823
:10CA3000562B40C000A80066FF00008A1600C0A860
:10CA40002066FF000280208A360001044104414430
:10CA5000008EE0FFC0A82066FF0020862F00008A1D
:10CA6000080020862E00408A160006C60E88048024
:10CA7000408A0C0046EE0E8866C6128866EE108864
:10CA800066C61288614466EE1288008E58FF06C69C
:10CA900010880086FFFF008A3600F2080046CE05A7
:10CAA000802800C118F0162B80C2DC4F18F006C693
:10CAB0000C8826C60E8802408028162B80A8206687
:10CAC000FF0020862F00208A0200010418F004F6DF
:10CAD00006C60C888028162B00A80066FF000056AA
:10CAE00041006028063440C22000A0C2CE0520C10B
:10CAF00020A80066FF00008A1400AEA62084208AC9
:10CB00000C00ACAE2066FF002680008A1000A04614
:10CB100010004154208AD8FF063C18F004F600C0EB
:10CB200000290A2A802818F0063C010418F004F6AF
:10CB30003A000A00162B80C2DE4F18F004F6228459
:10CB4000608A160001120084088821162154008E84
:10CB5000ECFF00C020D0A0C104F600C020D000C26D
:10CB60000480A1C104F64630402840841288228403
:10CB7000608A16000112211641542154008EEAFFEA
:10CB800000C020D04638A0C104F600C020D04638EE
:10CB900000C20480A1C104F646300098B8A0063453
:10CBA000162B80C2C081263046300098A4A046389B
:10CBB00026384084008A42004184608A1C0000C2FA
:10CBC0002E00011646300228009804A000463000CE
:10CBD0000116204630008116463841840A88428476
:10CBE0000C8800C247000A8C00C24B00048C00C2B3
:10CBF0004D00011600C242000116082A0056C081ED
:10CC0000063C463840841C8864286050448860C0D4
:10CC1000042840C220006084088821176154008ED7
:10CC2000F4FF008C0634162B80C2C08100840A8871
:10CC3000011321170154008EF2FF063C04F6006632
:10CC4000FF00008661006A8800867B0044880056E9
:10CC5000200004F6162B362B40C2FFFFA0A820664A
:10CC6000FF002084008A6A0000A80066FF0000869A
:10CC70003F00288801042104008EE0FF00862A007E
:10CC80002A880104482A6A2A008ED0FF463000868E
:10CC900061006A8800867B00448800562000208658
:10CCA00061006A8820867B00448820562000463830
:10CCB0000280288801042104008EA0FF4086FFFF27
:10CCC000008A2A008428162B6144A628362B008E61
:10CCD0008AFF00A80066FF0000862A00268801045B
:10CCE000008EEEFF00840288048CA0C104F6A1C16E
:10CCF00004F6162B00A80066FF0000841688008644
:10CD00002A000C8800863F0006880104008EE4FF9C
:10CD1000A0C104F6A1C104F6482A46EE7888162B75
:10CD200060C000A80066FF000084008A180000862A
:10CD30002F00068800863A002688682A64506144DD
:10CD40000104008EDCFF66EE7A886084008A480069
:10CD500006C67888162B8028362BA0C2208206288B
:10CD600020C25000009A1250408A5600362BA0C2B2
:10CD7000008020A80066FF000056410026C6028001
:10CD8000162B80C220828CF0408A3600406610004C
:10CD9000008A2A00008E1400362BA0C2008020A832
:10CDA0000066FF000056410026C6028046C67A880B
:10CDB00066C678886440362BA628A0C104F600C257
:10CDC000DCFFA1C104F6162B80288046200000A8B5
:10CDD0000066FF0000840488082A04F6082A00562A
:10CDE000200004F6063026304630162B8028362BDD
:10CDF000A428009A005178884638263806382480BE
:10CE00001888162B8028362BA228009A005104F689
:10CE1000463826380638A0C104F6A1C104F6F20847
:10CE2000E008602806C67088604004F606EE688850
:10CE30000A2A06EE728846EE6E8800C006EE6A8800
:10CE400006EE6C8806C6688826C66A8846C6768856
:10CE5000162B80C2B28780F0408A9A00162B80C2BF
:10CE6000BE8700A800661800208A7C0000C2B28736
:10CE7000009A725206EE8088402820C2B28706C609
:10CE80007288009A9052408A5E0006C66C8826C658
:10CE90006E880280408A6600009ACA5206C6808860
:10CEA000162B8028362BA6280086B28716885FC0EE
:10CEB00001120084008A220021164154208AF0FFCA
:10CEC000008E16004DC0011200840E8800862000DE
:10CED000088821164154208AECFF00C020D006C6E5
:10CEE0006C88014406EE6C8806C66A88014406EE2A
:10CEF0006A88008E4EFF06C66C88A0C104F606C67E
:10CF00006E88A1C104F6362BA0C2008020A800566E
:10CF1000410006EE4C88A0C2028020A006EE4A889E
:10CF200004F606C642888028162B06C64C8826C6FC
:10CF30004A888CF0408A880040661000008A800091
:10CF4000162B06C642888028362BA0C2208260C0DD
:10CF500020C250002284608A6A00011200840A887C
:10CF6000211660282154008EEAFF60862F00148865
:10CF700060863A000E882284608A480000C22F0032
:10CF80002116215406C6408840288028162B00A868
:10CF90000084188800862F00088800863A000288DE
:10CFA000048C482A41440104008EE2FF162B842899
:10CFB000009AEA4F408A100000C2208206EE4288A2
:10CFC000A0C104F600C020D000C20480A1C104F6B4
:10CFD000362B00A80066FF000084008A1600008639
:10CFE0002000008A080000860900208A0A00010447
:10CFF000008EDEFFA1C104F600862200008A3E00FA
:10D0000080180000482A00A80066FF000084008AFB
:10D01000240000862000008A0E0000860900008A95
:10D0200006000104008EDEFF00C000D0082A045074
:10D030000104A0C104F6082A0450A0C104F60104AA
:10D0400080180000482A00A80066FF000084008ABB
:10D050001C0000862200008A06000104008EE6FF04
:10D0600000C000D0082A04500104A0C104F6082A18
:10D070000450A0C104F6362BA0C20688A0C900C087
:10D08000362BA0C29A8820C88018000020A800660D
:10D09000FF000084008A6C0000862000008A0600E1
:10D0A0002104008EE6FF00C020D0210420A80066E5
:10D0B000FF0000862000208A06002104008EECFF7D
:10D0C0000084008A3E002A2A20A80066FF0000840F
:10D0D000008A06002104008EEEFF21060A2A028043
:10D0E000608A160020A80066FF0000862000208AC3
:10D0F000080000C020D0008EE0FF0228362BA0C21E
:10D100009A8820C880180000162B80C25081009891
:10D1100084A0162B80C25081009A7E4B408A60000A
:10D1200060C0362BA0C29A8820A00084008A3200FA
:10D13000362BA02820A80066FF000084008A220069
:10D14000210400862D00208AEAFF20A80066FF0047
:10D1500000866200008A080000864200208AD4FF10
:10D1600061C0362BA0C2008020A940564100A0C259
:10D170000280A0A0162B80C25081009A324904F68A
:10D1800060C0162B80C25081362BA0C2008020A91F
:10D1900040564100A0C20280A0A0362BA0C2068843
:10D1A00020A00084248802C0028C00C06630362B88
:10D1B000A0C29A88A0A16084008A0800006E0400C2
:10D1C000362BA62866383EF0608A92000086E4FF7F
:10D1D000208A74006084208A6E00162B80C25081E1
:10D1E000009880A00484608A48000454362BA0C2B2
:10D1F0005081A040A0A820862E00208A340021045F
:10D20000A0A8206E200020866300208A240021042C
:10D21000A0A8206E200020866F00208A1400210420
:10D22000A0A8206E200020866D00208A0400008EB9
:10D230001600162B80C25081362BA0C2C057009812
:10D240008CA061C0008E3AFFA1C104F6162B80C2EB
:10D250005A35009A2A4DA0C104F6A0C104F6402810
:10D26000362BA0C20688A0A16084208A680004280A
:10D270003CF06C880086DAFF008ADEFF008ECCFF6F
:10D280004028362BA0C2508100C25B00009AA04CFF
:10D29000162B80C26C35009A843A0428009A084DF7
:10D2A000082A0084008A0800009A843A008E06004A
:10D2B0000428009A323A00C25D00009AA04C0AC0CD
:10D2C000009AA04C00C0009AA04C162B80C250813E
:10D2D00018F0A0C104F6362BA0C2508100C25B003A
:10D2E000009AA04C162B80C27235009A843A04280A
:10D2F000009A323A00C25D00009AA04C0AC0009A1F
:10D30000A04C00C0009AA04C162B80C2508118F08F
:10D31000A0C104F62E636F6D0000F60E01005E0FD3
:10D320000200C4170300640F06006A0F0700700FA5
:10D330000800760F0900481A0B004E1A0C00C81797
:10D340000D00CE170E00B8390F00BC391000C039DF
:10D350001100C4391200CC3913000E4514001445D5
:10D3600015001A451600224517002A4518003245B7
:10D370001900D0391A00D4391B00283A1C003A454C
:10D380001D002C3A1E00D4171F00D8392000DE39AA
:10D390002100E2392200E6392300DA172400EC39B3
:10D3A0002500000000006B2F4F53207368656C6CE4
:10D3B0000A006B6F73682076312E30320000202D0A
:10D3C0002074797065202768656C70270A0A000050
:10D3D0003F0A000063643A2063616E6E6F742073CD
:10D3E000776974636800FFFFFA58FEFF0659FDFF76
:10D3F0001659FCFF2259FBFF2C59FAFF3859F9FF47
:10D400004459F8FF5059F7FF5E59F6FF6C59F5FF84
:10D410007659E7FF8059E6FF8A59E5FF9459E4FF02
:10D42000A059E3FFAE59E2FFBA59E1FFC859E0FF46
:10D43000D459DFFFDC59DEFFEA59DDFFF659DCFF86
:10D44000025ADBFF0E5AD8FF1C5A0000000045525A
:10D45000525F42414443414C4C004552525F425559
:10D46000464645525F46554C4C004552525F494E28
:10D4700056414C4944004552525F4E4F4D454D0078
:10D480004552525F4E4F534C4F5453004552525FDA
:10D49000544F4F42494700004552525F4241444178
:10D4A000524700004552525F4E4F544348494C4446
:10D4B00000004552525F444541444C4F434B0000ED
:10D4C0004552525F5045524D00004552525F425501
:10D4D000535900004552525F4E4F4644000045529A
:10D4E000525F4241444644004552525F42414450DB
:10D4F000415448004552525F4E4F54464F554E449A
:10D5000000004552525F455849535453000045525C
:10D51000525F524541444F4E4C5900004552525FB4
:10D520004E4F5350414345004552525F494F000012
:10D530004552525F424144445249564500004552CB
:10D54000525F4E4F4D4F524500004552525F4E4F75
:10D550005445584543004552525F4E4F544449523A
:10D5600000004552525F4E4F54454D5054590000F3
:10D570004552525F4241444845414445520045525C
:0AD58000525F554E4B4E4F574E00C0
:00000001FF
